user_id,age,education_level,employment_status,monthly_income,city_tier,applicant_id,months_at_job,housing,rent_on_time_months,digital_payment_rate,education,monthly_spend,essential_pct,cashflow_volatility,savings_days,on_time_rate,dti,credit_util,delinq_90plus,delinq_60plus,delinq_30plus,positive_habits,risk_flags,match_cost,risk_index,borrower_outcome,target_class
USR_001,23,Master's,Employed,1540.0,1,8a0d6320-e982-445b-afa8-bb9e0054aca9,35,none,0,0.62,master,477.0,0.47,0.2,180,0.61,0.52,0.23,0,0,0,0,0,0.5,0.354,0,Successful Borrower
USR_002,22,High School,Employed,8232.0,2,111ff86d-d582-4503-baac-78ebb7932c94,30,owner,0,0.71,none,1811.0,0.32,0.18,30,0.61,0.41,0.71,0,0,0,3,0,0.0,0.4435,1,Defaulted
USR_003,26,Bachelor's,Self-Employed,4179.0,1,7c627e33-83a1-47ed-9f82-5cc5098adc8b,11,rent,18,0.6900000000000001,bachelor,3301.0,0.44,0.25,15,0.68,0.32,0.13,0,0,0,1,1,0.0351,0.2619999999999999,0,Successful Borrower
USR_004,25,PhD,Employed,11068.0,1,5a62e11b-2852-4cce-a706-45dc8621733c,27,rent,17,0.48,phd,8743.0,0.3,0.15,30,0.5700000000000001,0.7000000000000001,0.48,0,0,0,2,3,0.005,0.468,1,Defaulted
USR_005,22,Master's,Self-Employed,4322.0,3,89f14918-71e6-43df-985d-06a6a87fde02,15,none,0,0.75,master,2766.0,0.8,0.25,15,0.76,0.17,0.47,0,0,0,1,0,0.0,0.2815,1,Defaulted
USR_006,21,Master's,Employed,1567.0,3,33d6b56a-f5ed-4c1d-b44e-51245c8c07a4,24,none,0,0.91,master,658.0,0.32,0.26,15,0.7000000000000001,0.67,0.08,0,0,1,1,2,0.2,0.3314999999999999,0,Successful Borrower
USR_007,21,Master's,Employed,5912.0,3,f4bf2d55-a2a2-4722-9ba4-07eb9937e2b0,32,none,0,0.5700000000000001,master,1418.0,0.56,0.13,180,0.56,0.49,0.73,0,0,0,1,2,0.0,0.4785,1,Defaulted
USR_008,23,Diploma,Student,3411.0,3,a2b042c5-1053-45e1-b1c8-7afe904f2d7b,40,rent,22,0.51,cert,1023.0,0.8200000000000001,0.11,180,0.6000000000000001,0.21,0.43,0,0,0,3,1,0.201,0.3164999999999999,0,Successful Borrower
USR_009,25,Bachelor's,Employed,5750.0,2,1aaab24a-21a1-4451-a9a8-a1eef5fa5a66,46,owner,0,0.76,bachelor,4772.0,0.52,0.23,360,0.87,0.45,0.15,0,0,0,3,2,0.001,0.23,1,Defaulted
USR_010,24,High School,Student,3646.0,1,7c46b087-29af-4065-939d-9847c6bf53ab,48,owner,0,0.44,highschool,3099.0,0.54,0.22,15,0.56,0.49,0.64,0,0,1,0,1,0.201,0.4695,1,Defaulted
USR_011,22,High School,Employed,7796.0,2,d2fbf766-8ca8-4afb-8697-7d7859c962b1,14,rent,2,0.73,none,6626.0,0.52,0.2,60,0.87,0.47,0.76,0,0,0,1,2,0.001,0.383,1,Defaulted
USR_012,21,High School,Employed,8370.0,1,1618cce9-a224-4823-bcdc-76a3b1895274,11,owner,0,0.6900000000000001,none,3013.0,0.44,0.28,90,0.67,0.1,0.3,0,0,0,0,3,0.004,0.2574999999999999,0,Successful Borrower
USR_013,26,Diploma,Student,3619.0,3,2c0038c9-c845-45b3-9b03-950e024e470d,32,owner,0,0.64,cert,3184.0,0.58,0.17,45,0.75,0.07,0.13,0,0,0,3,0,0.201,0.163,0,Successful Borrower
USR_014,26,Bachelor's,Employed,11077.0,3,498d23af-1d30-49e7-818b-7c68a7565193,15,none,0,0.6900000000000001,bachelor,5538.0,0.62,0.12,30,0.78,0.11,0.04,0,0,0,3,0,0.002,0.1324999999999999,0,Successful Borrower
USR_015,22,Master's,Employed,1582.0,1,f0bb65ec-a06b-4016-987d-468bd24b862e,35,none,0,0.4,master,949.0,0.52,0.17,15,0.6900000000000001,0.5700000000000001,0.72,0,0,0,1,1,0.5,0.4565,1,Defaulted
USR_016,21,High School,Student,5108.0,1,c835987f-0cde-412b-8a3c-45bc46051561,1,none,0,0.6900000000000001,highschool,1072.0,0.6900000000000001,0.04,15,0.96,0.65,0.06,0,0,0,1,3,0.0491,0.1975,0,Successful Borrower
USR_017,26,High School,Student,3084.0,1,a3a71f63-9a86-4813-9dba-5b5ff8bf8a9a,53,rent,18,0.34,none,801.0,0.49,0.17,360,0.65,0.09,0.31,0,0,0,3,1,0.201,0.2479999999999999,0,Successful Borrower
USR_018,24,PhD,Employed,4648.0,2,3812aec0-a831-4a06-88fd-4ec007824ad5,17,rent,2,0.68,phd,3857.0,0.44,0.13,0,0.6000000000000001,0.59,0.2,0,0,0,0,1,0.0,0.357,1,Defaulted
USR_019,25,High School,Self-Employed,4075.0,3,6e93095e-974a-4f69-bbc3-e783a7eaa6bb,13,rent,13,0.92,highschool,3463.0,0.51,0.17,30,0.89,0.26,0.42,0,0,0,2,3,0.013,0.2339999999999999,0,Successful Borrower
USR_020,26,PhD,Self-Employed,10267.0,2,81278bc3-cb3c-40ba-970e-868d399583f2,58,owner,0,0.76,phd,7392.0,0.77,0.03,30,0.74,0.64,0.75,0,0,0,1,2,0.0,0.443,1,Defaulted
USR_021,24,High School,Employed,8444.0,1,a19a1af0-d42e-4741-b031-b3e6fabf37f3,51,rent,9,0.41,none,5995.0,0.53,0.25,360,0.59,0.2,0.38,0,0,1,0,0,0.003,0.3259999999999999,0,Successful Borrower
USR_022,20,Bachelor's,Employed,7736.0,3,b06353ae-4f95-47d2-bca0-5ebfd2e333c7,58,owner,0,0.6900000000000001,bachelor,4100.0,0.66,0.11,90,0.78,0.4,0.08,0,0,0,1,2,0.001,0.2134999999999999,0,Successful Borrower
USR_023,25,Diploma,Self-Employed,8352.0,1,ce64cefd-daa0-4733-a8d8-ff03d13e7bd4,8,owner,0,0.9,cert,2672.0,0.49,0.27,360,0.62,0.61,0.76,0,0,0,1,0,0.003,0.516,0,Successful Borrower
USR_024,20,Diploma,Employed,7228.0,2,c9d19994-45a9-419c-953d-75543a5b6116,14,owner,0,0.87,cert,2963.0,0.74,0.08,0,0.85,0.33,0.22,0,0,0,3,2,0.001,0.202,0,Successful Borrower
USR_025,20,Diploma,Employed,6694.0,1,cce1acfb-9917-4b22-bdc9-ed720c263e9d,28,rent,13,0.59,cert,2610.0,0.31,0.14,60,0.84,0.3,0.07,0,0,0,2,1,0.0,0.1695,0,Successful Borrower
USR_026,23,High School,Self-Employed,4011.0,2,4cf6804f-8fc8-4edb-82c6-592d6d8899eb,7,rent,18,0.5,highschool,1123.0,0.47,0.12,60,0.77,0.6000000000000001,0.11,0,0,0,2,1,0.015,0.276,1,Defaulted
USR_027,23,High School,Employed,9210.0,1,d302f085-de52-497b-ad4e-3914db11faf1,3,owner,0,0.5,highschool,3684.0,0.3,0.05,30,0.95,0.56,0.61,0,0,0,1,2,0.0,0.3175,0,Successful Borrower
USR_028,20,PhD,Employed,5554.0,2,a52c7ac9-620f-477d-b642-45cb522f7b6a,48,none,0,0.86,phd,3776.0,0.63,0.24,240,0.75,0.54,0.06,0,0,0,1,1,0.002,0.2734999999999999,1,Defaulted
USR_029,24,Diploma,Student,2329.0,3,6e7df317-67b8-4d47-8144-a2e24bf3bbbf,5,rent,3,0.33,cert,745.0,0.62,0.25,120,0.77,0.32,0.34,0,0,0,3,1,0.015,0.283,1,Defaulted
USR_030,25,Bachelor's,Self-Employed,6538.0,1,efa94892-8f3c-4c84-b4cd-6440446d5e3e,31,owner,0,0.38,bachelor,2419.0,0.43,0.18,15,0.59,0.39,0.06,0,0,0,3,1,0.002,0.283,0,Successful Borrower
USR_031,22,High School,Employed,9951.0,3,f43154e5-cd7b-4a6f-b9fd-26bce2512025,12,owner,0,0.85,highschool,6866.0,0.64,0.21,90,0.66,0.05,0.13,0,0,0,3,3,0.003,0.1954999999999999,0,Successful Borrower
USR_032,24,Diploma,Employed,6033.0,2,e3d551b9-9e0e-44c8-9529-f9291fe5db62,16,owner,0,0.36,cert,1387.0,0.48,0.06,60,0.62,0.36,0.56,0,0,0,1,0,0.001,0.372,0,Successful Borrower
USR_033,20,PhD,Employed,1616.0,3,5080e5c3-fb5e-4acf-a114-b6794815ba2c,17,rent,22,0.79,phd,549.0,0.75,0.13,60,0.81,0.4,0.44,0,0,0,1,0,0.5,0.296,1,Defaulted
USR_034,22,Bachelor's,Employed,5381.0,1,6cf0ff36-af41-4b51-a867-32943ec2c433,36,none,0,0.84,bachelor,2206.0,0.38,0.2,45,0.74,0.24,0.45,0,0,0,3,3,0.001,0.2935,0,Successful Borrower
USR_035,22,Bachelor's,Employed,1632.0,2,a241332a-da69-45d0-b98c-257913f80364,19,none,0,0.54,bachelor,913.0,0.66,0.06,45,0.78,0.63,0.6900000000000001,0,0,0,1,0,0.2,0.416,1,Defaulted
USR_036,25,PhD,Employed,8687.0,2,490b769b-2030-431d-9b81-8d21e84463c2,10,none,0,0.56,phd,3214.0,0.62,0.06,360,0.72,0.16,0.7000000000000001,0,0,0,2,3,0.301,0.322,1,Defaulted
USR_037,20,High School,Employed,6419.0,2,bcc2434d-8665-4ffe-94c1-6f54e21ab285,23,rent,4,0.47,none,5071.0,0.53,0.26,15,0.84,0.64,0.21,0,0,0,1,3,0.0361,0.3075,1,Defaulted
USR_038,25,PhD,Employed,9671.0,3,798e357c-72cb-4f4d-bf81-dc218614e548,17,rent,19,0.54,phd,4835.0,0.53,0.23,90,0.93,0.25,0.14,0,0,0,0,2,0.001,0.1564999999999999,0,Successful Borrower
USR_039,25,High School,Student,4014.0,2,9ab33488-43aa-41f5-857c-ad48a68ff674,11,none,0,0.79,none,1244.0,0.36,0.3,360,0.61,0.23,0.15,0,1,0,2,1,0.2,0.2764999999999999,1,Defaulted
USR_040,22,High School,Employed,11629.0,3,4e611a03-f83f-43df-9137-83ddae169a6d,42,rent,16,0.67,none,3139.0,0.66,0.09,90,0.85,0.5,0.12,0,0,0,0,1,0.002,0.221,0,Successful Borrower
USR_041,23,PhD,Employed,5416.0,1,c4640d43-74f1-489e-931a-fc3bf20a8d13,44,owner,0,0.63,phd,2924.0,0.72,0.25,120,0.64,0.18,0.79,0,0,0,1,2,0.009,0.4059999999999999,1,Defaulted
USR_042,23,High School,Employed,6728.0,3,a49192bc-2087-4dc5-a306-69f2690e98d5,12,owner,0,0.5,highschool,4978.0,0.67,0.1,30,0.67,0.06,0.5,0,0,0,2,2,0.0,0.2704999999999999,0,Successful Borrower
USR_043,24,Master's,Employed,9643.0,3,26c2eee6-e126-49c8-b162-011640e1be45,45,owner,0,0.49,master,7810.0,0.5,0.25,60,0.65,0.26,0.09,0,0,0,3,0,0.0,0.2475,0,Successful Borrower
USR_044,21,Master's,Employed,1645.0,1,e8e98ec0-28df-417c-af4e-f5739e59e9bd,17,none,0,0.59,master,871.0,0.37,0.07,0,0.65,0.48,0.75,0,0,0,3,2,0.201,0.4405,1,Defaulted
USR_045,25,Diploma,Employed,8431.0,3,14b1484d-7041-47b5-8a5b-c75b54b0eae1,26,none,0,0.4,cert,2782.0,0.65,0.21,30,0.8,0.39,0.11,0,0,1,0,3,0.002,0.2264999999999999,0,Successful Borrower
USR_046,21,Diploma,Employed,8497.0,2,7494866c-d5c9-4b7d-ba1f-16ab07b7700e,4,none,0,0.86,cert,2973.0,0.74,0.2,60,0.78,0.26,0.53,0,0,0,3,1,0.001,0.3045,0,Successful Borrower
USR_047,22,High School,Employed,5407.0,2,62f2e28c-02c8-4ff6-86e6-577c2c4a6e16,12,owner,0,0.8,highschool,2919.0,0.33,0.17,60,0.77,0.73,0.65,0,1,0,0,2,0.0,0.451,1,Defaulted
USR_048,22,High School,Employed,8745.0,3,41f1538d-abb7-45a4-bf5c-6cfeb21046e5,48,owner,0,0.63,none,7345.0,0.4,0.18,180,0.99,0.38,0.33,0,0,0,3,3,0.001,0.208,0,Successful Borrower
USR_049,26,PhD,Employed,10124.0,2,ceb18a46-3586-462c-810b-7f6583803dfe,35,rent,20,0.85,phd,2733.0,0.67,0.16,0,0.71,0.18,0.17,0,0,0,1,1,0.0,0.213,0,Successful Borrower
USR_050,21,Bachelor's,Employed,10934.0,1,4f2cc6f5-3894-49d2-9599-6e91a7c079b8,25,owner,0,0.74,bachelor,2842.0,0.39,0.16,30,0.93,0.53,0.63,0,0,0,2,1,0.011,0.3385,1,Defaulted
USR_051,24,Master's,Employed,10715.0,2,a10fc0af-ac36-4adb-aec6-1d8c64dd1922,50,none,0,0.73,master,2464.0,0.36,0.2,45,0.96,0.16,0.23,0,0,0,0,1,0.001,0.1415,0,Successful Borrower
USR_052,25,High School,Student,4001.0,3,7f1adccb-5564-4b96-a916-740d572966c5,5,none,0,0.68,highschool,1560.0,0.47,0.16,45,0.99,0.16,0.26,0,0,0,0,2,0.004,0.1325,1,Defaulted
USR_053,20,High School,Employed,8123.0,1,1bd860e6-9758-4081-a215-a051ddbb8c19,23,owner,0,0.54,highschool,2355.0,0.76,0.22,60,0.89,0.59,0.47,0,0,0,2,3,0.003,0.3365,0,Successful Borrower
USR_054,22,High School,Employed,9537.0,1,a8c9e833-3c31-4868-879c-ded1e555025f,45,rent,15,0.8300000000000001,highschool,6294.0,0.68,0.18,180,0.8,0.16,0.04,0,0,0,2,2,0.001,0.147,0,Successful Borrower
USR_055,24,PhD,Employed,1730.0,3,943c2769-3a10-47a8-b041-da3326b52685,46,rent,20,0.48,phd,1245.0,0.73,0.18,45,0.63,0.65,0.72,0,0,0,0,1,0.503,0.499,1,Defaulted
USR_056,21,Master's,Employed,1658.0,2,9cf2f9a1-23ce-4035-b3b1-97d6b0229f36,47,owner,0,0.37,master,1326.0,0.66,0.07,90,0.95,0.72,0.21,0,0,0,0,3,0.5,0.2605,0,Successful Borrower
USR_057,20,PhD,Self-Employed,5861.0,1,fb69b9d3-01e5-412b-91eb-f61c8f52dda3,7,owner,0,0.8,phd,2344.0,0.5700000000000001,0.06,45,0.8200000000000001,0.75,0.23,0,0,0,1,0,0.302,0.3169999999999999,0,Successful Borrower
USR_058,25,Master's,Student,3003.0,2,bf2241d9-ba54-4a2a-9d64-7fdfa341d110,4,owner,0,0.8200000000000001,master,2162.0,0.42,0.14,90,0.62,0.27,0.26,0,0,0,1,1,0.002,0.2865,0,Successful Borrower
USR_059,22,Diploma,Student,3485.0,2,0abc206f-91aa-469a-a76c-2fbb1445e491,0,rent,22,0.87,cert,2091.0,0.81,0.12,60,0.73,0.49,0.77,0,0,0,0,3,0.001,0.4275,1,Defaulted
USR_060,26,High School,Self-Employed,5462.0,2,3c78f6a7-38ed-4155-8d67-b561a4d87597,54,none,0,0.85,highschool,3004.0,0.34,0.25,0,0.79,0.55,0.77,0,0,0,1,3,0.0,0.4409999999999999,1,Defaulted
USR_061,21,Master's,Employed,1695.0,3,0b26f708-c213-4dc2-a6d9-7f76be150d86,35,owner,0,0.77,master,830.0,0.59,0.21,90,0.65,0.25,0.15,0,0,0,1,0,0.5,0.254,0,Successful Borrower
USR_062,24,Bachelor's,Self-Employed,10660.0,3,e75081ed-8eab-458c-81e4-46659e9ca569,35,none,0,0.64,bachelor,6289.0,0.44,0.11,90,0.9,0.33,0.11,0,0,0,1,0,0.014,0.1614999999999999,0,Successful Borrower
USR_063,22,PhD,Student,3350.0,3,560dfa5d-74d6-4337-956e-4aa9fc5965ce,23,owner,0,0.9,phd,1239.0,0.54,0.02,60,0.81,0.33,0.19,0,0,0,1,2,0.201,0.1994999999999999,0,Successful Borrower
USR_064,21,Master's,Employed,5065.0,2,12e56dfa-6e89-4891-8949-ddcaef51b06b,31,none,0,0.76,master,3900.0,0.79,0.27,0,0.89,0.51,0.36,0,0,0,1,2,0.002,0.2965,0,Successful Borrower
USR_065,23,High School,Employed,4467.0,2,92f948f4-f6e0-47e3-83b1-9e4d61f9e3d8,32,rent,5,0.89,highschool,1831.0,0.56,0.23,240,0.89,0.18,0.54,0,0,0,2,3,0.002,0.253,0,Successful Borrower
USR_066,22,High School,Employed,7866.0,3,afac8dea-e253-4eaf-96af-127d90215bed,6,none,0,0.53,none,5270.0,0.8300000000000001,0.21,90,0.63,0.58,0.55,0,0,0,3,3,0.001,0.4435,1,Defaulted
USR_067,20,High School,Employed,7346.0,1,1427dbf7-dfe9-48d3-ade8-c4340d02a3c5,45,none,0,0.79,highschool,2644.0,0.62,0.07,60,0.88,0.26,0.14,1,0,0,0,1,0.003,0.1525,0,Successful Borrower
USR_068,26,PhD,Employed,10240.0,1,076f5398-f3ef-448e-a264-6c1d6bb21f36,25,none,0,0.32,phd,3584.0,0.71,0.24,240,0.68,0.49,0.24,0,0,0,2,0,0.301,0.3304999999999999,1,Defaulted
USR_069,24,High School,Student,2696.0,3,8d458def-2906-4646-94d9-7032dc57432a,25,rent,0,0.8200000000000001,highschool,620.0,0.49,0.04,0,0.97,0.1,0.75,0,0,0,3,2,0.2,0.229,1,Defaulted
USR_070,24,High School,Student,4188.0,1,0073cbc8-55a1-45a3-8295-a2f464c397aa,4,none,0,0.6900000000000001,highschool,2135.0,0.7000000000000001,0.2,30,0.96,0.48,0.35,0,0,0,0,3,0.0,0.2515,0,Successful Borrower
USR_071,21,Master's,Student,4022.0,3,65b6eb54-be62-4862-93f3-77cbd5a3d96d,53,owner,0,0.62,master,2212.0,0.6900000000000001,0.16,60,0.74,0.39,0.38,0,0,0,1,0,0.203,0.3075,1,Defaulted
USR_072,26,Master's,Self-Employed,7258.0,2,8a49d3ed-dedb-4640-8adc-f79dc9876537,31,owner,0,0.35,master,3919.0,0.77,0.1,90,0.8200000000000001,0.14,0.08,0,0,0,0,2,0.003,0.1329999999999999,0,Successful Borrower
USR_073,21,High School,Employed,4427.0,3,86477132-595f-4a6f-a1c2-1c162f26f666,46,none,0,0.48,highschool,2479.0,0.36,0.2,240,0.8200000000000001,0.16,0.61,0,0,0,0,2,0.015,0.2855,0,Successful Borrower
USR_074,25,Master's,Self-Employed,7620.0,1,7710a5d7-cab2-497c-a2de-f256d89330e0,54,none,0,0.9,master,5257.0,0.66,0.18,90,0.6900000000000001,0.15,0.13,0,0,0,2,1,0.001,0.2054999999999999,0,Successful Borrower
USR_075,24,Diploma,Student,3874.0,2,aa656ff8-c01b-425a-a306-7c445e7dcb3d,30,none,0,0.64,cert,1355.0,0.64,0.07,90,0.61,0.55,0.51,0,0,0,0,2,0.2,0.412,1,Defaulted
USR_076,22,Diploma,Employed,10872.0,3,79c172c5-b191-4a57-8ab9-b6bc65b90c90,56,rent,8,0.5700000000000001,cert,6849.0,0.32,0.1,30,0.8300000000000001,0.53,0.32,0,0,0,0,3,0.005,0.287,1,Defaulted
USR_077,23,High School,Employed,9781.0,2,89bd9c88-3ed5-4256-8c2c-b3e3537703b8,8,owner,0,0.87,highschool,6455.0,0.53,0.16,180,0.77,0.11,0.02,0,0,0,2,1,0.007,0.1369999999999999,0,Successful Borrower
USR_078,21,Master's,Employed,1760.0,1,71256ac0-0f9b-4b8f-939f-c70665731857,22,rent,7,0.75,master,950.0,0.47,0.22,360,0.89,0.07,0.36,0,0,0,2,3,0.201,0.179,0,Successful Borrower
USR_079,26,High School,Employed,4627.0,1,2e8d1d99-4f07-4084-8ff0-052873a3d118,53,none,0,0.9,highschool,1203.0,0.72,0.06,120,0.56,0.17,0.12,0,0,0,3,1,0.0491,0.2355,0,Successful Borrower
USR_080,20,High School,Student,3914.0,2,a41f1175-9c89-4db3-aa91-193a5932c020,5,owner,0,0.49,highschool,3052.0,0.35,0.27,180,0.95,0.7000000000000001,0.33,0,0,0,0,2,0.002,0.3155,0,Successful Borrower
USR_081,23,Diploma,Self-Employed,5068.0,3,a3f0695c-f106-4791-812e-00d0120f52b9,54,owner,0,0.86,cert,4459.0,0.75,0.16,90,0.92,0.29,0.46,0,0,0,0,0,0.017,0.2394999999999999,0,Successful Borrower
USR_082,20,Master's,Employed,10279.0,1,bf930c02-8283-4abf-8b62-4e70fcb30896,27,owner,0,0.65,master,3597.0,0.45,0.1,360,0.73,0.21,0.59,0,0,0,2,2,0.001,0.3095,1,Defaulted
USR_083,25,Master's,Employed,10626.0,3,5a0c6e70-a4e9-433e-8d0e-893961ec3efa,31,rent,10,0.85,master,4144.0,0.38,0.21,240,0.8200000000000001,0.12,0.04,0,0,0,0,0,0.302,0.1344999999999999,0,Successful Borrower
USR_084,21,Master's,Self-Employed,9555.0,1,eb2f30d4-28b2-4fbc-adb8-f4d5333620c6,32,rent,15,0.91,master,4013.0,0.48,0.1,240,0.65,0.5,0.32,0,0,0,3,0,0.3,0.3425,1,Defaulted
USR_085,25,High School,Employed,5619.0,1,6b499895-db12-4431-8c67-6a84d6a2bc93,24,rent,19,1.0,highschool,4944.0,0.77,0.02,15,0.86,0.43,0.21,0,0,0,3,0,0.001,0.212,1,Defaulted
USR_086,24,PhD,Employed,6037.0,1,cfb8cbfd-4174-4d66-9eaf-868920f449e8,22,rent,10,0.85,phd,3924.0,0.44,0.19,360,0.68,0.71,0.02,0,0,0,1,3,0.001,0.3229999999999999,1,Defaulted
USR_087,20,Diploma,Employed,4506.0,1,57abdb9f-787e-4f0f-8a18-4cfeeb6f1479,12,none,0,0.61,cert,1757.0,0.44,0.28,180,0.91,0.65,0.08,0,0,0,1,1,0.002,0.256,0,Successful Borrower
USR_088,25,High School,Self-Employed,11709.0,1,9d55ad87-922f-413c-8559-f02bf8dc9b8f,56,none,0,0.48,highschool,2693.0,0.85,0.21,0,0.5700000000000001,0.13,0.36,0,0,0,1,0,0.0,0.3045,0,Successful Borrower
USR_089,22,Diploma,Employed,1791.0,1,af0658e7-55e0-4dc9-a89c-10cfd05262fa,54,rent,14,0.52,cert,483.0,0.53,0.18,0,0.92,0.6000000000000001,0.77,0,0,0,3,2,0.203,0.3975,1,Defaulted
USR_090,26,Bachelor's,Self-Employed,5716.0,2,f85a9e9a-39fc-4018-aca9-537045c86766,44,none,0,0.84,bachelor,1771.0,0.34,0.24,120,0.72,0.75,0.21,0,0,0,3,1,0.0,0.3739999999999999,1,Defaulted
USR_091,23,Bachelor's,Student,2283.0,1,e71f1848-83d2-4240-bc62-902f6a0d33c9,2,none,0,0.43,bachelor,1849.0,0.48,0.05,90,0.75,0.33,0.35,0,0,0,3,2,0.016,0.2649999999999999,1,Defaulted
USR_092,26,Diploma,Employed,1872.0,1,15d97a06-e5ea-4611-bd24-226f09aee24f,44,owner,0,0.51,cert,804.0,0.71,0.08,240,0.79,0.23,0.39,0,0,0,0,3,0.207,0.2405,0,Successful Borrower
USR_093,20,High School,Employed,4533.0,1,fc33f9b0-8418-46aa-a898-cd0a0719506b,20,owner,0,0.8200000000000001,none,1495.0,0.71,0.1,360,0.99,0.42,0.23,0,0,0,1,2,0.003,0.181,0,Successful Borrower
USR_094,22,High School,Employed,6696.0,2,fb171950-3d5b-41ac-801a-809bddb6d053,13,owner,0,0.94,none,5490.0,0.72,0.13,0,0.67,0.11,0.62,0,0,0,2,3,0.008,0.3175,1,Defaulted
USR_095,23,Bachelor's,Employed,1780.0,2,9ea71669-ef67-49aa-9a15-aa380af16505,33,none,0,0.49,bachelor,979.0,0.68,0.14,30,0.6000000000000001,0.12,0.12,0,0,0,2,3,0.2,0.2209999999999999,0,Successful Borrower
USR_096,24,High School,Employed,4697.0,3,d1aab0d4-20aa-45b9-b697-bfb8a51f7df2,28,rent,2,0.53,highschool,2865.0,0.42,0.28,60,0.64,0.11,0.68,0,0,0,3,1,0.0,0.3655,1,Defaulted
USR_097,21,Master's,Student,3291.0,1,d22976a2-b542-4ca5-9b80-39f7a7a147c4,5,rent,5,0.5,master,1053.0,0.36,0.06,30,0.94,0.41,0.5,0,0,0,1,3,0.3,0.2575,0,Successful Borrower
USR_098,22,Master's,Employed,10537.0,3,ed8fb86e-113c-485e-97ee-00a219ba10d8,49,none,0,0.45,master,4004.0,0.79,0.17,30,0.71,0.21,0.62,0,0,0,0,3,0.306,0.3345,1,Defaulted
USR_099,24,Master's,Employed,1797.0,2,71710ae9-67fe-4f23-a416-293ab13132a1,19,owner,0,0.45,master,808.0,0.44,0.21,30,0.92,0.68,0.03,0,0,0,0,1,0.502,0.237,1,Defaulted
USR_100,22,Master's,Employed,8455.0,3,ba0b8292-79cb-4332-ab23-18040d3a2f78,59,none,0,0.49,master,2198.0,0.63,0.25,240,0.68,0.12,0.26,0,0,0,1,3,0.001,0.2444999999999999,0,Successful Borrower
USR_101,26,Master's,Employed,6276.0,3,3ecf9a57-d56f-4975-b22a-a1ed9669a3a9,22,rent,14,0.8200000000000001,master,2071.0,0.31,0.24,240,0.84,0.34,0.27,0,0,0,3,3,0.005,0.2445,0,Successful Borrower
USR_102,20,PhD,Self-Employed,7556.0,3,302b7b0f-2dbc-427e-b9f4-db2d19f9e138,18,rent,7,0.73,phd,4609.0,0.66,0.04,180,0.61,0.28,0.55,0,0,0,2,0,0.0,0.35,0,Successful Borrower
USR_103,26,Bachelor's,Employed,6594.0,3,a69c26af-18ae-4e2e-9164-382ecef3c810,58,rent,11,0.31,bachelor,2637.0,0.5700000000000001,0.21,15,0.99,0.21,0.24,0,0,0,3,0,0.002,0.1475,0,Successful Borrower
USR_104,23,High School,Employed,6205.0,2,3aeb1a1c-af8c-4ea9-b13b-a231cb7d077a,46,none,0,0.72,none,3102.0,0.77,0.09,360,1.0,0.3,0.1,0,0,0,3,1,0.0,0.1135,0,Successful Borrower
USR_105,21,Bachelor's,Employed,9899.0,1,928d56eb-13de-4a08-8885-d73a5bf8043d,22,none,0,0.37,bachelor,3365.0,0.54,0.13,60,0.8,0.35,0.61,0,0,0,3,0,0.0,0.3294999999999999,0,Successful Borrower
USR_106,23,PhD,Employed,1793.0,3,0df1e7e9-41aa-4e45-86ca-f30184114aa2,57,rent,24,0.88,phd,1201.0,0.64,0.09,90,0.6900000000000001,0.12,0.4,0,0,1,3,2,0.2,0.2519999999999999,0,Successful Borrower
USR_107,21,High School,Student,3909.0,1,7b46e1a5-ce73-4d15-adb4-fafd6bfe23a2,57,rent,24,0.99,highschool,2970.0,0.7000000000000001,0.28,90,0.86,0.56,0.72,0,0,0,3,1,0.205,0.411,1,Defaulted
USR_108,26,Bachelor's,Employed,1925.0,2,c693b4af-4852-4b4d-9ca6-38ec191250a3,56,none,0,0.73,bachelor,1001.0,0.48,0.07,15,0.56,0.55,0.47,0,0,0,2,2,0.205,0.4195,1,Defaulted
USR_109,22,PhD,Employed,1824.0,1,7d8c60dd-279d-4485-9797-0339fdcf3a0b,29,rent,6,0.61,phd,1331.0,0.67,0.22,45,0.59,0.48,0.24,0,0,0,2,0,0.2,0.3564999999999999,1,Defaulted
USR_110,21,High School,Employed,5544.0,1,37e1633f-7b7e-47f0-8444-a2f8d85bee29,9,rent,2,0.88,highschool,3160.0,0.8,0.27,180,0.76,0.08,0.07,0,0,0,2,3,0.0,0.162,0,Successful Borrower
USR_111,23,High School,Employed,6489.0,3,824895cf-a6a1-435a-8e86-d033ab39bea7,19,none,0,0.86,none,5450.0,0.8200000000000001,0.22,90,1.0,0.46,0.49,0,0,0,0,2,0.003,0.2704999999999999,0,Successful Borrower
USR_112,22,Bachelor's,Employed,8160.0,1,448a8f1f-eacf-4575-a7ca-474b7f9ea64e,6,owner,0,0.61,bachelor,2284.0,0.5,0.24,180,0.6900000000000001,0.24,0.1,0,0,0,0,1,0.012,0.2294999999999999,0,Successful Borrower
USR_113,24,High School,Employed,11421.0,3,10fcaf88-dece-43c4-993d-b4ca9bd91a93,1,rent,3,0.55,none,3883.0,0.62,0.2,30,0.99,0.25,0.26,0,0,0,0,3,0.007,0.161,0,Successful Borrower
USR_114,20,Bachelor's,Student,2629.0,3,e17eae13-5da4-41d3-bbf5-35990c7ae146,22,none,0,0.6000000000000001,bachelor,1445.0,0.49,0.26,180,0.6000000000000001,0.72,0.51,0,0,0,2,3,0.203,0.4864999999999999,1,Defaulted
USR_115,24,High School,Employed,10242.0,3,426a2fe9-539c-40e8-8fae-35d998dd3b6b,41,owner,0,0.9,none,4813.0,0.47,0.22,180,0.94,0.08,0.05,0,0,0,0,3,0.014,0.0865,0,Successful Borrower
USR_116,24,PhD,Employed,1968.0,2,4e5e9d03-d7a9-498f-a6f9-591bc6c476b1,40,owner,0,0.39,phd,432.0,0.5,0.28,180,0.76,0.66,0.75,0,0,0,1,3,0.207,0.4785,1,Defaulted
USR_117,22,Master's,Employed,6382.0,2,f7e9737a-4dd9-4258-a87a-1e2e20c14b3b,39,rent,5,0.32,master,2999.0,0.48,0.14,90,0.67,0.71,0.72,0,0,0,1,3,0.0,0.494,1,Defaulted
USR_118,26,Diploma,Employed,9215.0,2,d1fbacfc-9652-4700-a0f1-1404a0fa726a,30,owner,0,0.52,cert,4976.0,0.66,0.05,240,0.72,0.31,0.31,0,0,0,2,1,0.003,0.2605,0,Successful Borrower
USR_119,26,PhD,Employed,1929.0,3,a7488f6f-76b1-43d6-94c9-30715356a3fc,49,owner,0,0.37,phd,1408.0,0.64,0.09,360,0.8300000000000001,0.47,0.18,0,0,0,1,3,0.203,0.2355,0,Successful Borrower
USR_120,24,High School,Employed,5605.0,3,70b1a00f-34ed-4813-bcad-639dd2cefec1,48,owner,0,0.99,none,1681.0,0.33,0.24,45,0.89,0.07,0.65,0,0,0,1,3,0.003,0.2545,0,Successful Borrower
USR_121,26,Bachelor's,Employed,4025.0,3,867b231c-ac60-45da-9f44-1304edfef85a,8,none,0,0.51,bachelor,2817.0,0.73,0.04,360,0.77,0.33,0.41,0,0,0,2,0,0.0511,0.2714999999999999,0,Successful Borrower
USR_122,26,High School,Self-Employed,10658.0,1,8b1ccb7c-8041-467a-b3b7-bf50942ac5fb,4,rent,21,0.67,highschool,5968.0,0.52,0.09,180,0.84,0.75,0.55,0,0,0,1,1,0.003,0.3945,1,Defaulted
USR_123,20,Diploma,Employed,8912.0,2,b5567055-6d8f-4f9f-91cf-fc7afc0c5e32,33,rent,11,0.63,cert,3743.0,0.47,0.25,15,0.56,0.29,0.09,0,0,0,1,1,0.0,0.2865,1,Defaulted
USR_124,20,Bachelor's,Self-Employed,11728.0,1,b8a17a3e-685e-4d62-a0ef-6ef45ad33f67,36,owner,0,0.76,bachelor,2580.0,0.5700000000000001,0.06,15,0.93,0.24,0.11,0,0,0,1,1,0.001,0.1209999999999999,0,Successful Borrower
USR_125,24,High School,Employed,8086.0,1,0828a28c-9ffa-46e7-9ae8-df1802b87199,51,owner,0,0.6000000000000001,none,3476.0,0.84,0.18,30,0.6900000000000001,0.73,0.17,0,0,1,1,3,0.003,0.3605,1,Defaulted
USR_126,20,High School,Student,2397.0,2,0c193e4a-66f1-48d2-8b70-6f8313de307f,2,owner,0,0.58,highschool,503.0,0.47,0.08,30,0.89,0.25,0.1,0,0,0,1,2,0.005,0.138,0,Successful Borrower
USR_127,24,PhD,Employed,5764.0,1,a4f67ddb-1aa9-448e-b2aa-79d73df8d164,57,none,0,0.33,phd,1844.0,0.5700000000000001,0.11,180,0.61,0.27,0.42,0,0,0,3,2,0.011,0.3255,1,Defaulted
USR_128,23,High School,Employed,11147.0,3,51702b26-56f2-4f8b-8dcb-67f075489521,6,rent,1,0.95,none,3232.0,0.79,0.15,360,0.98,0.14,0.4,0,0,0,3,1,0.003,0.1645,0,Successful Borrower
USR_129,24,Master's,Employed,7785.0,1,d3f2f24e-91f6-48cb-a9eb-cb71eae70f51,60,owner,0,0.99,master,4048.0,0.77,0.14,0,0.56,0.44,0.6900000000000001,0,0,0,1,2,0.001,0.4575,1,Defaulted
USR_130,22,Diploma,Student,2817.0,1,a15defc0-a4de-42a1-9498-246fa5d5146a,60,rent,16,0.68,cert,1746.0,0.79,0.23,360,0.66,0.11,0.77,0,0,0,2,0,0.2,0.3734999999999999,1,Defaulted
USR_131,21,High School,Employed,1906.0,3,20cf5af3-7976-4181-853e-eaa5dabb37dc,41,owner,0,0.91,none,1143.0,0.74,0.22,240,0.84,0.5,0.07,0,0,0,1,3,0.2,0.2315,0,Successful Borrower
USR_132,24,Diploma,Student,3472.0,2,9030cc06-6fbc-49da-a849-87c4cb2472a4,25,none,0,0.84,cert,2395.0,0.55,0.21,0,0.85,0.32,0.08,0,0,0,2,1,0.201,0.184,0,Successful Borrower
USR_133,21,PhD,Self-Employed,8397.0,3,5bb53257-dbc2-4f3f-a751-583e1061a95a,1,owner,0,0.49,phd,4786.0,0.71,0.15,90,0.78,0.13,0.4,0,0,0,2,3,0.002,0.2319999999999999,0,Successful Borrower
USR_134,21,Diploma,Student,2997.0,2,c68c435c-f98d-4235-9895-3bde968e5b92,49,owner,0,0.47,cert,2037.0,0.49,0.29,0,0.58,0.5,0.56,0,0,0,2,3,0.205,0.4555,1,Defaulted
USR_135,24,High School,Self-Employed,6432.0,3,025c29fd-268a-48c1-8327-1b095691f3e9,34,rent,10,0.88,none,2508.0,0.68,0.12,240,0.81,0.63,0.01,0,0,0,2,1,0.0341,0.2444999999999999,0,Successful Borrower
USR_136,25,PhD,Self-Employed,4485.0,3,25c9b300-4330-420b-8319-70ce361ce352,7,none,0,0.76,phd,3543.0,0.32,0.14,60,0.6900000000000001,0.56,0.61,0,0,0,1,1,0.0,0.422,1,Defaulted
USR_137,25,Master's,Student,7242.0,1,0da35e91-23c0-4db6-a5f9-0c36539bd0a7,0,rent,6,0.47,master,2751.0,0.36,0.02,120,0.75,0.34,0.13,0,0,0,3,0,0.4583,0.208,0,Successful Borrower
USR_138,20,Bachelor's,Employed,10197.0,3,6d7531d6-5bdc-4272-b03d-b6e2f46e99ce,12,owner,0,0.85,bachelor,5608.0,0.45,0.07,180,0.99,0.26,0.7000000000000001,0,0,0,3,2,0.0,0.254,0,Successful Borrower
USR_139,24,PhD,Self-Employed,9998.0,3,0da92ad5-0007-4e1d-a2fe-6596479c3422,28,rent,1,0.91,phd,5798.0,0.84,0.03,120,0.78,0.49,0.04,0,0,0,2,3,0.004,0.214,0,Successful Borrower
USR_140,21,Diploma,Employed,11004.0,3,dbff3560-4594-4799-b197-6bded113dd65,15,none,0,0.38,cert,8913.0,0.6900000000000001,0.23,45,0.6900000000000001,0.68,0.4,0,0,0,3,3,0.001,0.4129999999999999,1,Defaulted
USR_141,21,Diploma,Student,3258.0,3,fcf715dc-b79b-4aa2-a809-1e7a24ce2239,23,none,0,0.71,cert,1075.0,0.5,0.13,45,0.78,0.34,0.61,0,0,0,3,2,0.2,0.334,1,Defaulted
USR_142,24,Master's,Employed,2120.0,3,93d842cb-de40-498c-9f99-6b4a3094c9cb,26,none,0,0.7000000000000001,master,1272.0,0.6900000000000001,0.05,180,0.98,0.11,0.58,0,0,0,2,3,0.215,0.187,0,Successful Borrower
USR_143,24,Bachelor's,Student,5347.0,1,3325a213-6b36-40ab-8534-ea0fd3b78b0f,6,none,0,0.34,bachelor,2833.0,0.49,0.19,360,0.87,0.62,0.0,0,0,0,2,1,0.0721,0.229,0,Successful Borrower
USR_144,20,Diploma,Student,3719.0,1,1a98fd5f-26a5-4a08-907f-3a73315e5f7d,37,owner,0,0.4,cert,1673.0,0.33,0.12,90,0.5700000000000001,0.25,0.51,0,0,0,0,1,0.201,0.3585,1,Defaulted
USR_145,24,High School,Employed,8060.0,1,07f20059-4fa0-49d0-848f-d3351c81e4a9,5,rent,3,0.47,highschool,4594.0,0.52,0.11,90,0.65,0.6000000000000001,0.06,0,0,0,2,2,0.0,0.304,0,Successful Borrower
USR_146,24,PhD,Employed,6460.0,2,96a484e5-3cb4-452a-8f8d-84c50d6c66e7,11,rent,19,0.78,phd,4134.0,0.35,0.04,240,0.9,0.6000000000000001,0.16,0,0,0,2,0,0.0,0.231,0,Successful Borrower
USR_147,22,PhD,Employed,11192.0,2,fb74a64c-a46c-4e7d-83d4-16e159c9a678,26,none,0,0.64,phd,5931.0,0.55,0.02,120,0.88,0.22,0.26,0,0,0,1,0,0.004,0.165,0,Successful Borrower
USR_148,24,High School,Self-Employed,4211.0,1,e5b3be6e-aa37-49a3-8605-40ad0b4d3198,41,rent,8,0.36,none,1010.0,0.64,0.22,45,0.74,0.11,0.08,0,0,0,3,0,0.009,0.1714999999999999,0,Successful Borrower
USR_149,25,Master's,Self-Employed,8562.0,3,5279ec2a-6587-4ad1-a7c1-1846b8a36211,15,rent,13,0.43,master,3852.0,0.53,0.26,0,0.85,0.74,0.08,0,0,0,1,1,0.3,0.2965,0,Successful Borrower
USR_150,26,Master's,Employed,10675.0,3,cf8f6107-bea4-4c92-aabb-8e8bda052d8d,57,none,0,0.98,master,8219.0,0.5,0.26,0,0.66,0.54,0.32,0,0,0,1,1,0.0,0.373,1,Defaulted
USR_151,23,PhD,Self-Employed,7328.0,2,1074abc4-63ce-49d2-b7c9-1903848af90b,53,rent,4,0.36,phd,3517.0,0.33,0.1,30,0.56,0.33,0.36,0,0,0,1,0,0.0,0.3415,0,Successful Borrower
USR_152,23,High School,Employed,1941.0,1,f93917e7-3919-4cb1-b7c4-28309cdf6b83,53,rent,4,0.99,highschool,1611.0,0.63,0.21,15,0.84,0.14,0.37,0,0,0,2,2,0.201,0.215,0,Successful Borrower
USR_153,26,Diploma,Employed,5633.0,2,78a892f8-9385-4659-83a8-8b35130bcecc,48,rent,8,0.8300000000000001,cert,4393.0,0.56,0.23,0,1.0,0.29,0.52,0,0,0,1,1,0.01,0.237,1,Defaulted
USR_154,23,High School,Employed,6623.0,1,c002fbac-8f01-498d-87de-956b838691ab,55,owner,0,0.87,highschool,2185.0,0.39,0.3,180,0.77,0.27,0.02,0,0,0,1,2,0.001,0.198,0,Successful Borrower
USR_155,26,High School,Employed,8025.0,3,d2a7bde0-5f99-4c92-8517-15392d7c5227,1,owner,0,0.71,none,6821.0,0.46,0.18,360,0.93,0.32,0.72,0,0,0,0,2,0.0,0.3115,1,Defaulted
USR_156,22,Diploma,Employed,5478.0,1,c0e3a4b2-0650-4ade-918c-e197e59f4adb,26,none,0,0.67,cert,2081.0,0.48,0.04,180,0.93,0.11,0.58,0,0,0,0,0,0.004,0.2029999999999999,0,Successful Borrower
USR_157,25,High School,Employed,5477.0,1,4b7a9997-f36b-41ba-9284-6eb044d4fa25,26,rent,24,0.36,highschool,3286.0,0.39,0.13,30,0.67,0.24,0.12,0,0,0,0,2,0.0,0.2249999999999999,0,Successful Borrower
USR_158,25,PhD,Self-Employed,5866.0,1,59d5aeef-0b84-4317-b0ad-16b51202a0d5,10,owner,0,0.47,phd,3343.0,0.74,0.23,45,0.81,0.74,0.31,0,0,0,1,2,0.304,0.3634999999999999,0,Successful Borrower
USR_159,24,Diploma,Employed,2007.0,3,28e6f012-6816-432a-8c94-f69dd723a7e6,21,none,0,0.99,cert,1003.0,0.66,0.19,120,0.62,0.12,0.16,0,0,0,2,2,0.203,0.2314999999999999,0,Successful Borrower
USR_160,20,Bachelor's,Employed,5778.0,2,441108e5-aad5-4d0a-b5cd-384e97101516,4,rent,8,0.75,bachelor,3813.0,0.8200000000000001,0.2,45,0.62,0.59,0.72,0,0,0,2,1,0.019,0.4904999999999999,1,Defaulted
USR_161,23,Bachelor's,Student,4225.0,2,0f505b51-b4e9-4f59-8aa9-bfbc4cf9b289,6,owner,0,0.76,bachelor,2746.0,0.32,0.3,120,0.99,0.28,0.64,0,0,0,1,3,0.006,0.2785,1,Defaulted
USR_162,23,PhD,Self-Employed,11620.0,3,4577c8c3-2d94-4dd7-88f8-5fbaa7c47351,39,owner,0,0.59,phd,8250.0,0.55,0.28,30,0.86,0.12,0.56,0,0,0,2,0,0.008,0.261,0,Successful Borrower
USR_163,26,Diploma,Self-Employed,7402.0,2,816396c2-8868-4308-8932-44523cef5fc7,30,owner,0,0.43,cert,5847.0,0.38,0.3,30,0.61,0.1,0.01,0,0,0,1,0,0.009,0.2089999999999999,0,Successful Borrower
USR_164,23,Master's,Employed,9970.0,3,9af962c6-58fc-477e-8dff-316a4a1a7c33,10,rent,9,0.73,master,8275.0,0.55,0.2,15,0.88,0.13,0.62,0,0,0,3,2,0.0,0.2594999999999999,1,Defaulted
USR_165,22,Master's,Employed,2021.0,2,c07e1166-6810-4140-9356-abcfd57a0d07,12,owner,0,0.64,master,1212.0,0.76,0.2,240,0.8300000000000001,0.46,0.04,0,0,0,3,0,0.503,0.2145,0,Successful Borrower
USR_166,20,Bachelor's,Employed,4754.0,2,80273a1b-de06-436b-af08-d97aad73ba3d,43,none,0,0.88,bachelor,1236.0,0.5,0.13,120,0.98,0.67,0.18,0,0,0,1,0,0.011,0.239,0,Successful Borrower
USR_167,25,Diploma,Employed,11586.0,1,4486f108-c5f0-488f-b74c-b20e12eef44e,56,rent,20,0.37,cert,5677.0,0.8200000000000001,0.03,90,0.65,0.36,0.19,0,0,0,2,0,0.001,0.2644999999999999,0,Successful Borrower
USR_168,26,High School,Employed,7103.0,3,790629ad-22ab-47f4-ad9c-e7f7f42fe61c,15,rent,2,0.58,none,1775.0,0.81,0.15,90,0.65,0.45,0.15,0,0,0,1,1,0.002,0.295,0,Successful Borrower
USR_169,26,High School,Employed,1962.0,2,d7ca6b08-f9be-4aa1-b492-2cad81b0054c,51,none,0,0.79,highschool,1353.0,0.49,0.18,30,0.8,0.18,0.79,0,0,0,3,0,0.201,0.3395,1,Defaulted
USR_170,24,Bachelor's,Employed,2028.0,1,a23f2adb-d223-48dc-aa33-627b92271449,47,none,0,0.8300000000000001,bachelor,1034.0,0.49,0.25,180,0.94,0.13,0.65,0,0,0,3,1,0.202,0.2535,0,Successful Borrower
USR_171,25,High School,Employed,2068.0,3,42434a19-6dc3-44b5-be30-04e7b45035d7,30,rent,2,0.58,none,1137.0,0.8,0.24,360,0.62,0.71,0.36,0,0,0,1,1,0.205,0.4364999999999999,1,Defaulted
USR_172,24,Master's,Employed,6993.0,1,d8734934-6558-4385-aa4a-44d204f12a5f,14,owner,0,0.52,master,5244.0,0.38,0.1,180,0.86,0.15,0.56,0,0,0,1,3,0.3,0.2415,0,Successful Borrower
USR_173,21,Diploma,Employed,6798.0,3,ed15f1b1-82f5-4619-ba85-a522361d2464,15,owner,0,0.49,cert,4622.0,0.62,0.05,120,0.74,0.29,0.26,0,1,0,1,2,0.0,0.236,0,Successful Borrower
USR_174,20,High School,Employed,2050.0,2,a09ae682-2cb1-41c0-a6a0-80e1c570e80f,15,owner,0,0.35,highschool,1045.0,0.67,0.26,45,0.88,0.33,0.19,0,0,1,1,2,0.202,0.211,0,Successful Borrower
USR_175,24,Diploma,Employed,5298.0,1,fa4c132b-3492-45d4-9293-cb2d49024ec5,21,none,0,0.6000000000000001,cert,4026.0,0.65,0.07,120,0.73,0.5700000000000001,0.71,0,0,0,1,2,0.001,0.425,1,Defaulted
USR_176,23,High School,Employed,5980.0,2,d3dc557e-bfa1-4afb-a5b3-962d7633bf11,30,rent,17,0.95,none,2392.0,0.62,0.17,120,0.92,0.72,0.64,0,0,0,2,3,0.002,0.3935,1,Defaulted
USR_177,26,High School,Student,3205.0,2,1f9b28b6-6f24-4422-86f6-8f19f008e860,38,rent,19,0.45,highschool,2756.0,0.38,0.23,45,0.71,0.27,0.51,0,0,0,2,3,0.201,0.3309999999999999,1,Defaulted
USR_178,22,Bachelor's,Student,2904.0,2,d3872a92-4a09-4f04-8509-6bb683353500,56,none,0,0.81,bachelor,1016.0,0.63,0.15,180,0.63,0.63,0.48,0,0,0,2,1,0.202,0.4295,0,Successful Borrower
USR_179,20,Diploma,Employed,10086.0,2,2d85daa3-a9a8-4ded-9e5d-1204ee3b3a27,2,owner,0,0.8,cert,5749.0,0.39,0.12,60,0.72,0.59,0.54,0,0,0,2,0,0.0,0.3985,0,Successful Borrower
USR_180,21,Diploma,Employed,6939.0,2,b4b8e5e3-7988-4f95-ac0b-e5767c769242,23,owner,0,0.87,cert,4094.0,0.64,0.15,90,0.87,0.13,0.61,0,0,0,2,2,0.0,0.253,0,Successful Borrower
USR_181,23,High School,Employed,4447.0,1,e35101d6-4e70-4fe1-b859-7df88471b65c,7,none,0,0.44,highschool,3023.0,0.6000000000000001,0.29,180,0.97,0.2,0.64,0,0,0,3,3,0.0,0.264,0,Successful Borrower
USR_182,24,High School,Student,3578.0,2,f38c4d05-b4dc-4441-b058-35d0d8195b45,48,rent,1,0.99,none,2468.0,0.37,0.06,90,0.92,0.58,0.54,0,0,0,3,3,0.205,0.317,0,Successful Borrower
USR_183,21,High School,Student,2949.0,3,54f1b15c-d341-4203-865a-7d4179b5988a,33,owner,0,0.67,highschool,1091.0,0.65,0.21,15,0.86,0.43,0.46,0,0,0,0,3,0.201,0.303,0,Successful Borrower
USR_184,21,High School,Employed,4814.0,2,d1f52eb1-92c2-4fe0-b2ec-0c6f31bb49d0,41,owner,0,0.71,none,3851.0,0.47,0.22,240,0.96,0.35,0.73,0,0,0,1,2,0.0,0.317,1,Defaulted
USR_185,22,PhD,Employed,2041.0,3,e135eb11-9a66-4f10-a412-44b29340870b,12,owner,0,0.89,phd,1061.0,0.8,0.22,60,0.72,0.37,0.32,0,0,0,3,3,0.2,0.3035,0,Successful Borrower
USR_186,22,High School,Employed,9699.0,1,c2588484-8178-4437-8ad2-cf9f8ce1da9f,23,rent,14,0.84,highschool,3006.0,0.85,0.16,60,0.74,0.72,0.09,0,0,0,3,1,0.004,0.3175,0,Successful Borrower
USR_187,22,High School,Employed,6461.0,3,2340e1e3-8bda-4893-a858-cab0317856ad,9,rent,2,0.63,none,4910.0,0.63,0.12,15,0.6900000000000001,0.37,0.05,0,0,0,0,3,0.0261,0.2314999999999999,0,Successful Borrower
USR_188,26,Bachelor's,Self-Employed,7440.0,2,040f25de-fb7a-4676-81f9-04d123b3d682,59,owner,0,0.64,bachelor,2232.0,0.54,0.3,240,0.89,0.29,0.5700000000000001,0,0,0,1,1,0.001,0.2985,1,Defaulted
USR_189,25,PhD,Student,2930.0,1,2b31d77d-cdfd-4815-bf9b-d9eb029e58d5,28,rent,24,0.49,phd,966.0,0.55,0.18,120,0.6000000000000001,0.11,0.44,0,0,0,0,2,0.201,0.3045,0,Successful Borrower
USR_190,25,PhD,Student,3890.0,2,c20afa16-6d9c-40fd-b755-06371e5b2e9d,20,rent,1,0.6900000000000001,phd,816.0,0.6000000000000001,0.18,120,0.68,0.19,0.18,0,0,0,2,2,0.501,0.2314999999999999,0,Successful Borrower
USR_191,21,Master's,Self-Employed,4548.0,2,21999faf-e447-4c30-8c35-54a3d5ce806e,41,rent,7,0.97,master,2501.0,0.51,0.18,60,0.9,0.54,0.17,0,0,0,1,0,0.003,0.2395,0,Successful Borrower
USR_192,25,High School,Student,3318.0,2,ac312242-2217-408d-a735-0e06947b80d5,53,none,0,0.4,none,1459.0,0.42,0.15,90,0.91,0.51,0.75,0,0,0,0,0,0.2,0.369,1,Defaulted
USR_193,23,High School,Employed,2064.0,2,5e5737dc-07b9-43af-ab18-d2150cec1bd4,9,rent,11,0.42,none,1692.0,0.59,0.14,0,0.93,0.62,0.51,0,0,0,2,3,0.201,0.328,1,Defaulted
USR_194,25,Diploma,Student,5977.0,3,cee321b8-754e-430a-af0f-e7631bad600c,0,owner,0,0.95,cert,3705.0,0.76,0.13,90,0.93,0.2,0.67,0,0,0,0,2,0.1112,0.2615,0,Successful Borrower
USR_195,24,Bachelor's,Self-Employed,5368.0,2,f94f78fb-0b08-499f-af99-3380d1ec7db0,36,none,0,0.3,bachelor,4079.0,0.84,0.18,240,0.93,0.21,0.24,0,0,0,1,3,0.011,0.1639999999999999,0,Successful Borrower
USR_196,23,High School,Employed,5194.0,2,a9b9ee05-e70a-4dea-b3d1-31e9f03d6dd2,10,owner,0,0.53,none,2285.0,0.8200000000000001,0.27,15,0.66,0.49,0.44,0,0,0,1,1,0.0,0.3919999999999999,1,Defaulted
USR_197,24,High School,Employed,6595.0,3,ebb5c9db-62fe-400c-9793-1a835b188059,10,rent,21,0.65,none,4484.0,0.65,0.28,90,0.8300000000000001,0.2,0.11,0,0,0,3,3,0.018,0.179,0,Successful Borrower
USR_198,25,Master's,Employed,4968.0,2,b42d9a41-31e3-4d62-88d0-36a20f59544c,50,none,0,0.33,master,3775.0,0.67,0.15,240,0.62,0.46,0.74,0,0,0,3,0,0.001,0.4555,1,Defaulted
USR_199,22,Bachelor's,Self-Employed,8265.0,1,a10cd432-62db-4851-82a0-aea68105d7f3,41,none,0,0.67,bachelor,2727.0,0.34,0.06,15,0.84,0.48,0.22,0,0,0,0,1,0.005,0.24,0,Successful Borrower
USR_200,23,High School,Employed,2101.0,2,059feb1f-3cf1-4871-839e-495e4e7ef21b,18,none,0,0.96,highschool,1092.0,0.47,0.11,120,0.94,0.63,0.0,0,0,1,3,3,0.204,0.195,0,Successful Borrower
USR_201,25,Master's,Employed,4115.0,2,1feb1587-e820-4158-a9ae-d90400b41851,28,none,0,0.49,master,2839.0,0.49,0.06,90,0.6000000000000001,0.32,0.29,0,0,1,0,3,0.0271,0.3015,0,Successful Borrower
USR_202,23,PhD,Self-Employed,11560.0,3,70ec8ca2-14d9-49d1-b581-7760ca7c3d60,23,none,0,0.31,phd,7860.0,0.72,0.06,30,0.63,0.71,0.53,0,0,0,2,0,0.0,0.4485,0,Successful Borrower
USR_203,23,PhD,Self-Employed,4347.0,1,c297be7d-f8d4-4585-b60c-619dde57b762,16,none,0,0.36,phd,2564.0,0.39,0.13,360,0.76,0.07,0.23,0,0,0,2,1,0.007,0.1785,0,Successful Borrower
USR_204,20,Bachelor's,Employed,6786.0,3,f29fbc39-9999-4be9-ab17-86b90adfee9f,2,rent,16,0.38,bachelor,4003.0,0.4,0.08,240,0.73,0.35,0.19,0,0,1,0,3,0.009,0.2415,1,Defaulted
USR_205,26,High School,Student,2770.0,2,a6e311fa-d130-42da-8afe-f043561eb10b,34,owner,0,0.85,none,1606.0,0.79,0.25,180,0.85,0.3,0.65,0,0,0,0,0,0.201,0.3275,1,Defaulted
USR_206,21,Bachelor's,Employed,11374.0,1,2c630ce4-129a-4c9c-a770-58aced001e49,35,none,0,0.5700000000000001,bachelor,9212.0,0.48,0.18,30,0.96,0.27,0.52,0,0,0,0,2,0.005,0.2385,0,Successful Borrower
USR_207,23,Master's,Employed,10470.0,3,cf5b3335-a26a-4e81-80ad-15796e07c5c0,11,none,0,0.64,master,4606.0,0.78,0.14,360,0.6900000000000001,0.37,0.27,0,0,0,1,1,0.0,0.2895,1,Defaulted
USR_208,21,Diploma,Self-Employed,10267.0,1,31fea701-5e2e-4ead-8013-322bc05a1e1d,33,owner,0,0.54,cert,2156.0,0.81,0.29,180,0.68,0.59,0.64,0,0,0,1,3,0.002,0.4629999999999999,1,Defaulted
USR_209,26,Bachelor's,Employed,5533.0,2,d78bf91b-5e62-475e-95fb-fb4a04697067,51,rent,13,0.42,bachelor,4149.0,0.6900000000000001,0.2,60,0.93,0.14,0.59,0,0,0,2,3,0.014,0.2369999999999999,1,Defaulted
USR_210,22,High School,Student,3740.0,2,16409bfb-ed26-4f92-a6af-ffe6f3472e11,39,rent,21,0.8300000000000001,none,2393.0,0.8,0.2,60,0.9,0.07,0.29,0,0,0,3,1,0.2,0.1549999999999999,0,Successful Borrower
USR_211,22,High School,Employed,10939.0,1,31fdaa9d-d83f-4a0b-a5e4-2398e9cdfe35,14,rent,24,0.5700000000000001,highschool,2953.0,0.37,0.15,45,0.96,0.11,0.48,0,0,0,0,0,0.0,0.184,0,Successful Borrower
USR_212,20,PhD,Employed,5288.0,2,4ccab7d6-4bf8-4aa2-9192-899624dc5297,20,none,0,0.36,phd,2485.0,0.38,0.08,120,0.73,0.43,0.33,0,0,0,0,3,0.308,0.2965,0,Successful Borrower
USR_213,25,Diploma,Self-Employed,4420.0,1,7c4630c3-eb45-48d0-ab02-1adfc1fef302,58,owner,0,0.33,cert,1370.0,0.46,0.21,360,0.81,0.44,0.77,0,0,1,2,2,0.001,0.4004999999999999,1,Defaulted
USR_214,24,High School,Student,2891.0,3,737ed43f-9299-46fd-8842-3e9e23990604,15,owner,0,0.75,highschool,2428.0,0.34,0.11,90,0.63,0.43,0.03,0,0,0,3,2,0.2,0.261,0,Successful Borrower
USR_215,26,Master's,Student,3600.0,2,647c5882-4e4a-4be2-a3c0-495bb35300b4,20,owner,0,0.32,master,2844.0,0.49,0.23,0,0.89,0.49,0.3,0,0,0,0,1,0.5,0.2704999999999999,0,Successful Borrower
USR_216,25,Bachelor's,Employed,5831.0,3,215e258c-5c6e-4bde-8a6c-4046f6271546,58,none,0,0.54,bachelor,3673.0,0.41,0.09,240,0.68,0.71,0.79,0,0,0,3,2,0.001,0.5005,1,Defaulted
USR_217,21,Diploma,Employed,6150.0,2,a48f132f-b61f-4970-874c-4e1a165413a0,11,owner,0,0.35,cert,2091.0,0.46,0.17,180,0.58,0.41,0.14,0,0,0,0,1,0.01,0.31,1,Defaulted
USR_218,24,Diploma,Employed,2082.0,1,e56f6e25-a1da-4725-b89e-729f987c4393,53,rent,21,0.64,cert,1353.0,0.56,0.2,240,0.95,0.37,0.65,0,0,0,2,0,0.201,0.3025,1,Defaulted
USR_219,23,High School,Student,3159.0,1,084db500-ea16-49d3-ac30-82c7e16ca610,49,none,0,0.35,none,2621.0,0.65,0.15,60,0.67,0.09,0.65,0,0,0,2,3,0.206,0.323,0,Successful Borrower
USR_220,21,Diploma,Employed,6920.0,2,755a3936-541e-4927-a9bd-a4e56bbdb65f,6,owner,0,0.81,cert,3114.0,0.67,0.09,60,0.8300000000000001,0.68,0.25,0,0,0,1,2,0.0,0.3055,1,Defaulted
USR_221,26,PhD,Employed,9348.0,3,02f513a3-56be-4be7-bc13-e43ee27e6d91,20,none,0,0.96,phd,3926.0,0.8300000000000001,0.29,60,0.88,0.49,0.77,0,0,0,3,2,0.303,0.4004999999999999,1,Defaulted
USR_222,23,Diploma,Employed,11228.0,1,fb562539-5df2-4dc3-8224-87f2f64b85d9,16,owner,0,0.8,cert,7073.0,0.55,0.06,0,0.98,0.28,0.5,0,0,0,1,2,0.002,0.211,0,Successful Borrower
USR_223,23,High School,Employed,6133.0,1,8953e592-0390-4890-a20d-d0ae2b9c626a,24,owner,0,0.5700000000000001,highschool,1349.0,0.58,0.24,240,0.91,0.36,0.04,0,0,0,0,1,0.005,0.1674999999999999,0,Successful Borrower
USR_224,25,Master's,Self-Employed,11312.0,2,9e92c114-11bb-4354-93da-e3fcf2bb70f0,48,rent,15,1.0,master,8144.0,0.62,0.18,60,0.8300000000000001,0.38,0.56,0,0,0,2,1,0.0,0.3215,0,Successful Borrower
USR_225,26,Master's,Student,8419.0,2,530d1eb6-aa31-4020-a5f3-ea1fc6fecfb4,0,none,0,0.54,master,5809.0,0.56,0.08,15,0.88,0.12,0.25,0,0,0,1,1,0.2154,0.1465,0,Successful Borrower
USR_226,20,Bachelor's,Student,4000.0,1,0f1c5836-fb1e-4757-acdc-49fcaec970da,20,rent,10,0.77,bachelor,2720.0,0.56,0.05,15,0.59,0.12,0.59,0,0,0,2,0,0.2,0.3284999999999999,0,Successful Borrower
USR_227,25,PhD,Employed,8611.0,1,3626cb00-fdcd-4fee-a054-9e104837d54f,5,rent,10,0.58,phd,2066.0,0.72,0.2,30,0.96,0.09,0.51,0,0,0,2,3,0.0,0.194,1,Defaulted
USR_228,24,PhD,Employed,11298.0,2,30aaa588-3719-4b13-813a-e97709e33729,9,rent,6,0.75,phd,10055.0,0.54,0.27,30,0.68,0.5,0.61,0,0,0,2,0,0.0,0.4299999999999999,1,Defaulted
USR_229,23,High School,Employed,8359.0,1,bba3b5e7-2a6f-4e79-b10d-d5b5a3798a3e,49,rent,24,0.5700000000000001,highschool,7355.0,0.75,0.24,30,0.94,0.09,0.38,0,0,0,0,2,0.002,0.1745,0,Successful Borrower
USR_230,26,Diploma,Self-Employed,8080.0,3,22789da9-7f67-40ae-8485-ffb6b0717afa,41,owner,0,0.34,cert,4040.0,0.36,0.22,180,0.58,0.11,0.49,0,0,0,2,3,0.001,0.3299999999999999,1,Defaulted
USR_231,21,Master's,Employed,9363.0,1,d0a9677d-3a12-4275-a7b6-3d3fdfd2940b,4,none,0,0.74,master,4681.0,0.31,0.24,90,0.93,0.22,0.38,0,0,0,1,0,0.0,0.2105,0,Successful Borrower
USR_232,20,Master's,Self-Employed,5958.0,3,24b6837f-224d-41fb-87cb-a4b12d1fa0b3,48,none,0,0.33,master,3038.0,0.53,0.19,120,0.67,0.58,0.09,0,0,0,3,2,0.001,0.3115,1,Defaulted
USR_233,21,Master's,Employed,8027.0,1,72a9071d-a338-41d2-917d-beb67b63d17a,16,none,0,0.9,master,2167.0,0.39,0.08,60,0.76,0.49,0.36,0,0,0,2,2,0.3,0.3085,0,Successful Borrower
USR_234,21,PhD,Employed,4245.0,1,7473faca-7a95-465e-ac7a-b20c7149c37f,39,rent,14,0.74,phd,2759.0,0.81,0.14,360,0.81,0.64,0.06,0,0,0,2,2,0.009,0.2625,0,Successful Borrower
USR_235,21,Diploma,Employed,11273.0,3,76eae53a-216b-4c1e-a35a-7bcba7ef7762,46,none,0,0.54,cert,6876.0,0.43,0.13,15,0.56,0.42,0.73,0,0,0,1,3,0.0,0.4609999999999999,0,Successful Borrower
USR_236,22,High School,Employed,5877.0,1,3d1e05b0-e506-4421-86e5-f9d5ad308546,17,rent,10,0.95,highschool,4525.0,0.46,0.1,360,0.81,0.51,0.6900000000000001,0,0,0,3,3,0.0,0.3815,0,Successful Borrower
USR_237,24,High School,Employed,7525.0,1,339f9b30-be94-4174-97a9-d22d4c015644,53,owner,0,0.94,none,5493.0,0.6000000000000001,0.19,45,0.68,0.17,0.55,0,0,0,3,0,0.001,0.3205,0,Successful Borrower
USR_238,23,Diploma,Employed,10420.0,1,93cc5dfb-c803-4eff-bd16-7a4107f8fc29,48,owner,0,0.98,cert,5210.0,0.51,0.08,180,0.71,0.24,0.75,0,0,0,3,0,0.001,0.361,0,Successful Borrower
USR_239,26,PhD,Employed,6479.0,3,0f7b1bf1-d6fb-4a82-8f4f-2c80bfaf2109,1,none,0,0.71,phd,4600.0,0.84,0.05,0,0.93,0.23,0.41,0,0,0,3,2,0.0,0.192,1,Defaulted
USR_240,26,High School,Employed,5748.0,1,381da1d3-8dac-4470-9b51-d9d6a380c19f,11,owner,0,0.8200000000000001,highschool,4655.0,0.36,0.17,0,0.73,0.06,0.52,0,0,0,3,2,0.003,0.265,1,Defaulted
USR_241,21,High School,Employed,9893.0,1,15e61838-e7b7-4bce-a35f-c59dd4e9bfa0,28,owner,0,0.4,highschool,4056.0,0.6900000000000001,0.26,240,0.8300000000000001,0.19,0.5,0,0,0,1,2,0.0,0.2709999999999999,0,Successful Borrower
USR_242,24,Bachelor's,Student,3878.0,3,4418a475-decc-42c8-8526-8fbb78bd0e3d,43,none,0,0.5700000000000001,bachelor,2210.0,0.54,0.1,180,0.72,0.27,0.42,0,0,0,2,3,0.2,0.2855,0,Successful Borrower
USR_243,25,High School,Employed,2144.0,2,2fa9dba4-089b-46bc-8df5-9622ba7957a2,48,rent,20,0.44,highschool,1886.0,0.66,0.1,120,0.95,0.49,0.29,0,0,0,1,0,0.204,0.2275,0,Successful Borrower
USR_244,22,Bachelor's,Self-Employed,11968.0,2,046cf11d-3acc-4ca8-9023-57c6620d6184,4,rent,11,0.99,bachelor,10412.0,0.68,0.15,60,0.64,0.32,0.39,0,0,0,2,0,0.0,0.326,0,Successful Borrower
USR_245,21,PhD,Student,5200.0,2,608ee101-f608-4df4-bb68-88444c626759,5,rent,12,0.62,phd,2132.0,0.76,0.04,0,0.59,0.32,0.44,0,0,0,3,2,0.0581,0.3394999999999999,0,Successful Borrower
USR_246,25,PhD,Employed,10868.0,3,d99cd877-13c9-4441-b3f7-5fc64981a633,59,rent,6,0.99,phd,5107.0,0.77,0.14,90,0.89,0.54,0.65,0,0,0,1,3,0.0,0.357,0,Successful Borrower
USR_247,26,PhD,Employed,2087.0,3,a4ebf9f3-2779-4c22-81ab-32758701e5f5,12,owner,0,0.34,phd,1106.0,0.39,0.15,15,1.0,0.7000000000000001,0.03,0,0,0,3,0,0.2,0.205,0,Successful Borrower
USR_248,26,PhD,Employed,6440.0,1,d31473eb-0347-42d7-a69a-80176a04fcda,56,none,0,0.58,phd,1674.0,0.6000000000000001,0.13,30,0.78,0.43,0.17,0,0,0,1,0,0.3,0.2465,0,Successful Borrower
USR_249,23,High School,Employed,11633.0,1,f600ed76-2132-40ba-ba86-cf94409276c8,5,none,0,0.51,none,9539.0,0.5,0.07,15,0.5700000000000001,0.21,0.23,0,0,0,2,3,0.002,0.2709999999999999,0,Successful Borrower
USR_250,20,High School,Employed,10907.0,2,a077f629-c7f9-4d0c-8780-39731fd76a0a,42,none,0,0.35,none,8616.0,0.36,0.19,90,0.8,0.63,0.14,0,0,0,3,2,0.001,0.2909999999999999,0,Successful Borrower
USR_251,26,High School,Employed,11419.0,2,7390adac-43f2-46c4-a141-b02143a845db,38,none,0,0.51,highschool,5709.0,0.74,0.05,240,0.87,0.2,0.36,0,0,0,3,0,0.001,0.193,0,Successful Borrower
USR_252,24,PhD,Unemployed,10941.0,1,2ecf47e9-d877-4d96-b0a0-7461f979d3eb,0,rent,8,0.45,phd,8096.0,0.5700000000000001,0.23,15,0.61,0.35,0.34,0,0,0,2,0,0.204,0.3435,0,Successful Borrower
USR_253,20,Bachelor's,Employed,6639.0,3,b4467ad1-d717-4b96-a669-e0a61ac0c326,25,none,0,0.79,bachelor,5576.0,0.3,0.1,240,0.8200000000000001,0.15,0.32,0,0,0,3,2,0.001,0.1955,0,Successful Borrower
USR_254,25,Bachelor's,Employed,6862.0,2,4b5173a9-5603-4126-81a5-937bdfd5d4b3,4,rent,9,0.84,bachelor,1784.0,0.55,0.12,60,0.8,0.26,0.5,0,0,0,1,1,0.0,0.278,1,Defaulted
USR_255,22,PhD,Employed,2145.0,3,82b41fa2-0b44-4781-83d3-84f0dbc6bf67,22,none,0,0.59,phd,1244.0,0.8,0.21,180,0.7000000000000001,0.05,0.54,0,0,0,1,0,0.503,0.2839999999999999,1,Defaulted
USR_256,23,Bachelor's,Employed,11542.0,3,17b829c4-f5ac-41cc-a4be-3da9b5ea8596,47,rent,13,0.5,bachelor,9002.0,0.81,0.16,120,0.95,0.27,0.8,0,0,0,3,0,0.008,0.309,0,Successful Borrower
USR_257,21,High School,Employed,8792.0,3,e673268d-f916-4d60-811d-50eedc16591e,8,owner,0,0.62,none,7912.0,0.75,0.29,90,0.85,0.55,0.44,0,0,0,1,2,0.0321,0.3434999999999999,0,Successful Borrower
USR_258,23,Bachelor's,Employed,7200.0,3,30400d4e-b4a9-4a85-987f-8435357e29f0,5,owner,0,0.95,bachelor,5904.0,0.54,0.28,15,0.94,0.21,0.52,0,1,0,0,2,0.011,0.2455,1,Defaulted
USR_259,25,Bachelor's,Employed,5194.0,3,82c98232-c6e9-43b5-afa9-f73cd8623210,51,none,0,0.88,bachelor,2545.0,0.68,0.13,240,0.68,0.46,0.45,0,0,0,2,3,0.006,0.359,1,Defaulted
USR_260,20,Master's,Employed,7920.0,2,866214b8-88b4-4576-9d53-5a808f1adea3,17,rent,17,0.61,master,2692.0,0.34,0.18,0,1.0,0.21,0.55,0,0,0,2,2,0.004,0.217,0,Successful Borrower
USR_261,25,Diploma,Employed,8147.0,3,29396b77-12bd-40b0-a427-1f3eb5f90493,49,rent,9,0.88,cert,6354.0,0.72,0.02,240,1.0,0.72,0.6900000000000001,0,0,0,1,3,0.001,0.3555,1,Defaulted
USR_262,23,Master's,Employed,8460.0,3,a0fb4f15-018a-4693-b10a-ae45888d22fe,19,owner,0,0.45,master,5752.0,0.73,0.04,180,0.89,0.08,0.09,0,0,0,2,0,0.005,0.087,0,Successful Borrower
USR_263,26,Master's,Employed,7762.0,3,4213e421-8d01-471c-b567-46936d1d6319,9,rent,12,0.76,master,4346.0,0.67,0.26,45,0.74,0.45,0.34,0,0,0,1,1,0.005,0.3275,1,Defaulted
USR_264,25,High School,Employed,5062.0,3,9b82fc0b-236b-4324-8689-edc56b458316,51,rent,2,0.7000000000000001,highschool,3594.0,0.7000000000000001,0.24,30,0.77,0.68,0.56,0,0,0,0,3,0.005,0.4265,1,Defaulted
USR_265,20,Master's,Employed,5317.0,3,ffb48ac4-158f-4023-9081-11d650df88f5,9,owner,0,0.95,master,3083.0,0.65,0.21,0,0.98,0.05,0.53,0,0,0,1,3,0.303,0.1835,0,Successful Borrower
USR_266,25,High School,Self-Employed,4127.0,3,b310cfd8-74f8-4b04-b43a-748dff8a90a0,55,none,0,0.94,highschool,1031.0,0.39,0.1,60,0.79,0.37,0.62,0,0,0,2,1,0.008,0.3359999999999999,1,Defaulted
USR_267,24,Diploma,Student,3001.0,2,3e1dc08a-d8be-4142-9973-9932347c4747,25,rent,6,0.98,cert,1980.0,0.65,0.19,0,0.5700000000000001,0.28,0.79,0,0,0,1,1,0.201,0.4465,1,Defaulted
USR_268,20,Master's,Employed,9555.0,1,2093be7a-8917-442d-93e7-e89579d1fcf6,60,none,0,0.56,master,6401.0,0.52,0.17,15,0.6000000000000001,0.33,0.56,0,0,0,1,0,0.007,0.388,1,Defaulted
USR_269,22,High School,Employed,3941.0,2,1a185ce9-b708-4d1f-921e-9a5891e08d95,27,owner,0,0.68,none,3310.0,0.75,0.04,30,0.91,0.47,0.66,0,0,0,2,3,0.0401,0.3199999999999999,1,Defaulted
USR_270,20,High School,Employed,9440.0,2,84fc5a55-061d-4c01-8224-59d12affccbc,50,none,0,0.55,highschool,4153.0,0.61,0.11,60,0.63,0.27,0.18,0,0,1,2,1,0.003,0.2585,1,Defaulted
USR_271,25,Master's,Employed,5523.0,1,10d846de-1d27-42ef-846c-ff466208833d,15,owner,0,0.4,master,4197.0,0.47,0.16,120,0.74,0.68,0.16,0,1,0,1,0,0.011,0.325,1,Defaulted
USR_272,23,PhD,Employed,4872.0,3,68fa543e-63b0-40d2-a726-de87d0d98b5c,14,none,0,0.53,phd,2825.0,0.8,0.21,45,0.91,0.54,0.18,0,0,0,0,0,0.001,0.2429999999999999,1,Defaulted
USR_273,24,Diploma,Employed,11114.0,3,dbff27ac-67b4-48ea-8b64-3c6604544a0e,48,rent,24,0.62,cert,8891.0,0.5700000000000001,0.09,120,0.84,0.75,0.54,0,0,0,0,2,0.001,0.392,1,Defaulted
USR_274,26,Master's,Employed,7415.0,1,9f15743c-e84a-47ec-b4ee-dd69eadd6cda,31,rent,19,0.72,master,3559.0,0.6900000000000001,0.14,120,0.72,0.25,0.28,0,0,0,3,3,0.011,0.2515,0,Successful Borrower
USR_275,25,High School,Student,3641.0,1,d8b30ffa-a27e-490b-9b1a-44e92c44bc8b,37,none,0,0.34,none,1347.0,0.44,0.11,120,0.87,0.56,0.25,0,0,0,0,1,0.204,0.2645,0,Successful Borrower
USR_276,22,Diploma,Student,3045.0,3,dce33928-8e6a-429d-b3ae-1eca6b838cc0,26,owner,0,0.47,cert,2496.0,0.31,0.21,15,0.73,0.46,0.76,0,0,0,3,3,0.201,0.431,1,Defaulted
USR_277,26,High School,Employed,2151.0,3,189d580c-85d4-44df-bb06-ebf0e29e56e6,7,none,0,0.47,highschool,1355.0,0.53,0.18,240,0.6900000000000001,0.23,0.54,0,0,0,2,3,0.203,0.328,1,Defaulted
USR_278,25,Bachelor's,Employed,4425.0,2,361c5453-c5a9-48c7-b009-481978ad3a1b,60,owner,0,0.38,bachelor,2699.0,0.84,0.03,360,0.75,0.56,0.25,0,0,0,1,2,0.007,0.2945,0,Successful Borrower
USR_279,20,Diploma,Student,1766.0,2,4855410d-614b-44f5-a73c-95797ca66674,6,none,0,0.85,cert,512.0,0.77,0.14,0,1.0,0.35,0.8,0,0,0,2,0,0.0531,0.3085,0,Successful Borrower
USR_280,21,Diploma,Self-Employed,10508.0,1,115fb8a1-a18d-461a-94da-7f204dc56b71,35,rent,2,0.5700000000000001,cert,4203.0,0.84,0.21,15,0.61,0.12,0.3,0,0,0,1,1,0.002,0.273,0,Successful Borrower
USR_281,25,Bachelor's,Employed,2218.0,2,62531a1b-15d8-4e63-83f9-ceaa1d3d6647,40,rent,19,0.76,bachelor,1463.0,0.8200000000000001,0.11,360,0.61,0.65,0.64,0,0,0,3,0,0.204,0.4755,1,Defaulted
USR_282,20,Bachelor's,Employed,8198.0,3,7a1b8c4c-b77f-4bae-8589-8c8b2a9d0b8c,24,none,0,0.44,bachelor,3689.0,0.39,0.2,60,0.67,0.43,0.45,0,0,0,1,3,0.003,0.3654999999999999,1,Defaulted
USR_283,26,Diploma,Employed,11503.0,2,f97f365c-765c-4e2c-8f21-99c40a04c4c2,26,rent,21,0.8,cert,4601.0,0.71,0.15,240,0.66,0.73,0.63,0,0,0,3,3,0.001,0.4815,1,Defaulted
USR_284,20,Master's,Employed,2242.0,1,f293d9e6-d61a-4f33-ba8c-13789e621e8b,38,none,0,0.58,master,515.0,0.6900000000000001,0.25,240,0.76,0.47,0.41,0,0,0,2,2,0.205,0.3414999999999999,1,Defaulted
USR_285,20,High School,Employed,11125.0,3,b1cc7b9e-3af7-4522-a8ac-30573c882739,32,none,0,0.8200000000000001,highschool,7676.0,0.31,0.03,15,0.6900000000000001,0.5700000000000001,0.61,0,0,0,2,1,0.004,0.408,1,Defaulted
USR_286,26,PhD,Employed,5007.0,3,5c1c009c-d5aa-4aca-86dd-1fb9423b775b,59,rent,6,0.4,phd,4406.0,0.54,0.09,360,0.58,0.42,0.56,0,0,0,1,2,0.32,0.4055,1,Defaulted
USR_287,21,Bachelor's,Employed,9118.0,1,7b874882-299b-4e54-860d-9dec653a8310,50,none,0,0.72,bachelor,4650.0,0.67,0.16,30,0.85,0.25,0.53,0,0,0,1,2,0.009,0.2715,1,Defaulted
USR_288,25,PhD,Employed,8787.0,2,20211843-0514-4f7f-ac93-9fdaa4fee8c7,31,none,0,0.38,phd,5360.0,0.48,0.08,90,0.65,0.13,0.18,0,0,0,1,0,0.3,0.2119999999999999,0,Successful Borrower
USR_289,23,PhD,Self-Employed,10617.0,3,a3251274-7e14-4181-a5ae-f9d9940f87b1,5,rent,22,0.39,phd,9555.0,0.78,0.08,240,0.98,0.27,0.55,0,0,0,3,2,0.001,0.224,0,Successful Borrower
USR_290,24,High School,Employed,6931.0,1,e6e39118-3aeb-43ce-95e8-a477021a6198,29,none,0,0.93,highschool,3396.0,0.8300000000000001,0.24,60,0.63,0.54,0.48,0,0,0,3,1,0.005,0.4205,1,Defaulted
USR_291,22,Bachelor's,Unemployed,2245.0,2,c88a9dff-2f52-4ae7-b428-fe442a99c1f6,0,none,0,0.67,bachelor,1975.0,0.6000000000000001,0.22,30,0.84,0.58,0.08,1,0,0,3,3,0.005,0.254,0,Successful Borrower
USR_292,22,Master's,Employed,10051.0,2,dcae897f-8528-4a7a-b34b-31771635d60a,36,none,0,0.65,master,6633.0,0.62,0.24,240,0.66,0.67,0.19,0,0,0,3,1,0.01,0.3699999999999999,1,Defaulted
USR_293,20,Diploma,Employed,9879.0,3,bb5c77e0-1d28-4cf8-963a-34358dd4c0e0,42,none,0,0.97,cert,3951.0,0.72,0.05,60,0.77,0.21,0.75,0,0,0,3,0,0.0,0.328,0,Successful Borrower
USR_294,22,PhD,Employed,6516.0,1,70458923-f07e-45b5-8d75-80078b076ecb,18,owner,0,0.58,phd,4300.0,0.5,0.17,90,0.74,0.5700000000000001,0.26,0,0,0,0,1,0.003,0.324,1,Defaulted
USR_295,20,High School,Employed,5747.0,1,23e64637-44b5-4b66-abd6-6a1c9217fa08,31,rent,16,0.66,none,1839.0,0.37,0.24,60,0.88,0.13,0.72,0,0,0,2,0,0.006,0.2905,0,Successful Borrower
USR_296,26,High School,Employed,11126.0,1,bf0080e2-7d65-4978-950f-dec98541ad88,58,owner,0,0.85,highschool,6341.0,0.53,0.14,30,0.8,0.46,0.77,0,0,0,2,2,0.0,0.3985,0,Successful Borrower
USR_297,25,Bachelor's,Employed,9238.0,3,a8387101-4422-4865-a20e-f24b0f1f9195,26,none,0,0.76,bachelor,7020.0,0.76,0.19,60,0.86,0.11,0.39,0,0,0,3,3,0.001,0.2024999999999999,0,Successful Borrower
USR_298,26,Bachelor's,Employed,9961.0,1,dd32d490-7a9c-498f-9b8c-5498225ae680,33,none,0,0.47,bachelor,6076.0,0.75,0.12,15,0.62,0.35,0.33,0,0,0,1,3,0.005,0.321,0,Successful Borrower
USR_299,23,Bachelor's,Employed,8032.0,3,a6df8b97-496a-43d4-98f7-3a84495e6faa,55,none,0,0.52,bachelor,2329.0,0.5,0.18,90,0.66,0.14,0.36,0,0,0,3,1,0.002,0.2709999999999999,0,Successful Borrower
USR_300,22,High School,Employed,9493.0,3,b5fc9ac3-2860-44ca-acfb-67a959df8ef4,31,none,0,0.71,highschool,3417.0,0.33,0.03,360,0.6900000000000001,0.09,0.71,0,0,0,2,3,0.011,0.313,0,Successful Borrower
USR_301,25,Bachelor's,Employed,10520.0,3,e4b8f3fd-fc8a-4414-ad30-c47670bd774e,13,none,0,0.58,bachelor,6627.0,0.68,0.03,120,0.98,0.05,0.07,0,0,0,0,2,0.005,0.0415,0,Successful Borrower
USR_302,22,PhD,Employed,6991.0,3,91bc720e-49db-465c-ab93-bc4d75b74306,24,none,0,0.5700000000000001,phd,4194.0,0.66,0.06,30,0.63,0.55,0.34,0,0,0,1,0,0.002,0.361,1,Defaulted
USR_303,23,PhD,Student,1826.0,3,0ffb6f26-d0a5-4499-8ae3-5e59042b4b90,5,owner,0,0.46,phd,1040.0,0.3,0.28,45,0.91,0.29,0.14,0,0,0,1,0,0.0391,0.181,0,Successful Borrower
USR_304,24,Diploma,Employed,11653.0,1,34252c52-c1b5-41ae-b7b7-1aa0c80a357f,11,owner,0,0.73,cert,7924.0,0.5700000000000001,0.18,45,0.76,0.23,0.2,1,0,0,2,1,0.004,0.2185,0,Successful Borrower
USR_305,22,High School,Employed,2172.0,1,2028a0bd-c717-4be5-8972-773227cdbfb6,29,none,0,0.6900000000000001,none,1107.0,0.75,0.2,90,0.8200000000000001,0.4,0.77,0,0,0,0,1,0.2,0.3854999999999999,0,Successful Borrower
USR_306,21,High School,Employed,6026.0,3,629e2a00-df19-4cc8-b428-6e72995ad891,22,rent,10,0.5,highschool,3555.0,0.58,0.07,45,0.87,0.39,0.61,0,0,0,0,0,0.001,0.306,0,Successful Borrower
USR_307,26,High School,Self-Employed,4240.0,3,7e81f00c-03e4-47d7-899b-f6c284b4e5e1,15,none,0,0.61,none,1484.0,0.7000000000000001,0.12,60,0.89,0.13,0.13,0,0,0,1,3,0.006,0.1215,0,Successful Borrower
USR_308,20,Diploma,Employed,4712.0,2,43ec2fd0-d716-47a5-b910-cdc03fda7f89,51,owner,0,0.6900000000000001,cert,1413.0,0.8300000000000001,0.06,0,0.63,0.4,0.8,0,0,0,3,2,0.001,0.4385,1,Defaulted
USR_309,24,Bachelor's,Employed,4577.0,1,0705f2a3-181c-4c71-a30f-8d1548976f78,46,rent,10,0.85,bachelor,2288.0,0.8200000000000001,0.14,180,0.75,0.44,0.3,0,0,0,0,3,0.009,0.2935,1,Defaulted
USR_310,24,High School,Employed,7463.0,2,0f6455c0-4a16-4327-92b9-1b53c09dfd64,47,owner,0,0.66,none,6119.0,0.36,0.12,360,0.5700000000000001,0.31,0.52,0,0,0,1,2,0.012,0.376,1,Defaulted
USR_311,26,Diploma,Employed,9831.0,3,7d84ba84-57c2-47dc-8597-39d33c4bf01d,1,rent,20,0.5700000000000001,cert,8651.0,0.35,0.11,360,0.79,0.18,0.4,0,0,0,2,2,0.009,0.235,0,Successful Borrower
USR_312,25,High School,Employed,6440.0,2,1d082b51-0e7a-43ed-a9e7-c7d519201146,23,rent,17,0.98,highschool,1867.0,0.31,0.28,30,0.98,0.7000000000000001,0.12,0,0,0,2,3,0.002,0.254,0,Successful Borrower
USR_313,24,Master's,Employed,10446.0,3,018dda3a-a59e-43d5-a549-542f27583f75,6,owner,0,0.35,master,3551.0,0.41,0.11,60,0.89,0.59,0.68,0,0,0,2,0,0.3,0.3725,1,Defaulted
USR_314,24,High School,Employed,5662.0,3,229a0300-991f-4747-90c6-099e1d0a7c03,36,none,0,0.45,highschool,2547.0,0.55,0.29,0,0.88,0.74,0.48,0,0,0,2,1,0.0,0.3904999999999999,1,Defaulted
USR_315,26,High School,Employed,4808.0,3,4e211c20-25b7-43c1-a248-af6f0e1e548a,28,owner,0,0.43,highschool,3942.0,0.35,0.11,30,0.87,0.14,0.09,0,0,0,3,1,0.002,0.1195,0,Successful Borrower
USR_316,26,Master's,Employed,7227.0,3,5155ddbc-cbf1-4dca-9722-c342cca04cf4,54,none,0,0.91,master,1951.0,0.78,0.07,30,0.89,0.63,0.45,0,0,0,0,1,0.0,0.319,1,Defaulted
USR_317,25,High School,Employed,9699.0,3,57af7111-5701-4278-9a2c-ae4533691605,36,rent,14,0.36,none,3297.0,0.8300000000000001,0.12,30,0.9,0.43,0.34,0,0,1,2,1,0.0,0.2454999999999999,0,Successful Borrower
USR_318,23,Master's,Employed,5325.0,1,117c8f73-949b-4a8d-af16-eb4362bccf5c,39,rent,19,0.4,master,1810.0,0.51,0.23,15,0.6000000000000001,0.09,0.76,0,0,0,0,2,0.0,0.3869999999999999,1,Defaulted
USR_319,22,Master's,Employed,5511.0,3,274764f6-cfe7-4393-9369-5315baf99564,14,owner,0,0.4,master,4904.0,0.64,0.24,180,0.74,0.49,0.16,0,0,0,0,0,0.0,0.2895,1,Defaulted
USR_320,24,High School,Employed,8409.0,2,328100b6-a1c0-4dac-82d5-b46f87c34d2b,40,none,0,0.47,highschool,6306.0,0.38,0.14,120,0.95,0.72,0.41,0,0,0,0,0,0.002,0.321,0,Successful Borrower
USR_321,22,High School,Employed,2307.0,1,46be5203-8480-4eb4-84de-6616929bf7b4,21,owner,0,0.63,none,1338.0,0.44,0.13,120,0.9,0.14,0.11,0,0,0,1,1,0.205,0.1169999999999999,0,Successful Borrower
USR_322,24,High School,Self-Employed,11375.0,3,b4f7eb8e-3b7d-4422-bffb-8e0fc32037fc,56,owner,0,0.31,highschool,3185.0,0.84,0.1,240,0.79,0.67,0.11,0,0,0,2,1,0.001,0.2835,0,Successful Borrower
USR_323,23,PhD,Student,3568.0,2,6b129b81-3465-41f0-bd8b-607c532f640b,53,owner,0,0.73,phd,1891.0,0.36,0.29,180,0.86,0.59,0.13,0,0,0,1,2,0.5,0.2725,0,Successful Borrower
USR_324,22,PhD,Employed,6335.0,1,807b5d61-2109-4e00-8eab-d3f73ba1c48f,2,none,0,0.73,phd,3484.0,0.79,0.15,15,0.68,0.15,0.16,0,0,0,0,3,0.003,0.2119999999999999,0,Successful Borrower
USR_325,23,PhD,Employed,10225.0,2,21241bad-5747-4ca4-81cd-0cdb78ca706e,9,owner,0,0.86,phd,4703.0,0.51,0.19,45,0.96,0.58,0.47,0,0,0,1,0,0.301,0.3049999999999999,0,Successful Borrower
USR_326,20,PhD,Employed,6084.0,2,fa6316ad-b7dd-482a-8ee9-4ea9fe0035c1,31,owner,0,0.98,phd,1642.0,0.81,0.27,240,0.74,0.68,0.37,0,0,0,3,0,0.004,0.394,1,Defaulted
USR_327,21,Diploma,Student,4808.0,1,1bad773b-3f8b-4d30-920a-00bc6e8da69a,2,rent,2,0.99,cert,4327.0,0.64,0.25,60,0.6900000000000001,0.56,0.65,0,0,0,2,3,0.0321,0.4485,1,Defaulted
USR_328,22,PhD,Self-Employed,10061.0,3,55a2b7e1-4e2a-4ace-82be-155ec0e8f0f3,38,none,0,0.85,phd,4728.0,0.8,0.1,360,1.0,0.26,0.5,0,0,0,1,1,0.3,0.205,0,Successful Borrower
USR_329,23,High School,Student,3439.0,1,78fbd4ad-70e2-469a-99fd-2f35aca3bc9b,4,none,0,0.67,none,1134.0,0.76,0.06,0,0.89,0.67,0.33,0,0,0,2,1,0.0,0.2975,0,Successful Borrower
USR_330,24,Master's,Student,2700.0,1,7e4bb55a-c45d-4a89-a3a4-abb183387d51,1,rent,22,0.53,master,648.0,0.74,0.18,360,0.92,0.6900000000000001,0.33,0,0,0,3,0,0.0,0.31,1,Defaulted
USR_331,25,High School,Employed,9335.0,3,3606bf2c-8f6a-4db1-80a6-7e2a3d996b74,25,rent,8,0.88,none,7094.0,0.66,0.24,15,0.61,0.56,0.79,0,0,0,3,3,0.008,0.51,1,Defaulted
USR_332,26,Master's,Employed,8100.0,1,c90d9f32-41aa-45d5-aff7-fde195a1b942,28,owner,0,0.74,master,4536.0,0.45,0.28,90,0.75,0.39,0.47,0,0,0,3,2,0.001,0.3445,1,Defaulted
USR_333,26,Bachelor's,Self-Employed,9421.0,3,4d761698-95cd-4ade-ba1b-74a8e3b20349,51,rent,16,0.41,bachelor,6688.0,0.59,0.24,30,0.9,0.12,0.79,0,0,0,0,3,0.004,0.2985,0,Successful Borrower
USR_334,26,Master's,Self-Employed,11700.0,1,64710ba3-d150-4fc4-b966-c6aca5c0f46d,57,owner,0,0.97,master,8658.0,0.31,0.16,180,0.79,0.05,0.71,0,0,0,3,3,0.001,0.2875,0,Successful Borrower
USR_335,21,High School,Student,3752.0,2,7c4526fa-736e-43fb-bdc0-fbde90f82050,26,rent,22,0.63,none,750.0,0.6000000000000001,0.28,120,0.84,0.67,0.38,0,0,0,2,0,0.204,0.3605,1,Defaulted
USR_336,26,Bachelor's,Employed,5512.0,2,ef551d86-ea25-4e77-9538-037bf126c1d9,40,owner,0,0.32,bachelor,1984.0,0.71,0.21,240,0.59,0.35,0.02,0,0,0,3,1,0.0291,0.2674999999999999,0,Successful Borrower
USR_337,21,Bachelor's,Self-Employed,7265.0,2,5e14bacb-b396-408a-a926-dc64a8361d69,31,rent,23,0.41,bachelor,3269.0,0.47,0.3,240,0.67,0.09,0.21,0,0,0,2,1,0.003,0.2355,1,Defaulted
USR_338,23,High School,Self-Employed,11686.0,1,c134b6f2-5448-4f09-bf2b-2d5da3f5ef3e,36,owner,0,0.87,highschool,7362.0,0.65,0.03,60,0.56,0.24,0.61,0,0,0,1,3,0.001,0.3709999999999999,0,Successful Borrower
USR_339,21,Bachelor's,Employed,2219.0,3,28ba8d25-29ef-4a7c-9f25-31f6563a0e87,28,owner,0,0.74,bachelor,1952.0,0.41,0.1,45,0.95,0.55,0.27,0,0,1,0,0,0.2,0.2375,1,Defaulted
USR_340,21,Diploma,Student,2695.0,3,04af1949-0edf-46c8-9128-5b3e0da5ce3e,34,none,0,0.42,cert,565.0,0.34,0.09,0,0.97,0.71,0.32,0,0,0,3,3,0.203,0.2815,0,Successful Borrower
USR_341,26,High School,Employed,4556.0,1,09fee15a-67bb-4cf5-9950-900ee715773d,56,owner,0,0.74,highschool,2733.0,0.42,0.29,180,0.67,0.5,0.65,0,0,0,0,1,0.0301,0.4465,1,Defaulted
USR_342,25,Master's,Student,3528.0,1,827a4228-9e5b-4120-a9ac-ac4b6734e5b1,4,rent,21,0.31,master,2963.0,0.41,0.27,30,0.85,0.07,0.12,0,0,0,2,1,0.302,0.1405,0,Successful Borrower
USR_343,21,High School,Employed,6699.0,1,b1ad70ee-4b88-4af6-96e2-0dc1d2c714d0,27,owner,0,0.59,highschool,3148.0,0.35,0.29,240,0.63,0.15,0.2,0,0,0,1,0,0.001,0.2605,0,Successful Borrower
USR_344,26,Bachelor's,Employed,4290.0,3,ed5679f8-748f-4cb4-9ab1-9d7620eed029,37,none,0,0.67,bachelor,1029.0,0.41,0.22,60,0.5700000000000001,0.51,0.01,0,0,0,2,0,0.015,0.3135,0,Successful Borrower
USR_345,24,Diploma,Employed,7701.0,1,f20f3140-68de-42b5-a5f8-fb0dc611618d,37,none,0,0.7000000000000001,cert,3542.0,0.66,0.25,240,0.66,0.73,0.18,0,0,0,3,0,0.009,0.3839999999999999,0,Successful Borrower
USR_346,24,High School,Employed,2349.0,3,ee063840-4248-4677-8363-593375f9d425,60,rent,20,0.77,none,1879.0,0.48,0.26,120,0.67,0.53,0.37,0,0,0,1,0,0.208,0.3795,0,Successful Borrower
USR_347,20,Bachelor's,Employed,4950.0,3,8bb7c4d5-ee3d-4483-9fe1-0f955afbe407,15,none,0,0.99,bachelor,2574.0,0.63,0.02,30,0.84,0.05,0.38,0,0,0,3,3,0.007,0.1665,0,Successful Borrower
USR_348,23,PhD,Student,3184.0,1,6e4ae8c5-a4fb-424c-a849-1c065e927e28,46,none,0,0.87,phd,955.0,0.41,0.19,15,0.63,0.59,0.4,0,0,0,2,2,0.205,0.4054999999999999,1,Defaulted
USR_349,25,Bachelor's,Self-Employed,9327.0,2,07e0ec85-87d1-4418-ae5c-cee4be57da87,28,rent,5,0.98,bachelor,2611.0,0.34,0.16,360,0.8300000000000001,0.09,0.12,0,0,0,0,3,0.0,0.1359999999999999,0,Successful Borrower
USR_350,20,Master's,Employed,10652.0,3,a17ee3c7-c4a4-4be8-9b7c-6a7b7fca7c06,16,owner,0,0.58,master,2663.0,0.46,0.29,240,0.98,0.66,0.65,0,0,0,3,1,0.012,0.378,1,Defaulted
USR_351,26,PhD,Employed,9608.0,2,a3cf371f-3527-4906-a06a-17e795b977c8,18,none,0,0.34,phd,4515.0,0.43,0.2,15,0.79,0.73,0.79,0,0,0,3,2,0.005,0.4835,1,Defaulted
USR_352,25,PhD,Employed,2315.0,3,e11c962b-fe7d-49e7-a9c9-f34251570824,29,owner,0,0.48,phd,1111.0,0.54,0.09,15,0.98,0.17,0.45,1,0,0,3,3,0.503,0.1755,0,Successful Borrower
USR_353,20,High School,Employed,8804.0,3,75ea74ee-a743-4b04-8cd4-10a787d986f7,45,none,0,0.92,none,5546.0,0.47,0.25,240,0.59,0.7000000000000001,0.61,0,0,0,3,0,0.005,0.5085,1,Defaulted
USR_354,24,Diploma,Employed,9761.0,2,b4265c1c-bf17-424e-95d7-a66a701e08ae,26,owner,0,0.33,cert,2147.0,0.59,0.15,15,0.75,0.22,0.45,1,0,0,1,1,0.0,0.2775,0,Successful Borrower
USR_355,25,High School,Student,3628.0,1,29724887-2734-4a0e-8053-6e5ac5f8f03c,45,owner,0,0.36,highschool,1668.0,0.72,0.2,30,0.95,0.54,0.2,0,0,0,2,3,0.202,0.2325,0,Successful Borrower
USR_356,21,PhD,Self-Employed,8255.0,3,f3440572-9151-4286-8be3-44c1473035c7,59,owner,0,0.91,phd,1816.0,0.71,0.11,120,0.91,0.65,0.65,0,0,0,0,3,0.004,0.373,1,Defaulted
USR_357,24,High School,Employed,9511.0,1,ba85e629-2d50-4741-90c9-d2d0df8a07d0,40,rent,4,0.9,highschool,3328.0,0.34,0.15,360,0.58,0.41,0.6000000000000001,0,0,0,3,1,0.0,0.422,1,Defaulted
USR_358,24,Bachelor's,Employed,5929.0,1,bb1264ce-bcdd-47e9-9c74-f24cf8dfbd40,39,none,0,0.9,bachelor,2312.0,0.35,0.2,120,0.76,0.52,0.19,0,0,0,1,2,0.01,0.2915,0,Successful Borrower
USR_359,22,Bachelor's,Self-Employed,10583.0,3,a2d67809-5ae3-4741-b2ad-a76b08a1dd86,42,rent,10,0.58,bachelor,3069.0,0.53,0.28,30,0.8300000000000001,0.26,0.44,1,0,0,1,3,0.012,0.2764999999999999,0,Successful Borrower
USR_360,21,Diploma,Employed,2334.0,1,e96ae63c-3229-4640-8084-6e2530e51e96,12,rent,18,0.88,cert,1003.0,0.36,0.26,120,0.99,0.64,0.59,0,0,0,3,3,0.204,0.35,0,Successful Borrower
USR_361,20,PhD,Self-Employed,10467.0,1,bbb01373-8aec-4175-9a71-b00a1b8db442,5,none,0,0.72,phd,4082.0,0.65,0.25,45,0.5700000000000001,0.15,0.52,0,0,0,2,2,0.003,0.3554999999999999,0,Successful Borrower
USR_362,23,High School,Self-Employed,8671.0,1,9436eb1e-78e4-457a-b4a0-c41fe2a9ba2f,5,none,0,0.76,none,2601.0,0.75,0.26,30,0.93,0.47,0.14,0,0,0,0,2,0.0,0.2159999999999999,1,Defaulted
USR_363,22,Master's,Employed,8951.0,2,841f0569-a0be-4e65-8a1d-b900538d20d0,5,rent,0,0.49,master,4117.0,0.71,0.09,120,0.92,0.71,0.09,0,1,0,1,0,0.002,0.2414999999999999,1,Defaulted
USR_364,26,PhD,Student,4587.0,3,9fd6b108-e6c1-4012-ba8c-b07bccd95b14,6,owner,0,0.41,phd,3486.0,0.61,0.21,240,0.93,0.55,0.56,0,0,0,0,1,0.023,0.3335,1,Defaulted
USR_365,25,High School,Employed,2563.0,1,d9896d93-4424-4b6b-aa64-6f3396ffea37,57,rent,2,0.8300000000000001,highschool,1025.0,0.37,0.21,60,0.7000000000000001,0.34,0.17,0,0,0,0,3,0.215,0.264,0,Successful Borrower
USR_366,23,Diploma,Employed,8857.0,3,49fa0b4b-4440-4455-a2de-04957e68977d,32,none,0,0.62,cert,2657.0,0.7000000000000001,0.05,360,0.85,0.34,0.19,0,0,0,3,2,0.002,0.1925,0,Successful Borrower
USR_367,25,High School,Student,2624.0,1,06a2aa6e-e61b-4693-8dd1-a41ae7d45787,37,owner,0,0.66,none,2204.0,0.6000000000000001,0.22,240,0.96,0.29,0.77,0,0,0,3,0,0.206,0.312,0,Successful Borrower
USR_368,20,Master's,Employed,2385.0,2,530a4b7c-8d93-4463-aeed-a86d6b639eac,31,owner,0,0.41,master,1550.0,0.46,0.14,90,0.8300000000000001,0.67,0.36,0,0,0,1,0,0.205,0.3379999999999999,0,Successful Borrower
USR_369,26,PhD,Employed,5874.0,1,ac21024d-f81b-43b9-b27e-15d314cad797,40,rent,5,0.56,phd,4053.0,0.68,0.04,30,0.79,0.22,0.37,0,0,0,1,2,0.31,0.2269999999999999,0,Successful Borrower
USR_370,23,PhD,Employed,9585.0,2,880dd0d8-776f-4f17-a5ed-5a5641e94865,44,none,0,0.81,phd,4696.0,0.72,0.05,90,0.58,0.12,0.61,0,0,0,0,3,0.008,0.337,0,Successful Borrower
USR_371,22,PhD,Employed,10089.0,1,40fb1541-0d4e-4829-b574-afa05321d863,46,owner,0,0.71,phd,6456.0,0.64,0.26,30,0.92,0.22,0.46,0,0,0,3,1,0.002,0.237,0,Successful Borrower
USR_372,21,PhD,Student,3775.0,3,f790daac-4840-40c3-9289-fd8c9c12a148,32,owner,0,0.38,phd,1396.0,0.5700000000000001,0.12,360,0.72,0.61,0.44,0,0,0,3,3,0.5,0.3785,1,Defaulted
USR_373,22,High School,Employed,6001.0,2,78f085da-4bab-42fc-8991-011092ccb9b2,39,rent,15,0.93,highschool,3240.0,0.84,0.28,60,0.73,0.58,0.1,0,0,0,0,2,0.0,0.3065,1,Defaulted
USR_374,23,Diploma,Employed,7368.0,2,c0addbbc-744a-4004-bf3b-7c470d6750e5,46,owner,0,0.31,cert,5231.0,0.44,0.03,180,0.8,0.43,0.39,0,0,0,3,2,0.0,0.2795,0,Successful Borrower
USR_375,26,High School,Employed,7848.0,3,992b7c4f-30e2-407e-ae84-494dc605c0cd,20,none,0,0.34,highschool,2589.0,0.68,0.23,30,0.8300000000000001,0.28,0.51,0,0,0,1,0,0.001,0.2915,1,Defaulted
USR_376,26,High School,Employed,2498.0,2,05f698d6-bbd3-452a-9243-807a643059d3,13,owner,0,0.71,highschool,1798.0,0.33,0.18,240,0.96,0.42,0.05,0,0,0,1,3,0.21,0.1585,0,Successful Borrower
USR_377,24,Master's,Employed,6685.0,3,dd7d3de0-55e5-4105-a484-85299e71a80b,1,none,0,0.63,master,3075.0,0.51,0.18,180,0.6000000000000001,0.52,0.27,0,0,0,2,2,0.307,0.3645,0,Successful Borrower
USR_378,21,PhD,Employed,10324.0,1,7aec8425-6272-4b58-8d67-a73b4cf49f8e,41,rent,23,0.64,phd,4026.0,0.61,0.1,15,0.8300000000000001,0.46,0.19,0,0,0,0,0,0.307,0.237,0,Successful Borrower
USR_379,20,High School,Employed,5055.0,1,f4e598ab-f9a2-4d10-8a64-dcc46302c253,12,none,0,0.81,highschool,2729.0,0.78,0.11,0,0.65,0.18,0.59,0,0,0,1,3,0.002,0.3314999999999999,1,Defaulted
USR_380,20,Master's,Employed,9032.0,3,bacf7f5e-8b3b-4eb5-b9a1-c899660ea01f,4,rent,23,0.33,master,7586.0,0.77,0.18,360,0.73,0.5,0.23,0,0,0,3,2,0.301,0.304,0,Successful Borrower
USR_381,20,High School,Employed,9418.0,1,b5f59963-139c-4140-8fc3-9224731c84ba,20,none,0,0.56,none,6592.0,0.5700000000000001,0.1,120,0.84,0.6000000000000001,0.52,0,0,0,1,3,0.001,0.351,1,Defaulted
USR_382,26,High School,Employed,6212.0,3,5e5f8b33-9a33-41f8-9367-159e0dac67b1,15,none,0,0.85,none,4286.0,0.33,0.13,120,0.98,0.73,0.25,0,1,0,1,3,0.018,0.2715,0,Successful Borrower
USR_383,25,High School,Employed,4649.0,1,8cc9e4b7-fbc4-43ee-a371-43ac17793950,44,rent,0,0.41,none,2463.0,0.54,0.16,360,0.96,0.29,0.48,0,0,0,2,3,0.01,0.2305,0,Successful Borrower
USR_384,24,PhD,Employed,9277.0,3,229ad7fb-f2bc-4058-824d-7246689ba4f9,53,none,0,0.61,phd,4824.0,0.71,0.26,60,0.89,0.41,0.5,0,0,0,2,2,0.008,0.305,0,Successful Borrower
USR_385,25,High School,Employed,5775.0,1,2994e9a5-f4f0-445f-ae2e-68c0adfc46b2,56,owner,0,0.88,none,3176.0,0.49,0.19,240,0.88,0.37,0.02,0,0,0,1,0,0.005,0.168,0,Successful Borrower
USR_386,24,Diploma,Self-Employed,10787.0,2,4405531f-21c0-437c-88c8-89833d487750,31,rent,16,0.55,cert,3451.0,0.39,0.24,360,0.85,0.13,0.59,0,0,0,3,1,0.001,0.2684999999999999,0,Successful Borrower
USR_387,23,Bachelor's,Student,3499.0,2,3e2ab3de-2bd3-4876-811f-f76469786c13,19,none,0,0.97,bachelor,1994.0,0.43,0.14,0,0.96,0.33,0.78,0,0,0,1,2,0.201,0.3125,0,Successful Borrower
USR_388,22,Diploma,Self-Employed,4970.0,1,d1ef2342-5dee-4d95-8056-198098807620,16,none,0,0.91,cert,4224.0,0.72,0.21,60,0.73,0.52,0.3,0,0,0,0,2,0.0,0.3309999999999999,0,Successful Borrower
USR_389,21,Diploma,Student,5173.0,3,9f8f95b3-9e58-4f79-986f-4277911f866a,2,none,0,0.54,cert,3362.0,0.6900000000000001,0.28,240,0.8300000000000001,0.42,0.23,0,0,0,1,1,0.0531,0.2639999999999999,1,Defaulted
USR_390,25,PhD,Employed,5483.0,1,dffad2ac-afd3-46eb-bd86-1a556c619fb7,26,rent,23,0.73,phd,1644.0,0.32,0.06,360,0.75,0.72,0.6000000000000001,0,0,0,1,3,0.0,0.4265,0,Successful Borrower
USR_391,23,Master's,Employed,10959.0,2,f8679044-6654-4a3f-b470-cc1aa0680b22,48,none,0,0.87,master,2958.0,0.78,0.07,90,0.64,0.13,0.54,0,0,0,3,3,0.3,0.304,0,Successful Borrower
USR_392,26,Master's,Self-Employed,7080.0,2,20841cda-7ca5-41c3-84e2-46239b0c6833,3,owner,0,0.61,master,4389.0,0.64,0.19,90,0.56,0.24,0.79,0,0,0,3,1,0.001,0.4399999999999999,1,Defaulted
USR_393,24,High School,Employed,7029.0,1,c5b9cf2e-236a-4af5-be20-15bbea936d96,10,owner,0,0.68,highschool,4639.0,0.59,0.19,90,0.96,0.44,0.8,0,0,0,2,1,0.01,0.3525,1,Defaulted
USR_394,20,Diploma,Employed,10214.0,3,79df3f43-233c-400f-84c8-46c57454cd57,32,none,0,0.88,cert,6843.0,0.59,0.1,360,0.72,0.52,0.55,0,0,0,3,0,0.002,0.3805,1,Defaulted
USR_395,26,PhD,Self-Employed,4664.0,3,4c3ba91b-4108-4454-8a8f-a21d967054b6,46,owner,0,0.67,phd,2658.0,0.44,0.2,30,0.8,0.44,0.6000000000000001,0,0,0,3,0,0.002,0.36,1,Defaulted
USR_396,25,High School,Employed,6722.0,2,4dd93dda-4998-44ba-be0f-25a8726ea575,3,rent,20,0.77,highschool,4638.0,0.52,0.1,30,0.89,0.38,0.68,0,0,0,0,3,0.0,0.3185,0,Successful Borrower
USR_397,22,PhD,Employed,5255.0,1,284c1817-7649-4024-9123-6cb5fcbafc7b,47,owner,0,0.91,phd,1786.0,0.44,0.19,30,0.9,0.13,0.06,0,0,0,3,2,0.001,0.1109999999999999,0,Successful Borrower
USR_398,20,Master's,Self-Employed,5264.0,1,248a259d-24ae-4c19-9c4b-6d6b64fc9501,36,owner,0,0.93,master,1842.0,0.78,0.27,180,0.67,0.7000000000000001,0.55,0,0,0,1,2,0.301,0.4684999999999999,1,Defaulted
USR_399,25,Diploma,Employed,2342.0,1,6590209e-735b-4f1e-942c-003520d965dc,26,rent,21,0.96,cert,2060.0,0.63,0.12,360,0.78,0.16,0.39,0,0,0,0,2,0.201,0.2324999999999999,0,Successful Borrower
USR_400,21,Bachelor's,Employed,4313.0,1,a3ae23ff-acd9-494a-8f30-c1c147e096a5,19,none,0,0.39,bachelor,3234.0,0.42,0.12,60,0.9,0.08,0.28,0,0,0,2,1,0.0401,0.143,0,Successful Borrower
USR_401,23,Diploma,Employed,4365.0,1,99afd702-be4d-4570-a46f-04e712e97b9d,26,none,0,0.94,cert,2575.0,0.6900000000000001,0.23,30,0.64,0.63,0.23,0,0,0,2,3,0.0291,0.3754999999999999,1,Defaulted
USR_402,23,Diploma,Employed,5078.0,2,f96116a1-3968-4778-a87c-e47da46d2a05,41,rent,3,0.4,cert,3199.0,0.36,0.14,60,0.6000000000000001,0.1,0.46,0,0,0,1,0,0.004,0.301,0,Successful Borrower
USR_403,21,PhD,Employed,4175.0,1,025dc5f9-5426-45b6-9112-c3cd64e3b4f8,56,none,0,0.61,phd,2922.0,0.66,0.25,45,0.67,0.35,0.19,0,0,0,2,2,0.014,0.2879999999999999,0,Successful Borrower
USR_404,26,PhD,Student,3641.0,1,16d629ce-44b3-4d63-bbb6-7fb911b8107b,0,owner,0,0.88,phd,1237.0,0.52,0.21,15,0.81,0.23,0.65,0,0,0,3,1,0.001,0.3179999999999999,1,Defaulted
USR_405,21,Bachelor's,Employed,4683.0,1,889ba2f0-fb04-42a3-983b-acbe17af774e,11,owner,0,0.73,bachelor,1311.0,0.67,0.18,0,0.93,0.7000000000000001,0.8,0,0,0,0,2,0.0271,0.4265,0,Successful Borrower
USR_406,25,PhD,Student,3196.0,2,b404522c-cdbe-4c92-8a09-a4939db8935f,44,none,0,0.42,phd,1502.0,0.63,0.27,240,0.95,0.34,0.49,0,0,0,2,2,0.2,0.2655,0,Successful Borrower
USR_407,20,Diploma,Employed,9551.0,3,35191d10-a86f-4f5a-a17e-6ccdc72a939d,45,none,0,0.56,cert,5062.0,0.39,0.08,120,0.89,0.06,0.22,0,0,0,1,0,0.001,0.1204999999999999,0,Successful Borrower
USR_408,21,PhD,Employed,11672.0,1,35816c4a-49fd-4733-bbd7-19fa664a81f5,34,rent,12,0.71,phd,4318.0,0.39,0.16,15,0.7000000000000001,0.62,0.47,0,0,0,1,1,0.3,0.4014999999999999,0,Successful Borrower
USR_409,26,High School,Employed,7525.0,3,8ada2ee9-eb23-4e7f-9228-8d570fe0d51a,56,owner,0,0.55,none,5794.0,0.31,0.29,360,0.5700000000000001,0.5700000000000001,0.64,0,0,0,2,3,0.001,0.4964999999999999,1,Defaulted
USR_410,24,High School,Employed,10126.0,1,2e7aa31c-3d69-4127-8f6a-56739cffa126,4,rent,3,0.66,highschool,2328.0,0.49,0.23,30,0.8200000000000001,0.16,0.14,0,0,0,3,0,0.002,0.1725,0,Successful Borrower
USR_411,24,PhD,Student,2613.0,3,b0d22b83-9df9-4dc0-8923-124f1f616a0c,26,owner,0,0.89,phd,1829.0,0.31,0.16,90,0.58,0.5,0.75,0,0,1,0,0,0.202,0.4835,1,Defaulted
USR_412,24,Diploma,Employed,10867.0,2,ffb75a5e-bbb1-494d-80e5-cbe7cb3c8a6c,19,owner,0,0.37,cert,6302.0,0.5700000000000001,0.04,0,0.74,0.26,0.53,0,0,0,2,0,0.0,0.2945,0,Successful Borrower
USR_413,20,High School,Employed,10030.0,2,d39bec61-9702-423e-bf14-314d4184efa6,29,rent,6,0.63,none,7823.0,0.52,0.05,240,1.0,0.73,0.67,0,0,0,0,3,0.001,0.3575,1,Defaulted
USR_414,22,High School,Employed,6021.0,2,021ca652-019c-4120-9148-3489bc8ced2e,13,rent,0,0.84,none,5057.0,0.58,0.18,360,0.62,0.08,0.28,0,0,0,1,2,0.012,0.2499999999999999,0,Successful Borrower
USR_415,20,PhD,Employed,7114.0,1,84db8be2-dbbe-4eb4-b391-efa4d722e1e1,3,owner,0,0.4,phd,3485.0,0.61,0.27,180,0.61,0.65,0.14,0,0,0,2,0,0.3,0.3744999999999999,1,Defaulted
USR_416,22,Master's,Employed,6643.0,1,9abe43e1-6cc1-480e-8f61-9d1bba0a180e,46,rent,0,0.34,master,4118.0,0.78,0.27,120,0.95,0.52,0.71,0,0,0,1,0,0.001,0.3655,1,Defaulted
USR_417,24,PhD,Student,2533.0,3,a072559a-662f-42cb-920d-d71c4a2fa95e,44,rent,20,0.43,phd,1773.0,0.8200000000000001,0.03,45,0.5700000000000001,0.19,0.03,0,0,0,3,2,0.203,0.2099999999999999,0,Successful Borrower
USR_418,23,Diploma,Self-Employed,9209.0,3,2e2d8eaf-196f-4c22-92ac-c0f530b22c2f,29,rent,21,0.75,cert,3315.0,0.42,0.26,360,0.67,0.3,0.15,0,0,0,2,3,0.0,0.2669999999999999,0,Successful Borrower
USR_419,25,PhD,Self-Employed,11982.0,2,cd15c180-a81f-4c77-8854-7eed68a1c50b,44,rent,22,0.39,phd,4672.0,0.55,0.09,30,0.8200000000000001,0.08,0.14,0,0,0,2,2,0.304,0.1314999999999999,0,Successful Borrower
USR_420,23,Diploma,Student,3588.0,3,215a45e7-8651-4e24-9650-d63236b865b6,53,rent,18,0.6900000000000001,cert,825.0,0.5,0.28,0,0.95,0.2,0.2,0,0,0,3,1,0.202,0.1595,0,Successful Borrower
USR_421,23,PhD,Employed,5753.0,3,da8c15b4-9e06-4556-915f-bf6cf33ba9b4,37,owner,0,0.8200000000000001,phd,4890.0,0.77,0.27,60,0.64,0.52,0.79,0,0,0,3,0,0.3261,0.494,1,Defaulted
USR_422,25,High School,Employed,9067.0,1,28fde7bc-86c8-45aa-9a34-a0a826fb664f,1,owner,0,0.75,none,4261.0,0.71,0.26,120,0.5700000000000001,0.23,0.5700000000000001,0,0,0,3,0,0.002,0.3894999999999999,1,Defaulted
USR_423,21,High School,Employed,5511.0,1,4c14e26f-6ffb-457e-90a7-bd7dd8c8cf29,9,none,0,0.86,highschool,1763.0,0.47,0.27,240,0.75,0.14,0.38,0,0,1,3,1,0.002,0.258,1,Defaulted
USR_424,25,Bachelor's,Employed,8996.0,3,28f89494-8332-4ff8-9e8c-388db83567ed,11,rent,19,0.64,bachelor,7376.0,0.54,0.24,360,0.88,0.32,0.25,0,0,0,0,0,0.001,0.2205,1,Defaulted
USR_425,25,Master's,Employed,2414.0,2,cc943210-d350-4693-a355-094512f0d37d,39,none,0,0.6000000000000001,master,1424.0,0.46,0.13,15,0.8300000000000001,0.34,0.6900000000000001,0,0,0,3,3,0.504,0.3364999999999999,0,Successful Borrower
USR_426,21,High School,Employed,10321.0,2,5f39e415-1a17-4571-bb05-05b207e45eda,2,none,0,0.61,highschool,7018.0,0.8200000000000001,0.23,45,0.71,0.1,0.53,0,0,0,2,2,0.006,0.2935,0,Successful Borrower
USR_427,20,Diploma,Employed,4882.0,1,24ee2af8-4ac1-4fde-a361-5ad6e59a0743,34,rent,15,0.8200000000000001,cert,1415.0,0.41,0.14,180,0.62,0.45,0.25,0,0,0,1,0,0.017,0.329,1,Defaulted
USR_428,22,High School,Employed,10191.0,3,cbaf58cc-2ce8-4d11-8805-8e28e275b9b2,18,owner,0,0.97,highschool,5401.0,0.61,0.23,0,0.6000000000000001,0.29,0.19,0,0,0,0,2,0.002,0.2945,0,Successful Borrower
USR_429,25,Diploma,Employed,10485.0,2,59c55819-0808-4735-a09a-6ededd939e85,10,rent,3,0.37,cert,2516.0,0.72,0.17,15,0.6000000000000001,0.48,0.07,0,0,0,2,3,0.006,0.303,1,Defaulted
USR_430,22,Master's,Self-Employed,6668.0,3,76dfcebe-090b-4bb6-93ce-7ef193b78dc8,53,owner,0,0.46,master,3200.0,0.34,0.28,360,0.94,0.27,0.52,0,0,0,2,1,0.0,0.2605,0,Successful Borrower
USR_431,25,High School,Employed,4444.0,1,4b472c21-4e29-4588-adfa-fb46dd18c4f0,32,owner,0,0.38,highschool,3866.0,0.45,0.08,360,0.75,0.61,0.49,0,0,0,0,2,0.012,0.3745,0,Successful Borrower
USR_432,26,Master's,Employed,6875.0,2,473347d7-1d98-4465-9e25-39225d45d449,45,rent,17,0.81,master,3781.0,0.51,0.15,60,0.86,0.64,0.18,0,0,0,0,3,0.302,0.2765,0,Successful Borrower
USR_433,23,High School,Self-Employed,7971.0,1,585d6035-cf4a-45e1-9f19-df6051e46c1a,39,none,0,0.55,none,6057.0,0.35,0.06,45,0.6000000000000001,0.06,0.78,0,0,0,1,3,0.001,0.359,0,Successful Borrower
USR_434,21,Bachelor's,Student,2715.0,3,b7c1ee00-ff16-47d9-a5ed-5d9d6f3da76d,49,rent,18,0.35,bachelor,1384.0,0.67,0.12,240,0.84,0.18,0.77,0,0,0,1,2,0.202,0.3115,0,Successful Borrower
USR_435,24,PhD,Student,2472.0,2,18cfe814-ea06-45ce-aab5-24d5574c11b5,39,owner,0,0.85,phd,1483.0,0.59,0.19,30,0.7000000000000001,0.54,0.23,0,0,0,0,1,0.212,0.3259999999999999,1,Defaulted
USR_436,23,High School,Employed,10724.0,3,4101ebb9-6bb2-4923-906b-ce23601c4dd5,20,owner,0,0.31,highschool,9651.0,0.34,0.08,60,0.61,0.29,0.06,0,0,0,2,0,0.0,0.236,0,Successful Borrower
USR_437,26,Bachelor's,Employed,2611.0,2,fc69beae-9d87-4680-980b-f7aed433a840,40,owner,0,0.78,bachelor,1096.0,0.58,0.11,0,0.6000000000000001,0.28,0.32,0,0,0,1,2,0.213,0.3065,1,Defaulted
USR_438,25,High School,Employed,6449.0,1,5d8b2139-c888-42eb-83fb-dc4874bdee46,56,none,0,0.68,none,3482.0,0.74,0.21,60,0.75,0.53,0.13,0,0,0,1,2,0.013,0.284,0,Successful Borrower
USR_439,23,Diploma,Employed,2460.0,2,47743b06-c13a-4154-b425-b90a773359d6,26,rent,15,0.45,cert,787.0,0.3,0.13,180,0.68,0.54,0.58,0,0,0,1,2,0.204,0.4115,1,Defaulted
USR_440,24,Diploma,Student,4805.0,3,1f36a4e6-6492-415b-a5ba-659df0687ab1,3,none,0,0.3,cert,4084.0,0.51,0.09,15,0.56,0.07,0.01,0,0,0,1,1,0.0471,0.1875,0,Successful Borrower
USR_441,21,Master's,Employed,10257.0,1,79eaa027-b71d-4834-8237-ebea9269be86,24,owner,0,0.96,master,4820.0,0.56,0.11,180,0.84,0.26,0.14,0,0,0,3,0,0.002,0.1725,0,Successful Borrower
USR_442,20,Diploma,Employed,9437.0,3,81a1f212-4dc6-45b7-afd6-0cfef8c438e4,12,rent,6,0.94,cert,6889.0,0.78,0.25,240,0.91,0.1,0.5700000000000001,0,0,0,0,1,0.003,0.2365,1,Defaulted
USR_443,22,Bachelor's,Employed,10933.0,1,914bb0d9-a9d5-4664-94fd-1635a55c282a,6,none,0,0.32,bachelor,7325.0,0.8300000000000001,0.13,45,0.58,0.53,0.5,0,0,0,0,0,0.014,0.424,1,Defaulted
USR_444,26,Master's,Employed,5406.0,1,e38c2fc3-e3ec-4d59-8862-44f03ff8aa92,7,rent,7,0.51,master,2648.0,0.74,0.15,15,0.93,0.4,0.43,0,0,0,2,3,0.302,0.2545,1,Defaulted
USR_445,25,High School,Employed,2536.0,1,ad655aa9-4108-47b0-abea-f63b309eb04a,34,owner,0,0.75,highschool,1851.0,0.62,0.22,15,0.71,0.4,0.23,0,0,0,3,3,0.207,0.292,1,Defaulted
USR_446,20,Bachelor's,Employed,5522.0,3,4150ae62-2593-4ea5-9ff0-bd2d709e585c,29,rent,23,0.71,bachelor,4307.0,0.35,0.27,45,0.89,0.45,0.53,0,0,0,3,1,0.01,0.3239999999999999,0,Successful Borrower
USR_447,26,High School,Student,2658.0,1,3b3d95f4-d8ba-4685-aac9-33a08fe0fe29,45,none,0,0.3,none,1249.0,0.68,0.17,60,0.74,0.24,0.76,0,0,0,0,2,0.2,0.3665,0,Successful Borrower
USR_448,24,High School,Employed,9370.0,1,41ba42b5-431f-4bbd-abc4-0f84c1bb8b31,45,owner,0,0.8300000000000001,highschool,5715.0,0.8200000000000001,0.22,240,0.68,0.64,0.65,0,0,0,1,2,0.003,0.4675,1,Defaulted
USR_449,22,PhD,Student,2763.0,2,258fb310-81c4-4f96-9b0f-0264f9a1ec59,32,owner,0,0.61,phd,1547.0,0.45,0.06,30,0.71,0.55,0.09,0,0,0,3,3,0.201,0.2705,1,Defaulted
USR_450,26,High School,Employed,4865.0,2,0a60798c-3912-44f3-a73d-dedec3a5edc3,10,rent,16,0.61,none,3405.0,0.5700000000000001,0.27,180,0.91,0.37,0.41,0,0,0,2,0,0.007,0.2669999999999999,0,Successful Borrower
USR_451,22,Bachelor's,Employed,11573.0,3,6b269f67-8973-4d6d-9ba1-b0734e8b14da,22,rent,1,0.81,bachelor,10415.0,0.45,0.29,0,0.58,0.5,0.29,0,0,0,1,3,0.005,0.388,1,Defaulted
USR_452,26,High School,Employed,9986.0,3,9e865f03-ab7f-45b1-9c8b-42f4cbdade8f,49,rent,7,0.42,none,5292.0,0.61,0.28,15,0.76,0.61,0.53,0,0,0,3,3,0.002,0.411,0,Successful Borrower
USR_453,26,Master's,Self-Employed,11745.0,2,0ed1890e-0c90-4dad-bf40-6baec419a208,49,none,0,0.73,master,5989.0,0.37,0.29,0,0.72,0.67,0.55,0,0,0,0,2,0.001,0.4465,1,Defaulted
USR_454,20,High School,Employed,8314.0,1,41adc306-9610-444f-93bd-8d4422005e30,29,none,0,0.34,highschool,6484.0,0.74,0.04,360,0.67,0.08,0.06,0,0,0,0,0,0.002,0.1564999999999999,0,Successful Borrower
USR_455,20,Master's,Employed,7350.0,3,aeba083a-86ea-4b6c-9c40-d9ac64f60090,40,rent,11,0.48,master,5512.0,0.49,0.23,15,0.9,0.56,0.27,0,0,0,1,3,0.306,0.277,1,Defaulted
USR_456,24,Diploma,Student,2961.0,3,6c0be082-7c01-433e-af20-212975d36b31,25,rent,5,0.47,cert,621.0,0.41,0.13,120,0.68,0.58,0.52,0,0,0,2,1,0.207,0.4065,1,Defaulted
USR_457,22,Bachelor's,Employed,2584.0,2,7806998e-dd15-42ad-ae93-ed7fc9bc8860,13,none,0,0.78,bachelor,2273.0,0.45,0.03,120,0.8300000000000001,0.64,0.46,0,0,0,2,2,0.209,0.3389999999999999,0,Successful Borrower
USR_458,26,High School,Employed,10722.0,1,14ae3c83-f0e5-4bae-8571-4b0d69b17d40,32,none,0,0.67,none,4396.0,0.75,0.12,15,0.99,0.46,0.64,0,0,1,2,1,0.003,0.2965,0,Successful Borrower
USR_459,23,Bachelor's,Employed,7889.0,2,cf9ced21-dd90-46bd-87d5-aeefb6f81147,30,owner,0,0.96,bachelor,6311.0,0.8200000000000001,0.14,240,0.91,0.68,0.39,0,0,0,3,1,0.009,0.32,0,Successful Borrower
USR_460,21,High School,Employed,7031.0,1,2de5bd51-7abf-41b8-b4e8-4d604c0f1039,10,none,0,0.74,highschool,5554.0,0.61,0.25,0,0.59,0.71,0.62,0,0,0,0,3,0.008,0.5135,1,Defaulted
USR_461,26,High School,Employed,8626.0,2,91c42ceb-b8fc-43f0-918d-a8cbf579343b,40,none,0,0.75,highschool,4916.0,0.65,0.11,90,0.77,0.21,0.07,0,0,0,0,0,0.0,0.1669999999999999,0,Successful Borrower
USR_462,25,Bachelor's,Employed,5334.0,1,2fc8776c-9d5f-4c71-be79-3044199dfab4,14,rent,7,0.34,bachelor,1226.0,0.41,0.27,90,0.72,0.6900000000000001,0.71,0,0,0,2,2,0.0,0.4885,1,Defaulted
USR_463,25,Diploma,Employed,10506.0,2,10512ec7-9cb9-4c73-b69d-138cdad1c750,49,rent,18,0.8200000000000001,cert,5883.0,0.61,0.1,240,0.92,0.31,0.66,0,0,0,3,0,0.004,0.2855,0,Successful Borrower
USR_464,21,High School,Employed,9746.0,1,d355a089-1f88-4f5a-8561-cdbf3d5f562f,57,none,0,0.72,highschool,7114.0,0.35,0.2,360,0.79,0.05,0.75,0,0,0,0,3,0.003,0.3035,1,Defaulted
USR_465,23,High School,Employed,2572.0,2,73f34085-507e-41ed-96d3-c4936ce7c230,49,none,0,0.67,none,900.0,0.65,0.08,120,0.93,0.19,0.66,0,0,0,0,1,0.207,0.249,0,Successful Borrower
USR_466,25,Diploma,Student,1634.0,2,257fabbc-ab54-4843-b4bf-2873a4150690,6,rent,8,0.39,cert,588.0,0.38,0.16,90,0.74,0.6000000000000001,0.4,0,0,0,1,0,0.0531,0.365,0,Successful Borrower
USR_467,25,Diploma,Employed,7654.0,3,c312882d-1aec-45c0-a275-10d92f15e444,57,rent,14,0.91,cert,1990.0,0.8300000000000001,0.26,30,0.84,0.29,0.14,0,0,0,1,0,0.001,0.2025,0,Successful Borrower
USR_468,23,Diploma,Employed,11614.0,2,c1e2ec51-62c8-4be4-9e2a-bd033a76310d,37,owner,0,0.54,cert,3716.0,0.67,0.24,360,0.8200000000000001,0.52,0.25,0,0,0,1,3,0.004,0.2914999999999999,0,Successful Borrower
USR_469,22,Master's,Employed,4807.0,1,bb6abe0b-fba3-468a-b227-7d2abfc1a0da,41,rent,10,0.87,master,2451.0,0.53,0.24,45,0.93,0.38,0.23,0,0,0,3,2,0.001,0.213,0,Successful Borrower
USR_470,22,High School,Employed,5923.0,2,b684df1a-d138-4331-ac66-fa717b11c0e0,19,rent,21,0.37,highschool,3790.0,0.6900000000000001,0.14,15,0.78,0.48,0.23,0,0,0,2,1,0.006,0.2755,0,Successful Borrower
USR_471,21,PhD,Employed,2448.0,1,d56335d7-32d9-46b4-a23f-e4734392e693,44,rent,23,0.97,phd,905.0,0.81,0.05,360,0.8200000000000001,0.27,0.59,0,0,0,0,1,0.201,0.2855,0,Successful Borrower
USR_472,25,High School,Student,3197.0,3,0e57278d-cb24-4517-9c4d-7caec0704b21,42,none,0,0.51,none,2749.0,0.37,0.05,15,0.88,0.16,0.23,0,0,0,2,3,0.201,0.147,0,Successful Borrower
USR_473,26,High School,Employed,4915.0,2,f7c52273-4d0b-49dd-b86c-c29d6c5a18a4,29,none,0,0.84,highschool,2604.0,0.67,0.11,90,0.62,0.56,0.6000000000000001,0,0,0,2,1,0.0,0.4395,1,Defaulted
USR_474,24,High School,Student,2843.0,2,a4c21ceb-16fc-4368-a9e7-d2947c279529,35,owner,0,0.42,highschool,2245.0,0.77,0.06,240,0.64,0.56,0.5,0,0,0,0,3,0.2,0.4,1,Defaulted
USR_475,26,Master's,Employed,5772.0,2,cd98373c-21bb-4473-9171-6d91ffbdb1c3,8,rent,10,0.96,master,2712.0,0.55,0.09,90,0.6900000000000001,0.56,0.01,0,0,0,3,2,0.0,0.2645,0,Successful Borrower
USR_476,24,Diploma,Employed,11402.0,3,4b3d8083-48f2-43fd-89fa-3cc629f328c9,8,none,0,0.86,cert,9691.0,0.64,0.15,120,0.8,0.37,0.28,0,0,0,1,2,0.0,0.255,0,Successful Borrower
USR_477,23,Master's,Employed,6707.0,3,7257dda8-f5c9-438e-b641-6a43edc43c7a,50,none,0,0.6900000000000001,master,3822.0,0.8300000000000001,0.17,240,0.62,0.43,0.32,0,0,0,2,2,0.001,0.346,1,Defaulted
USR_478,26,Master's,Employed,10772.0,3,d6bbdee3-48ad-402f-9378-00214cbcae27,53,none,0,0.58,master,8725.0,0.73,0.29,360,0.89,0.63,0.72,0,0,0,1,1,0.0,0.4195,1,Defaulted
USR_479,25,Diploma,Employed,7450.0,1,801c55da-c756-493a-91c4-b9c471e4994f,38,none,0,0.58,cert,5364.0,0.59,0.15,30,0.63,0.07,0.58,0,0,0,0,1,0.004,0.3145,0,Successful Borrower
USR_480,24,High School,Student,8325.0,1,d5fdb980-f5cc-4481-8d43-82a95fc094a3,0,none,0,0.55,highschool,2747.0,0.67,0.17,90,0.58,0.42,0.41,0,0,0,3,0,0.2004,0.38,1,Defaulted
USR_481,21,Master's,Employed,11635.0,2,35a2cf3f-bd12-4d3d-b421-fff1cec10478,43,none,0,0.76,master,4770.0,0.44,0.04,60,0.62,0.55,0.51,0,0,0,0,2,0.002,0.4039999999999999,1,Defaulted
USR_482,24,Bachelor's,Employed,11516.0,3,130379d7-74ff-48e1-b2ee-b24d18e74f6c,11,none,0,0.5700000000000001,bachelor,2533.0,0.68,0.25,30,0.77,0.39,0.71,0,0,0,0,1,0.005,0.3929999999999999,1,Defaulted
USR_483,23,Bachelor's,Employed,9531.0,3,cc8e6fb1-febf-4492-b93e-45f50dafcb6e,27,none,0,1.0,bachelor,4288.0,0.4,0.29,120,0.56,0.21,0.79,0,0,0,0,3,0.0,0.4474999999999999,1,Defaulted
USR_484,21,Bachelor's,Self-Employed,11722.0,3,894db76e-021e-4034-bd05-0e2e7600360c,13,rent,7,0.35,bachelor,5392.0,0.34,0.08,60,0.9,0.4,0.79,0,0,0,1,2,0.004,0.3445,1,Defaulted
USR_485,26,Diploma,Self-Employed,9050.0,1,cffae102-0a27-4d7d-a412-6ae037871687,48,rent,23,0.75,cert,2896.0,0.74,0.07,240,0.77,0.6900000000000001,0.43,0,0,0,0,0,0.0,0.371,1,Defaulted
USR_486,21,PhD,Student,3425.0,1,ca5e5b46-3792-43f4-aef2-02214d73f6b8,26,owner,0,0.6900000000000001,phd,3048.0,0.84,0.19,240,0.78,0.37,0.5,0,0,0,1,3,0.2,0.3229999999999999,1,Defaulted
USR_487,23,High School,Employed,5195.0,3,5ccfad9f-fb3e-4c01-aeed-fac1458e649f,53,rent,18,0.76,none,1610.0,0.34,0.26,60,0.56,0.23,0.08,0,0,0,0,0,0.0,0.2704999999999999,0,Successful Borrower
USR_488,24,Bachelor's,Student,3983.0,1,a409be7a-c708-49b5-8f90-58b1b1ae4788,59,owner,0,0.77,bachelor,2748.0,0.8,0.18,240,0.87,0.59,0.38,0,0,0,0,1,0.202,0.315,1,Defaulted
USR_489,23,Bachelor's,Employed,10814.0,2,4249a8ea-2b21-439d-9c59-7c25767c30b8,43,rent,7,0.67,bachelor,2487.0,0.34,0.03,15,0.78,0.34,0.37,0,0,0,0,0,0.0301,0.2589999999999999,0,Successful Borrower
USR_490,25,Bachelor's,Self-Employed,4671.0,1,44795b6a-6aa1-4eb8-b123-c136e7fd72e6,56,none,0,0.46,bachelor,934.0,0.31,0.2,15,0.88,0.2,0.49,0,0,0,1,0,0.006,0.2445,0,Successful Borrower
USR_491,23,High School,Employed,7501.0,3,76a9693f-e261-48f2-8588-ef9284153f41,2,owner,0,0.35,none,3375.0,0.8200000000000001,0.03,30,0.86,0.71,0.3,0,0,0,3,2,0.003,0.306,0,Successful Borrower
USR_492,24,Bachelor's,Employed,9098.0,2,f0f5fa88-b670-4065-b790-0c812bc71138,50,rent,11,0.48,bachelor,7278.0,0.56,0.26,360,0.81,0.48,0.38,0,0,0,2,3,0.0,0.3204999999999999,0,Successful Borrower
USR_493,20,High School,Student,3950.0,3,6d21cfd3-757e-41be-aacb-b37cf2c6c9c3,33,owner,0,0.52,highschool,1698.0,0.68,0.06,120,0.99,0.58,0.46,0,0,0,1,1,0.201,0.2725,0,Successful Borrower
USR_494,25,High School,Employed,6939.0,2,78b82753-49f4-4088-9fa0-57868e203804,2,owner,0,0.65,highschool,5620.0,0.78,0.14,240,0.96,0.06,0.12,0,0,1,2,3,0.009,0.08,0,Successful Borrower
USR_495,21,High School,Employed,9157.0,2,53145b9b-08f1-4d77-9a52-2b0e907f8889,21,owner,0,0.77,none,5677.0,0.48,0.18,90,0.8300000000000001,0.34,0.13,0,0,0,0,1,0.022,0.2039999999999999,0,Successful Borrower
USR_496,21,Master's,Employed,8769.0,3,3cedd6a1-7cee-423d-a15c-abd3c96e1436,6,none,0,0.79,master,2806.0,0.46,0.03,90,0.91,0.26,0.3,0,0,0,1,1,0.3,0.176,0,Successful Borrower
USR_497,25,High School,Employed,11518.0,3,cd8ddceb-ae8b-401b-a240-f3e044a5c9dd,26,none,0,0.44,highschool,9675.0,0.78,0.23,0,0.87,0.41,0.45,0,0,0,1,3,0.0,0.295,0,Successful Borrower
USR_498,22,PhD,Employed,9567.0,2,eb588100-179f-49a3-a4d5-65981f99aa26,44,owner,0,0.33,phd,2870.0,0.6900000000000001,0.22,15,0.66,0.19,0.1,0,0,0,1,2,0.009,0.2244999999999999,0,Successful Borrower
USR_499,22,PhD,Employed,11264.0,3,60979d4c-8587-44fb-b73d-421f0c94d030,52,owner,0,0.53,phd,2252.0,0.77,0.06,30,0.79,0.61,0.09,0,0,0,1,2,0.007,0.2574999999999999,0,Successful Borrower
USR_500,20,Bachelor's,Employed,5369.0,1,49d97787-ef31-4ef1-9691-29b5d0018500,42,rent,11,0.87,bachelor,2899.0,0.74,0.26,90,0.99,0.73,0.48,0,0,0,3,3,0.019,0.345,1,Defaulted
U01001,23,High School,Student,3750.0,2,A01001,3,rent,20,0.55,highschool,1912.0,0.66,0.15,93,0.58,0.48,0.64,0,0,0,2,1,0.0241,0.4495,1,Defaulted
U01002,20,Master's,Self-Employed,10052.0,3,A01002,46,rent,14,0.67,master,4862.0,0.67,0.16,81,0.73,0.34,0.4,0,0,0,1,0,0.1042,0.3035,0,Successful Borrower
U01003,22,High School,Unemployed,3433.0,3,A01003,5,rent,12,0.34,highschool,1552.0,0.78,0.18,123,0.65,0.51,0.51,0,0,0,2,2,0.0,0.4045,0,Successful Borrower
U01004,22,High School,Unemployed,2688.0,2,A01004,0,rent,7,0.66,highschool,1358.0,0.63,0.15,78,0.63,0.39,0.64,0,0,0,2,1,0.037,0.4095,1,Defaulted
U01005,21,Master's,Employed,7036.0,1,A01005,42,owner,2,0.57,master,3147.0,0.57,0.1,173,0.95,0.18,0.17,0,0,0,3,0,0.0435,0.12,0,Successful Borrower
U01006,20,High School,Employed,7780.0,3,A01006,33,owner,0,0.54,highschool,2254.0,0.46,0.04,248,0.92,0.19,0.13,0,0,0,3,2,0.0067,0.114,0,Successful Borrower
U01007,26,Master's,Unemployed,3874.0,2,A01007,3,none,2,0.46,master,1516.0,0.62,0.1,28,0.73,0.47,0.37,0,1,0,0,0,0.1585,0.3195,1,Defaulted
U01008,26,High School,Unemployed,2583.0,2,A01008,4,rent,18,0.49,highschool,1260.0,0.65,0.14,113,0.86,0.38,0.29,0,0,0,3,1,0.1238,0.2375,0,Successful Borrower
U01009,20,Diploma,Employed,6862.0,2,A01009,23,rent,21,0.43,cert,3992.0,0.69,0.15,75,0.6,0.39,0.55,0,0,0,2,0,0.0035,0.3975,1,Defaulted
U01010,20,High School,Student,1955.0,1,A01010,9,none,1,0.66,highschool,1346.0,0.44,0.15,56,0.62,0.38,0.43,0,0,0,2,0,0.0,0.358,1,Defaulted
U01011,23,Diploma,Unemployed,2970.0,2,A01011,1,none,4,0.75,cert,693.0,0.6,0.11,47,0.75,0.4,0.51,0,0,0,1,0,0.03,0.3315,1,Defaulted
U01012,26,Master's,Employed,9134.0,1,A01012,31,owner,4,0.57,master,3272.0,0.57,0.09,210,0.69,0.37,0.61,0,0,0,2,2,0.0,0.367,0,Successful Borrower
U01013,23,Bachelor's,Employed,7705.0,3,A01013,35,rent,7,0.51,bachelor,1393.0,0.69,0.05,227,0.98,0.2,0.15,0,0,0,3,1,0.1443,0.102,0,Successful Borrower
U01014,25,Bachelor's,Student,4628.0,2,A01014,10,rent,8,0.6,bachelor,2996.0,0.8,0.12,96,0.72,0.36,0.44,0,0,0,3,0,0.0975,0.316,1,Defaulted
U01015,24,Master's,Unemployed,2125.0,2,A01015,2,owner,2,0.67,master,655.0,0.62,0.14,124,0.75,0.39,0.28,0,0,0,2,0,0.1222,0.276,0,Successful Borrower
U01016,23,High School,Employed,6118.0,2,A01016,56,rent,14,0.53,highschool,2713.0,0.62,0.18,55,0.68,0.29,0.47,0,0,0,2,0,0.0222,0.329,1,Defaulted
U01017,20,Master's,Employed,8580.0,1,A01017,28,rent,15,0.42,master,4322.0,0.56,0.07,145,0.79,0.29,0.4,0,0,0,2,0,0.0525,0.2565,0,Successful Borrower
U01018,26,Bachelor's,Employed,11134.0,1,A01018,30,owner,0,0.55,bachelor,4366.0,0.55,0.1,253,0.77,0.32,0.31,0,0,0,3,1,0.2002,0.253,0,Successful Borrower
U01019,20,Bachelor's,Unemployed,1999.0,1,A01019,3,rent,16,0.52,bachelor,452.0,0.82,0.16,22,0.58,0.53,0.56,0,0,0,1,1,0.0515,0.4435,1,Defaulted
U01020,21,Bachelor's,Unemployed,3144.0,1,A01020,1,none,0,0.59,bachelor,2084.0,0.6,0.2,45,0.62,0.5,0.6,0,0,0,2,3,0.0369,0.438,1,Defaulted
U01021,20,Master's,Employed,7635.0,3,A01021,29,rent,24,0.3,master,4338.0,0.42,0.16,137,0.66,0.46,0.59,0,0,0,2,1,0.1174,0.4055,0,Successful Borrower
U01022,26,Bachelor's,Employed,8735.0,2,A01022,13,owner,0,0.72,bachelor,5812.0,0.67,0.13,69,0.59,0.46,0.57,0,0,0,2,1,0.1835,0.4205,1,Defaulted
U01023,20,Bachelor's,Employed,7798.0,3,A01023,35,rent,24,0.76,bachelor,2236.0,0.64,0.03,176,0.94,0.18,0.2,0,0,0,2,0,0.0302,0.1205,0,Successful Borrower
U01024,26,Diploma,Employed,6800.0,3,A01024,6,rent,6,0.6,cert,3411.0,0.62,0.11,132,0.73,0.27,0.37,0,0,0,3,1,0.1184,0.271,0,Successful Borrower
U01025,25,PhD,Self-Employed,8339.0,2,A01025,12,owner,4,0.37,phd,1875.0,0.73,0.14,141,0.79,0.24,0.34,0,0,0,2,0,0.0327,0.2395,1,Defaulted
U01026,25,PhD,Employed,6729.0,1,A01026,22,rent,14,0.66,phd,3791.0,0.55,0.06,107,0.87,0.17,0.25,0,0,0,3,0,0.0353,0.1595,0,Successful Borrower
U01027,25,Bachelor's,Employed,8082.0,2,A01027,59,rent,19,0.55,bachelor,3108.0,0.59,0.03,169,0.91,0.15,0.34,0,0,0,3,0,0.0957,0.1585,0,Successful Borrower
U01028,24,Master's,Student,2675.0,1,A01028,3,rent,23,0.47,master,1095.0,0.65,0.1,35,0.73,0.36,0.4,0,0,0,3,0,0.1937,0.2995,0,Successful Borrower
U01029,21,Bachelor's,Unemployed,2639.0,3,A01029,1,rent,23,0.35,bachelor,1714.0,0.75,0.18,65,0.62,0.47,0.67,0,0,0,2,1,0.2474,0.445,1,Defaulted
U01030,20,Master's,Employed,8506.0,2,A01030,24,owner,2,0.46,master,2740.0,0.47,0.03,170,0.86,0.16,0.25,0,0,0,2,1,0.0619,0.156,0,Successful Borrower
U01031,20,Master's,Employed,9366.0,3,A01031,45,owner,3,0.57,master,1623.0,0.63,0.02,310,0.97,0.13,0.21,0,0,0,2,1,0.06,0.0985,0,Successful Borrower
U01032,24,High School,Student,3624.0,3,A01032,10,rent,17,0.49,highschool,540.0,0.67,0.05,157,0.85,0.21,0.25,0,0,0,2,1,0.1355,0.175,0,Successful Borrower
U01033,22,Master's,Self-Employed,7620.0,2,A01033,27,rent,14,0.36,master,2518.0,0.43,0.17,186,0.79,0.27,0.3,0,0,0,2,2,0.0685,0.2415,0,Successful Borrower
U01034,25,Bachelor's,Employed,8781.0,1,A01034,34,rent,6,0.3,bachelor,2964.0,0.54,0.1,198,0.81,0.34,0.4,0,0,0,3,0,0.0675,0.2665,0,Successful Borrower
U01035,20,Bachelor's,Employed,4600.0,1,A01035,14,rent,22,0.73,bachelor,2536.0,0.58,0.06,87,0.85,0.22,0.27,0,0,0,3,1,0.0259,0.184,1,Defaulted
U01036,26,Bachelor's,Employed,6026.0,3,A01036,24,rent,21,0.35,bachelor,3115.0,0.51,0.09,148,0.86,0.3,0.15,0,0,0,3,1,0.0385,0.175,0,Successful Borrower
U01037,25,Bachelor's,Employed,7903.0,2,A01037,52,rent,9,0.69,bachelor,3118.0,0.57,0.08,163,0.88,0.23,0.41,0,0,0,3,0,0.2039,0.214,0,Successful Borrower
U01038,26,Bachelor's,Employed,11829.0,3,A01038,48,owner,3,0.58,bachelor,5413.0,0.6,0.11,232,0.77,0.31,0.39,0,0,0,1,1,0.0716,0.272,1,Defaulted
U01039,20,Master's,Employed,8339.0,2,A01039,30,rent,17,0.58,master,2298.0,0.54,0.05,262,0.87,0.18,0.22,0,0,0,3,0,0.185,0.153,0,Successful Borrower
U01040,21,Diploma,Student,1200.0,1,A01040,4,rent,7,0.53,cert,1009.0,0.57,0.19,72,0.56,0.46,0.6,0,0,0,1,2,0.0,0.4475,1,Defaulted
U01041,25,Bachelor's,Self-Employed,10326.0,1,A01041,4,rent,23,0.41,bachelor,3267.0,0.58,0.15,189,0.8,0.27,0.38,0,0,0,2,2,0.0577,0.255,0,Successful Borrower
U01042,26,High School,Student,5468.0,3,A01042,9,none,3,0.55,highschool,2993.0,0.67,0.11,124,0.76,0.22,0.35,0,0,0,2,1,0.0825,0.243,0,Successful Borrower
U01043,25,Bachelor's,Employed,10190.0,3,A01043,40,none,4,0.42,bachelor,2348.0,0.7,0.03,236,0.89,0.2,0.37,0,0,0,2,0,0.0,0.1855,0,Successful Borrower
U01044,21,Bachelor's,Employed,7684.0,2,A01044,51,rent,11,0.34,bachelor,1876.0,0.37,0.02,232,0.95,0.24,0.2,0,0,0,3,0,0.0438,0.1305,0,Successful Borrower
U01045,24,Bachelor's,Student,2576.0,2,A01045,9,rent,21,0.37,bachelor,627.0,0.66,0.1,36,0.7,0.44,0.4,0,0,0,2,0,0.0696,0.33,1,Defaulted
U01046,24,Master's,Student,4355.0,3,A01046,11,rent,19,0.43,master,1844.0,0.6,0.07,101,0.81,0.35,0.41,0,0,0,1,1,0.1999,0.267,0,Successful Borrower
U01047,20,Bachelor's,Employed,7942.0,3,A01047,42,rent,4,0.5,bachelor,4473.0,0.74,0.04,165,0.81,0.37,0.42,0,0,0,3,0,0.1866,0.27,0,Successful Borrower
U01048,21,Master's,Employed,7961.0,2,A01048,32,rent,20,0.43,master,2452.0,0.59,0.06,247,0.84,0.26,0.35,0,0,0,2,0,0.0223,0.2175,1,Defaulted
U01049,26,Diploma,Employed,6820.0,3,A01049,60,rent,10,0.38,cert,2674.0,0.73,0.09,193,0.85,0.32,0.3,0,0,0,2,1,0.0466,0.221,0,Successful Borrower
U01050,26,Master's,Student,4690.0,2,A01050,4,rent,9,0.44,master,1630.0,0.49,0.1,105,0.75,0.26,0.31,0,0,0,3,0,0.0431,0.245,0,Successful Borrower
U01051,21,High School,Employed,7371.0,3,A01051,20,owner,1,0.38,highschool,2291.0,0.59,0.04,229,0.83,0.23,0.18,0,0,0,3,1,0.0,0.168,0,Successful Borrower
U01052,22,High School,Employed,9394.0,1,A01052,51,owner,1,0.62,highschool,3710.0,0.63,0.05,214,0.88,0.27,0.3,0,0,0,3,0,0.0,0.192,0,Successful Borrower
U01053,21,High School,Student,2674.0,3,A01053,6,rent,20,0.48,highschool,1442.0,0.72,0.17,63,0.64,0.44,0.57,0,0,0,1,0,0.0078,0.404,1,Defaulted
U01054,20,Bachelor's,Student,3961.0,1,A01054,12,rent,5,0.44,bachelor,2486.0,0.76,0.23,0,0.56,0.54,0.66,0,0,0,2,3,0.1149,0.4885,1,Defaulted
U01055,22,Bachelor's,Student,4022.0,1,A01055,5,rent,11,0.46,bachelor,939.0,0.64,0.02,124,0.87,0.21,0.28,0,0,0,1,1,0.1582,0.171,1,Defaulted
U01056,20,Diploma,Self-Employed,5923.0,2,A01056,15,rent,7,0.3,cert,2495.0,0.6,0.13,139,0.82,0.28,0.28,0,0,0,1,1,0.0302,0.2225,0,Successful Borrower
U01057,26,Master's,Employed,8975.0,3,A01057,31,rent,14,0.59,master,4012.0,0.55,0.1,168,0.72,0.36,0.43,0,0,0,1,0,0.1808,0.3105,1,Defaulted
U01058,22,Bachelor's,Student,4191.0,2,A01058,8,rent,6,0.59,bachelor,1508.0,0.55,0.1,81,0.8,0.28,0.43,0,0,0,2,1,0.0204,0.2625,0,Successful Borrower
U01059,24,High School,Employed,8686.0,2,A01059,55,none,1,0.49,highschool,3812.0,0.57,0.04,198,0.91,0.18,0.26,0,1,0,3,0,0.1438,0.1475,0,Successful Borrower
U01060,22,Bachelor's,Employed,10234.0,1,A01060,57,rent,10,0.65,bachelor,4058.0,0.48,0.05,252,0.85,0.28,0.35,0,0,0,2,0,0.1258,0.2175,0,Successful Borrower
U01061,22,Diploma,Unemployed,2819.0,1,A01061,0,rent,9,0.5,cert,736.0,0.7,0.08,102,0.92,0.29,0.2,0,0,0,3,1,0.0444,0.1625,0,Successful Borrower
U01062,21,High School,Employed,7538.0,1,A01062,21,rent,22,0.69,highschool,1875.0,0.69,0.02,223,1.0,0.15,0.07,0,0,0,3,0,0.0,0.058,0,Successful Borrower
U01063,21,Bachelor's,Employed,4771.0,2,A01063,24,none,3,0.32,bachelor,2012.0,0.58,0.12,135,0.71,0.38,0.42,0,0,0,2,0,0.1298,0.3195,0,Successful Borrower
U01064,24,High School,Employed,8246.0,3,A01064,56,owner,1,0.39,highschool,3840.0,0.6,0.15,146,0.71,0.34,0.45,1,0,0,3,0,0.0437,0.3215,0,Successful Borrower
U01065,23,Diploma,Student,5219.0,3,A01065,5,rent,7,0.46,cert,973.0,0.6,0.06,177,0.89,0.27,0.27,0,0,0,3,1,0.1013,0.1825,0,Successful Borrower
U01066,23,Bachelor's,Employed,10229.0,2,A01066,56,none,3,0.59,bachelor,3719.0,0.48,0.03,272,0.84,0.2,0.28,0,0,0,2,1,0.0561,0.1805,0,Successful Borrower
U01067,22,Bachelor's,Employed,7841.0,3,A01067,42,owner,3,0.65,bachelor,4403.0,0.45,0.07,114,0.74,0.32,0.43,0,0,0,2,1,0.203,0.289,0,Successful Borrower
U01068,22,Bachelor's,Student,5160.0,2,A01068,11,rent,9,0.46,bachelor,3131.0,0.8,0.16,27,0.62,0.47,0.61,0,0,0,2,2,0.2104,0.427,1,Defaulted
U01069,24,Diploma,Employed,7788.0,3,A01069,27,rent,7,0.46,cert,4795.0,0.6,0.11,88,0.69,0.4,0.59,0,0,0,1,1,0.1309,0.3725,1,Defaulted
U01070,23,Bachelor's,Employed,10245.0,2,A01070,56,rent,24,0.53,bachelor,1908.0,0.49,0.02,270,0.92,0.2,0.2,0,0,0,3,0,0.1046,0.131,0,Successful Borrower
U01071,26,Bachelor's,Employed,8474.0,3,A01071,26,owner,2,0.42,bachelor,5554.0,0.66,0.17,96,0.61,0.5,0.62,0,0,0,3,2,0.0732,0.442,1,Defaulted
U01072,21,Bachelor's,Student,4033.0,3,A01072,8,none,0,0.3,bachelor,2494.0,0.71,0.11,63,0.74,0.3,0.32,0,0,0,1,0,0.0346,0.2625,0,Successful Borrower
U01073,26,Bachelor's,Unemployed,3387.0,3,A01073,2,rent,8,0.3,bachelor,1591.0,0.52,0.18,77,0.58,0.5,0.61,0,0,0,1,3,0.0359,0.4515,1,Defaulted
U01074,24,High School,Student,3716.0,3,A01074,3,none,3,0.8,highschool,1795.0,0.49,0.08,27,0.76,0.36,0.43,0,0,0,0,1,0.0315,0.2935,0,Successful Borrower
U01075,21,Diploma,Unemployed,2776.0,3,A01075,6,rent,23,0.71,cert,1375.0,0.57,0.22,42,0.7,0.41,0.49,0,0,0,1,1,0.1131,0.363,0,Successful Borrower
U01076,26,Bachelor's,Employed,7866.0,2,A01076,54,rent,11,0.62,bachelor,2371.0,0.61,0.05,183,0.86,0.26,0.37,0,0,0,2,0,0.0557,0.214,0,Successful Borrower
U01077,24,Bachelor's,Unemployed,3331.0,2,A01077,5,rent,23,0.42,bachelor,2157.0,0.7,0.27,65,0.56,0.59,0.77,0,0,0,2,3,0.1516,0.5345,1,Defaulted
U01078,23,Diploma,Student,4431.0,2,A01078,5,rent,11,0.53,cert,2358.0,0.72,0.11,70,0.76,0.33,0.34,0,0,0,0,0,0.0095,0.268,0,Successful Borrower
U01079,26,Master's,Student,3146.0,1,A01079,3,rent,6,0.33,master,1731.0,0.6,0.09,41,0.72,0.39,0.37,0,0,0,2,1,0.0811,0.3015,0,Successful Borrower
U01080,25,Master's,Employed,8235.0,2,A01080,24,rent,19,0.56,master,4523.0,0.45,0.07,128,0.83,0.28,0.31,0,0,0,2,0,0.1008,0.2175,0,Successful Borrower
U01081,24,Bachelor's,Unemployed,2968.0,2,A01081,3,none,2,0.3,bachelor,1674.0,0.71,0.14,49,0.6,0.52,0.55,0,0,0,1,0,0.0429,0.4285,1,Defaulted
U01082,23,Bachelor's,Employed,8515.0,3,A01082,50,rent,11,0.6,bachelor,1877.0,0.48,0.04,220,0.99,0.15,0.05,0,0,0,2,0,0.2009,0.0595,0,Successful Borrower
U01083,23,Bachelor's,Employed,11000.0,2,A01083,51,owner,0,0.68,bachelor,1960.0,0.79,0.05,353,0.85,0.22,0.36,0,0,0,3,0,0.0091,0.205,1,Defaulted
U01084,22,Bachelor's,Self-Employed,7855.0,2,A01084,15,rent,6,0.33,bachelor,5151.0,0.48,0.26,119,0.56,0.48,0.66,0,0,0,3,2,0.0671,0.478,1,Defaulted
U01085,23,High School,Employed,8591.0,2,A01085,46,none,1,0.7,highschool,4138.0,0.54,0.12,196,0.82,0.29,0.37,0,0,0,2,0,0.0,0.246,0,Successful Borrower
U01086,20,High School,Unemployed,1502.0,2,A01086,1,rent,18,0.67,highschool,332.0,0.68,0.16,75,0.63,0.49,0.49,0,0,0,1,2,0.0,0.3985,1,Defaulted
U01087,23,High School,Employed,7980.0,1,A01087,39,rent,19,0.61,highschool,2955.0,0.47,0.11,197,0.91,0.19,0.23,0,0,0,3,0,0.0376,0.153,0,Successful Borrower
U01088,21,High School,Unemployed,2603.0,3,A01088,2,rent,8,0.54,highschool,975.0,0.73,0.15,0,0.74,0.35,0.21,0,0,0,1,1,0.0845,0.2535,0,Successful Borrower
U01089,23,Bachelor's,Self-Employed,8154.0,3,A01089,13,none,2,0.58,bachelor,4370.0,0.49,0.16,145,0.69,0.4,0.44,0,0,0,2,1,0.0663,0.3425,1,Defaulted
U01090,24,Bachelor's,Self-Employed,9270.0,3,A01090,20,rent,10,0.4,bachelor,4942.0,0.58,0.24,105,0.58,0.36,0.56,0,0,0,3,2,0.0608,0.413,1,Defaulted
U01091,24,Diploma,Employed,6926.0,2,A01091,56,rent,6,0.82,cert,2715.0,0.57,0.07,176,0.87,0.21,0.1,0,0,0,2,1,0.1108,0.1335,0,Successful Borrower
U01092,24,Diploma,Self-Employed,7451.0,2,A01092,59,rent,19,0.3,cert,2665.0,0.56,0.16,139,0.75,0.26,0.44,0,0,0,2,0,0.0155,0.2865,0,Successful Borrower
U01093,22,PhD,Employed,7849.0,2,A01093,58,rent,19,0.58,phd,2485.0,0.72,0.02,191,0.99,0.12,0.09,0,1,0,3,0,0.2086,0.059,0,Successful Borrower
U01094,20,Master's,Student,2516.0,1,A01094,9,none,2,0.55,master,1490.0,0.73,0.13,64,0.65,0.33,0.59,0,0,0,2,2,0.0781,0.372,1,Defaulted
U01095,25,High School,Employed,10140.0,1,A01095,17,rent,8,0.66,highschool,3410.0,0.49,0.08,229,0.9,0.22,0.36,1,0,0,3,0,0.0,0.192,1,Defaulted
U01096,20,Master's,Employed,6559.0,1,A01096,53,owner,1,0.52,master,2468.0,0.57,0.07,184,0.83,0.28,0.3,0,0,0,1,1,0.0756,0.215,0,Successful Borrower
U01097,24,High School,Unemployed,2641.0,3,A01097,4,rent,15,0.39,highschool,1958.0,0.67,0.13,33,0.88,0.31,0.32,0,0,0,2,0,0.0,0.219,0,Successful Borrower
U01098,22,Bachelor's,Employed,8364.0,2,A01098,30,rent,17,0.56,bachelor,4004.0,0.64,0.11,119,0.67,0.31,0.47,0,0,0,3,1,0.0399,0.327,0,Successful Borrower
U01099,23,Diploma,Employed,7565.0,3,A01099,59,owner,1,0.64,cert,2710.0,0.49,0.05,167,0.88,0.29,0.2,0,0,0,3,1,0.029,0.172,0,Successful Borrower
U01100,22,Master's,Employed,7292.0,2,A01100,18,rent,16,0.56,master,370.0,0.64,0.02,222,1.0,0.09,0.16,0,0,0,2,1,0.1346,0.0655,0,Successful Borrower
U01101,26,High School,Self-Employed,7453.0,3,A01101,53,rent,20,0.32,highschool,3115.0,0.67,0.16,146,0.78,0.25,0.35,0,0,0,2,1,0.0648,0.251,0,Successful Borrower
U01102,23,Master's,Employed,8878.0,3,A01102,22,rent,15,0.76,master,4921.0,0.69,0.09,179,0.84,0.32,0.28,0,0,0,2,1,0.0172,0.2195,0,Successful Borrower
U01103,22,Bachelor's,Student,3466.0,2,A01103,9,rent,22,0.51,bachelor,1759.0,0.83,0.12,99,0.72,0.32,0.35,0,0,0,3,0,0.1392,0.2835,0,Successful Borrower
U01104,21,High School,Employed,9334.0,2,A01104,25,rent,20,0.45,highschool,3495.0,0.65,0.16,194,0.62,0.4,0.52,0,0,0,3,1,0.0304,0.387,1,Defaulted
U01105,25,Bachelor's,Employed,9801.0,2,A01105,17,rent,12,0.43,bachelor,2615.0,0.48,0.09,214,0.84,0.2,0.36,0,0,0,3,0,0.0331,0.2095,0,Successful Borrower
U01106,26,Bachelor's,Employed,10219.0,1,A01106,55,owner,2,0.68,bachelor,3295.0,0.55,0.02,242,0.89,0.25,0.33,0,0,0,2,0,0.0216,0.1865,0,Successful Borrower
U01107,22,Bachelor's,Employed,7329.0,2,A01107,59,rent,7,0.39,bachelor,4873.0,0.6,0.15,121,0.69,0.45,0.56,0,0,0,3,0,0.0972,0.3835,0,Successful Borrower
U01108,21,Diploma,Self-Employed,6351.0,2,A01108,23,rent,20,0.58,cert,3886.0,0.61,0.29,96,0.63,0.34,0.51,0,0,0,2,1,0.0761,0.3855,1,Defaulted
U01109,20,Bachelor's,Self-Employed,6504.0,2,A01109,32,rent,4,0.65,bachelor,3262.0,0.47,0.17,121,0.79,0.18,0.41,0,0,0,3,1,0.0,0.2465,0,Successful Borrower
U01110,22,Diploma,Employed,4476.0,2,A01110,6,none,1,0.61,cert,1774.0,0.64,0.06,113,0.91,0.25,0.26,0,0,0,3,0,0.0754,0.168,0,Successful Borrower
U01111,20,Diploma,Self-Employed,4828.0,3,A01111,27,rent,12,0.57,cert,2586.0,0.58,0.19,94,0.75,0.27,0.45,1,0,0,3,0,0.0849,0.296,0,Successful Borrower
U01112,26,Bachelor's,Student,2066.0,2,A01112,1,rent,6,0.59,bachelor,1227.0,0.71,0.13,63,0.67,0.46,0.49,0,0,0,2,0,0.2521,0.3725,1,Defaulted
U01113,23,Bachelor's,Unemployed,3372.0,2,A01113,6,rent,24,0.54,bachelor,634.0,0.54,0.1,119,0.92,0.21,0.21,0,0,0,3,1,0.0517,0.148,0,Successful Borrower
U01114,25,Bachelor's,Student,4374.0,2,A01114,6,rent,5,0.35,bachelor,1388.0,0.58,0.13,65,0.75,0.28,0.41,0,0,0,1,1,0.0229,0.2795,0,Successful Borrower
U01115,20,Bachelor's,Self-Employed,6007.0,1,A01115,15,rent,23,0.63,bachelor,2768.0,0.64,0.19,122,0.69,0.35,0.5,0,0,0,3,2,0.0141,0.3495,1,Defaulted
U01116,25,Master's,Student,4284.0,3,A01116,12,rent,7,0.54,master,1717.0,0.61,0.02,93,0.68,0.39,0.51,0,0,0,3,0,0.0807,0.34,0,Successful Borrower
U01117,26,Master's,Employed,9959.0,1,A01117,58,owner,0,0.77,master,4134.0,0.52,0.02,160,0.87,0.24,0.33,0,0,0,2,1,0.0319,0.191,0,Successful Borrower
U01118,24,Master's,Employed,8230.0,2,A01118,50,owner,1,0.52,master,2715.0,0.49,0.03,231,0.91,0.13,0.27,0,0,0,2,0,0.089,0.136,0,Successful Borrower
U01119,26,Master's,Self-Employed,6779.0,1,A01119,21,owner,3,0.34,master,3939.0,0.54,0.23,51,0.59,0.46,0.49,0,0,0,2,1,0.041,0.4155,1,Defaulted
U01120,22,High School,Self-Employed,8827.0,2,A01120,36,rent,16,0.56,highschool,3618.0,0.76,0.13,161,0.85,0.22,0.28,0,0,0,2,2,0.0935,0.197,1,Defaulted
U01121,20,Bachelor's,Student,3048.0,2,A01121,7,rent,16,0.5,bachelor,1373.0,0.53,0.11,46,0.79,0.34,0.36,0,0,0,1,0,0.1398,0.265,0,Successful Borrower
U01122,21,Diploma,Employed,8461.0,2,A01122,46,owner,4,0.41,cert,2013.0,0.79,0.07,230,0.87,0.19,0.31,0,0,0,2,0,0.0,0.181,0,Successful Borrower
U01123,23,Bachelor's,Student,3608.0,3,A01123,2,rent,21,0.46,bachelor,1493.0,0.63,0.09,148,0.73,0.4,0.45,0,0,0,3,0,0.0195,0.3205,0,Successful Borrower
U01124,24,Bachelor's,Student,4846.0,3,A01124,2,rent,12,0.43,bachelor,1447.0,0.51,0.08,137,0.82,0.27,0.25,0,0,0,3,1,0.1234,0.205,0,Successful Borrower
U01125,24,Diploma,Employed,7616.0,2,A01125,48,owner,2,0.6,cert,2162.0,0.52,0.06,199,1.0,0.1,0.2,0,0,0,3,0,0.1904,0.084,0,Successful Borrower
U01126,22,Bachelor's,Employed,10314.0,3,A01126,59,owner,4,0.38,bachelor,2697.0,0.55,0.1,236,0.77,0.31,0.44,0,0,0,2,0,0.0122,0.283,0,Successful Borrower
U01127,25,Diploma,Student,4485.0,1,A01127,4,rent,20,0.54,cert,3210.0,0.5,0.12,106,0.71,0.37,0.54,0,0,0,3,0,0.072,0.347,0,Successful Borrower
U01128,20,Bachelor's,Employed,8730.0,2,A01128,46,owner,4,0.67,bachelor,3579.0,0.69,0.09,221,0.87,0.3,0.31,0,0,0,2,0,0.0902,0.2115,1,Defaulted
U01129,24,Bachelor's,Unemployed,1391.0,1,A01129,4,rent,12,0.49,bachelor,349.0,0.74,0.17,34,0.67,0.44,0.48,1,0,0,2,0,0.0808,0.371,1,Defaulted
U01130,26,PhD,Self-Employed,9094.0,3,A01130,8,none,0,0.58,phd,3000.0,0.53,0.16,217,0.9,0.12,0.2,0,0,0,2,0,0.0018,0.139,0,Successful Borrower
U01131,25,Bachelor's,Student,4053.0,1,A01131,10,rent,9,0.48,bachelor,701.0,0.59,0.04,121,0.92,0.2,0.25,0,0,0,3,1,0.1076,0.1465,0,Successful Borrower
U01132,20,High School,Student,3244.0,1,A01132,1,owner,2,0.46,highschool,1480.0,0.7,0.04,61,0.92,0.23,0.14,0,0,0,3,0,0.0512,0.1265,0,Successful Borrower
U01133,21,Bachelor's,Employed,9356.0,2,A01133,19,none,1,0.52,bachelor,4901.0,0.59,0.07,126,0.81,0.3,0.44,0,0,0,2,2,0.0447,0.262,1,Defaulted
U01134,23,Bachelor's,Employed,6062.0,3,A01134,13,none,1,0.62,bachelor,2399.0,0.69,0.03,168,0.9,0.26,0.22,0,0,0,3,0,0.2315,0.1595,0,Successful Borrower
U01135,26,Bachelor's,Student,3709.0,2,A01135,11,rent,24,0.51,bachelor,1615.0,0.73,0.03,67,0.89,0.19,0.25,0,0,0,2,0,0.0684,0.153,1,Defaulted
U01136,20,Bachelor's,Employed,8231.0,2,A01136,55,rent,15,0.63,bachelor,3947.0,0.59,0.13,154,0.67,0.36,0.57,0,0,0,2,0,0.0336,0.3675,1,Defaulted
U01137,22,Bachelor's,Employed,6666.0,3,A01137,17,rent,10,0.32,bachelor,3229.0,0.85,0.18,115,0.74,0.24,0.46,0,0,0,2,0,0.0518,0.293,0,Successful Borrower
U01138,21,High School,Employed,8916.0,1,A01138,43,rent,5,0.7,highschool,3917.0,0.47,0.11,217,0.82,0.23,0.36,0,0,0,3,0,0.1623,0.227,0,Successful Borrower
U01139,25,Diploma,Self-Employed,8117.0,2,A01139,53,owner,1,0.57,cert,2024.0,0.59,0.13,217,0.92,0.15,0.26,0,0,0,3,0,0.1362,0.15,0,Successful Borrower
U01140,22,Diploma,Student,3388.0,3,A01140,8,rent,17,0.34,cert,1877.0,0.78,0.17,26,0.58,0.36,0.52,0,0,0,2,0,0.049,0.3925,0,Successful Borrower
U01141,26,Master's,Self-Employed,9126.0,3,A01141,12,owner,0,0.38,master,2888.0,0.59,0.16,199,0.81,0.27,0.32,0,0,0,3,2,0.1913,0.238,0,Successful Borrower
U01142,26,Bachelor's,Student,4664.0,3,A01142,4,none,1,0.51,bachelor,1445.0,0.65,0.08,99,0.9,0.25,0.25,0,0,0,3,1,0.0382,0.172,0,Successful Borrower
U01143,20,Bachelor's,Student,4199.0,2,A01143,0,rent,18,0.62,bachelor,2526.0,0.65,0.12,34,0.69,0.35,0.4,0,0,0,2,0,0.1048,0.314,1,Defaulted
U01144,26,High School,Employed,8471.0,1,A01144,33,owner,0,0.66,highschool,3026.0,0.72,0.1,175,0.84,0.26,0.39,0,0,0,3,0,0.0229,0.2335,0,Successful Borrower
U01145,24,Bachelor's,Employed,7589.0,2,A01145,11,owner,4,0.42,bachelor,3341.0,0.47,0.07,122,0.8,0.25,0.25,0,0,0,2,0,0.0785,0.2055,0,Successful Borrower
U01146,21,Bachelor's,Employed,9807.0,3,A01146,31,owner,0,0.43,bachelor,3927.0,0.61,0.11,193,0.77,0.29,0.41,0,1,0,3,1,0.0405,0.272,0,Successful Borrower
U01147,23,Bachelor's,Unemployed,3018.0,2,A01147,2,rent,10,0.46,bachelor,921.0,0.73,0.05,70,0.86,0.33,0.26,0,0,0,2,0,0.1687,0.204,1,Defaulted
U01148,24,Bachelor's,Employed,11285.0,3,A01148,50,owner,2,0.63,bachelor,3866.0,0.56,0.04,266,0.9,0.19,0.26,0,0,1,3,0,0.0,0.1535,0,Successful Borrower
U01149,20,High School,Employed,7159.0,2,A01149,26,owner,3,0.6,highschool,3231.0,0.67,0.12,142,0.84,0.26,0.19,0,0,0,3,1,0.0676,0.1865,0,Successful Borrower
U01150,26,Diploma,Student,2769.0,1,A01150,5,rent,11,0.42,cert,1565.0,0.43,0.07,19,0.73,0.38,0.42,0,0,0,2,1,0.1919,0.305,1,Defaulted
U01151,23,Master's,Employed,8540.0,2,A01151,13,rent,13,0.5,master,2517.0,0.64,0.07,184,0.86,0.25,0.28,0,0,0,3,1,0.1533,0.192,0,Successful Borrower
U01152,26,Diploma,Unemployed,3048.0,3,A01152,6,owner,4,0.45,cert,1627.0,0.73,0.14,109,0.8,0.4,0.36,0,0,0,2,0,0.0927,0.281,0,Successful Borrower
U01153,20,Bachelor's,Student,4261.0,1,A01153,9,none,1,0.61,bachelor,1814.0,0.5,0.02,78,0.97,0.16,0.12,0,0,0,3,0,0.1687,0.0835,0,Successful Borrower
U01154,23,Bachelor's,Employed,9633.0,2,A01154,28,rent,15,0.4,bachelor,2900.0,0.6,0.06,276,0.85,0.34,0.32,0,0,0,2,0,0.0825,0.2265,0,Successful Borrower
U01155,20,Bachelor's,Employed,10583.0,3,A01155,12,owner,2,0.41,bachelor,4636.0,0.47,0.08,203,0.79,0.3,0.34,0,0,0,3,1,0.0392,0.2455,0,Successful Borrower
U01156,25,Diploma,Employed,11215.0,3,A01156,23,owner,2,0.6,cert,5143.0,0.47,0.13,207,0.66,0.38,0.52,0,0,0,3,0,0.1572,0.3635,1,Defaulted
U01157,24,High School,Employed,7720.0,3,A01157,17,none,0,0.55,highschool,4340.0,0.62,0.15,106,0.61,0.5,0.54,0,0,0,2,2,0.0718,0.419,0,Successful Borrower
U01158,24,Diploma,Employed,8806.0,2,A01158,13,rent,19,0.73,cert,3044.0,0.59,0.07,187,0.74,0.36,0.45,0,0,0,3,0,0.1083,0.304,1,Defaulted
U01159,22,Master's,Employed,7501.0,1,A01159,16,rent,8,0.68,master,3654.0,0.61,0.14,138,0.65,0.47,0.42,0,0,0,3,0,0.0,0.366,1,Defaulted
U01160,21,Bachelor's,Student,4000.0,3,A01160,8,rent,17,0.3,bachelor,1636.0,0.54,0.02,142,0.86,0.28,0.22,0,0,0,2,0,0.0637,0.177,0,Successful Borrower
U01161,23,Bachelor's,Unemployed,2954.0,1,A01161,6,rent,24,0.82,bachelor,1209.0,0.58,0.09,138,0.9,0.25,0.11,0,0,0,3,0,0.1769,0.1385,0,Successful Borrower
U01162,22,High School,Employed,7333.0,1,A01162,27,rent,17,0.61,highschool,2920.0,0.72,0.07,173,0.89,0.28,0.23,0,0,0,2,1,0.2697,0.1765,0,Successful Borrower
U01163,24,High School,Employed,7240.0,1,A01163,52,owner,2,0.57,highschool,3541.0,0.7,0.11,151,0.81,0.24,0.37,0,0,0,3,0,0.0437,0.2355,0,Successful Borrower
U01164,24,Bachelor's,Self-Employed,9864.0,3,A01164,39,owner,1,0.3,bachelor,1651.0,0.44,0.12,243,0.99,0.11,0.13,0,0,0,2,1,0.0881,0.0815,0,Successful Borrower
U01165,23,Bachelor's,Employed,8477.0,3,A01165,33,owner,0,0.62,bachelor,2710.0,0.58,0.06,190,0.68,0.41,0.46,0,0,0,3,0,0.0843,0.3385,1,Defaulted
U01166,24,Bachelor's,Employed,8121.0,3,A01166,20,rent,24,0.57,bachelor,3654.0,0.46,0.04,155,0.9,0.18,0.29,0,0,0,3,0,0.1968,0.1585,0,Successful Borrower
U01167,23,Bachelor's,Student,3940.0,2,A01167,8,none,3,0.59,bachelor,1591.0,0.58,0.07,46,0.82,0.28,0.32,0,0,0,2,0,0.0759,0.2235,0,Successful Borrower
U01168,25,Master's,Employed,9107.0,3,A01168,19,owner,3,0.76,master,3762.0,0.49,0.11,157,0.61,0.41,0.51,0,0,0,1,1,0.0913,0.383,0,Successful Borrower
U01169,23,Master's,Employed,8054.0,3,A01169,9,rent,4,0.45,master,4343.0,0.61,0.16,119,0.75,0.32,0.57,0,0,0,3,0,0.0624,0.334,1,Defaulted
U01170,22,Bachelor's,Employed,6151.0,2,A01170,57,rent,21,0.71,bachelor,3457.0,0.63,0.15,68,0.56,0.45,0.68,0,0,0,2,2,0.0559,0.459,1,Defaulted
U01171,23,Master's,Student,3129.0,1,A01171,4,owner,0,0.48,master,1173.0,0.63,0.09,119,0.88,0.26,0.27,0,0,0,2,0,0.0824,0.188,0,Successful Borrower
U01172,25,High School,Employed,10917.0,2,A01172,13,none,0,0.59,highschool,2965.0,0.55,0.03,251,0.88,0.26,0.39,0,0,0,1,0,0.0322,0.209,0,Successful Borrower
U01173,23,Bachelor's,Employed,7140.0,3,A01173,20,rent,9,0.66,bachelor,2476.0,0.57,0.02,161,0.96,0.21,0.25,0,0,0,3,0,0.0,0.132,0,Successful Borrower
U01174,21,High School,Unemployed,3789.0,1,A01174,1,owner,1,0.39,highschool,1774.0,0.6,0.16,81,0.75,0.33,0.37,0,0,0,1,0,0.0537,0.2865,0,Successful Borrower
U01175,22,Bachelor's,Student,3711.0,3,A01175,8,none,4,0.45,bachelor,1587.0,0.66,0.11,73,0.7,0.34,0.38,0,0,0,1,0,0.0632,0.3015,0,Successful Borrower
U01176,26,High School,Employed,8053.0,1,A01176,29,rent,20,0.62,highschool,3104.0,0.47,0.06,223,1.0,0.19,0.15,0,0,0,2,0,0.0739,0.094,0,Successful Borrower
U01177,20,Bachelor's,Employed,8809.0,3,A01177,48,rent,22,0.5,bachelor,3458.0,0.53,0.09,197,0.81,0.35,0.52,0,0,0,3,1,0.1151,0.2975,0,Successful Borrower
U01178,23,Bachelor's,Employed,8977.0,2,A01178,50,owner,4,0.52,bachelor,3516.0,0.58,0.07,192,0.82,0.33,0.28,0,0,0,2,1,0.0548,0.226,0,Successful Borrower
U01179,21,Bachelor's,Self-Employed,4807.0,2,A01179,6,rent,12,0.59,bachelor,1295.0,0.6,0.13,115,0.77,0.24,0.41,0,0,0,3,0,0.0599,0.2625,1,Defaulted
U01180,22,Master's,Self-Employed,8022.0,2,A01180,38,rent,16,0.5,master,3909.0,0.43,0.1,143,0.8,0.17,0.37,0,0,0,1,2,0.0,0.22,0,Successful Borrower
U01181,22,Diploma,Employed,7314.0,2,A01181,35,rent,24,0.81,cert,2793.0,0.74,0.14,192,0.75,0.29,0.4,0,0,0,2,0,0.1403,0.281,1,Defaulted
U01182,20,Bachelor's,Employed,8699.0,2,A01182,45,rent,16,0.42,bachelor,2865.0,0.63,0.1,208,0.76,0.33,0.39,0,0,0,3,0,0.1318,0.279,1,Defaulted
U01183,25,Bachelor's,Employed,9868.0,2,A01183,57,owner,1,0.55,bachelor,1901.0,0.73,0.03,299,0.87,0.21,0.24,0,0,0,3,0,0.0,0.1625,1,Defaulted
U01184,20,Master's,Unemployed,3061.0,1,A01184,2,rent,15,0.44,master,1284.0,0.63,0.08,36,0.67,0.41,0.34,0,0,0,3,1,0.0888,0.315,0,Successful Borrower
U01185,25,Bachelor's,Self-Employed,10281.0,2,A01185,19,owner,4,0.47,bachelor,4372.0,0.64,0.17,99,0.64,0.35,0.47,0,1,0,2,1,0.1132,0.3565,0,Successful Borrower
U01186,25,Bachelor's,Student,4652.0,1,A01186,8,none,4,0.62,bachelor,2927.0,0.67,0.19,54,0.63,0.35,0.53,0,0,0,3,1,0.117,0.378,1,Defaulted
U01187,20,Bachelor's,Employed,9257.0,3,A01187,55,owner,0,0.52,bachelor,1920.0,0.51,0.05,196,0.97,0.17,0.18,0,0,0,2,1,0.171,0.1055,0,Successful Borrower
U01188,25,Bachelor's,Self-Employed,9372.0,3,A01188,10,rent,19,0.4,bachelor,3869.0,0.54,0.18,175,0.75,0.35,0.44,0,0,0,3,1,0.1329,0.312,0,Successful Borrower
U01189,20,Bachelor's,Student,2774.0,1,A01189,4,rent,20,0.38,bachelor,1103.0,0.85,0.05,94,0.81,0.36,0.26,0,0,0,2,0,0.1252,0.229,0,Successful Borrower
U01190,25,Diploma,Employed,6574.0,2,A01190,8,owner,1,0.45,cert,2696.0,0.49,0.06,162,0.88,0.25,0.24,0,0,0,3,1,0.2045,0.1735,0,Successful Borrower
U01191,20,Master's,Employed,7037.0,3,A01191,30,rent,11,0.74,master,2826.0,0.51,0.03,170,0.78,0.29,0.37,0,0,0,3,0,0.0166,0.2465,0,Successful Borrower
U01192,25,PhD,Employed,6629.0,3,A01192,21,rent,19,0.5,phd,3279.0,0.61,0.11,145,0.65,0.44,0.56,0,0,0,3,0,0.102,0.389,0,Successful Borrower
U01193,20,Master's,Employed,9467.0,1,A01193,49,rent,8,0.72,master,4426.0,0.47,0.07,151,0.76,0.45,0.35,0,0,0,3,1,0.0693,0.2945,1,Defaulted
U01194,21,Bachelor's,Employed,10124.0,2,A01194,59,rent,5,0.68,bachelor,3795.0,0.56,0.11,209,0.81,0.31,0.29,0,0,0,3,1,0.0622,0.233,0,Successful Borrower
U01195,23,Diploma,Unemployed,2882.0,3,A01195,1,rent,4,0.38,cert,2179.0,0.66,0.16,38,0.62,0.44,0.54,0,0,1,1,0,0.0281,0.402,0,Successful Borrower
U01196,21,Diploma,Employed,8977.0,1,A01196,58,rent,17,0.56,cert,3352.0,0.56,0.06,121,0.77,0.31,0.49,0,0,0,3,0,0.1462,0.2895,0,Successful Borrower
U01197,26,Bachelor's,Employed,7272.0,2,A01197,56,rent,18,0.61,bachelor,2534.0,0.52,0.06,183,0.86,0.23,0.34,0,0,0,3,0,0.0,0.2005,0,Successful Borrower
U01198,22,Master's,Employed,9925.0,1,A01198,43,rent,10,0.53,master,2697.0,0.65,0.02,241,0.84,0.32,0.27,0,0,0,2,0,0.1133,0.2065,0,Successful Borrower
U01199,22,Master's,Employed,7035.0,1,A01199,9,rent,19,0.54,master,1958.0,0.5,0.04,155,0.93,0.12,0.2,0,0,0,3,0,0.0241,0.1105,0,Successful Borrower
U01200,21,Master's,Unemployed,1956.0,1,A01200,2,rent,13,0.74,master,883.0,0.41,0.14,49,0.65,0.46,0.41,0,0,0,1,0,0.0837,0.361,1,Defaulted
U01201,21,Diploma,Self-Employed,10777.0,3,A01201,50,none,2,0.61,cert,3155.0,0.75,0.11,228,0.84,0.26,0.21,0,0,0,3,1,0.0596,0.19,0,Successful Borrower
U01202,22,High School,Student,2313.0,1,A01202,9,rent,20,0.51,highschool,1347.0,0.61,0.1,63,0.69,0.48,0.55,0,0,0,1,0,0.1206,0.381,1,Defaulted
U01203,24,Bachelor's,Student,1200.0,3,A01203,5,rent,7,0.48,bachelor,531.0,0.81,0.05,0,0.79,0.36,0.37,0,0,0,1,1,0.0,0.2635,1,Defaulted
U01204,26,High School,Self-Employed,11967.0,2,A01204,26,rent,4,0.38,highschool,1986.0,0.4,0.11,316,0.82,0.22,0.34,0,0,0,3,1,0.117,0.2195,0,Successful Borrower
U01205,23,Master's,Employed,8695.0,3,A01205,34,owner,1,0.3,master,2694.0,0.63,0.02,235,0.97,0.23,0.16,0,0,0,3,1,0.0193,0.111,0,Successful Borrower
U01206,21,Bachelor's,Employed,7663.0,1,A01206,60,owner,1,0.54,bachelor,4568.0,0.64,0.12,145,0.8,0.41,0.27,0,0,0,3,0,0.0188,0.258,0,Successful Borrower
U01207,25,Bachelor's,Employed,9888.0,3,A01207,53,rent,18,0.4,bachelor,2709.0,0.69,0.02,191,0.94,0.14,0.11,0,0,0,3,0,0.0852,0.0865,0,Successful Borrower
U01208,26,Bachelor's,Employed,11226.0,1,A01208,43,owner,4,0.56,bachelor,4009.0,0.63,0.1,250,0.75,0.31,0.46,0,0,0,2,0,0.1061,0.295,0,Successful Borrower
U01209,25,Bachelor's,Student,5420.0,1,A01209,0,owner,4,0.64,bachelor,2679.0,0.62,0.13,114,0.71,0.32,0.48,0,0,0,3,0,0.0176,0.321,1,Defaulted
U01210,25,Bachelor's,Employed,6750.0,3,A01210,57,owner,4,0.58,bachelor,3498.0,0.67,0.13,199,0.72,0.37,0.52,0,0,0,1,1,0.0813,0.34,1,Defaulted
U01211,25,Master's,Self-Employed,7244.0,1,A01211,42,rent,6,0.48,master,3303.0,0.65,0.15,86,0.68,0.23,0.33,0,0,0,1,1,0.0134,0.2745,0,Successful Borrower
U01212,26,High School,Unemployed,4103.0,2,A01212,5,rent,9,0.61,highschool,2552.0,0.56,0.18,34,0.74,0.44,0.33,0,0,0,1,1,0.068,0.3105,0,Successful Borrower
U01213,24,Bachelor's,Student,2541.0,2,A01213,5,rent,14,0.43,bachelor,567.0,0.61,0.02,103,0.9,0.23,0.25,0,0,0,3,0,0.0675,0.158,0,Successful Borrower
U01214,23,Bachelor's,Employed,6601.0,3,A01214,27,rent,17,0.65,bachelor,1797.0,0.67,0.05,156,0.75,0.31,0.42,0,0,0,2,0,0.1855,0.2775,0,Successful Borrower
U01215,20,Bachelor's,Student,3264.0,3,A01215,5,none,2,0.66,bachelor,2211.0,0.68,0.17,41,0.59,0.56,0.5,0,0,0,1,2,0.0142,0.434,1,Defaulted
U01216,20,Bachelor's,Employed,7641.0,3,A01216,29,owner,0,0.31,bachelor,3685.0,0.62,0.05,174,0.87,0.28,0.42,0,0,0,3,0,0.1478,0.228,0,Successful Borrower
U01217,20,High School,Unemployed,2811.0,3,A01217,2,rent,24,0.3,highschool,2246.0,0.85,0.27,2,0.56,0.66,0.69,0,0,1,1,2,0.0833,0.532,1,Defaulted
U01218,20,High School,Employed,8247.0,2,A01218,7,rent,6,0.44,highschool,3771.0,0.69,0.17,113,0.6,0.44,0.75,0,0,0,3,1,0.2412,0.463,1,Defaulted
U01219,22,Bachelor's,Student,2970.0,2,A01219,4,rent,23,0.5,bachelor,1428.0,0.62,0.12,36,0.69,0.33,0.3,0,0,0,1,0,0.0064,0.284,0,Successful Borrower
U01220,21,Bachelor's,Unemployed,2879.0,2,A01220,6,rent,9,0.41,bachelor,1784.0,0.52,0.15,35,0.59,0.48,0.53,0,0,0,1,0,0.1467,0.4185,0,Successful Borrower
U01221,26,High School,Self-Employed,8657.0,1,A01221,48,owner,4,0.4,highschool,4634.0,0.65,0.2,92,0.71,0.28,0.64,0,0,0,2,3,0.1217,0.3615,1,Defaulted
U01222,21,Bachelor's,Student,3692.0,3,A01222,1,owner,4,0.44,bachelor,2119.0,0.67,0.1,157,0.78,0.39,0.38,0,0,0,3,0,0.0866,0.2845,0,Successful Borrower
U01223,23,Bachelor's,Self-Employed,11851.0,3,A01223,43,rent,18,0.58,bachelor,1580.0,0.56,0.11,237,0.95,0.14,0.27,0,0,0,3,2,0.1593,0.1365,1,Defaulted
U01224,24,Bachelor's,Student,4441.0,2,A01224,0,rent,24,0.3,bachelor,1430.0,0.64,0.03,114,0.84,0.25,0.31,0,0,0,2,0,0.0392,0.2005,0,Successful Borrower
U01225,22,Diploma,Student,4546.0,1,A01225,3,rent,7,0.37,cert,1490.0,0.69,0.06,156,0.87,0.21,0.29,0,0,0,2,1,0.0874,0.1795,0,Successful Borrower
U01226,21,Bachelor's,Employed,6337.0,3,A01226,44,rent,11,0.58,bachelor,3428.0,0.54,0.09,100,0.78,0.34,0.43,0,0,0,3,0,0.089,0.283,1,Defaulted
U01227,25,Bachelor's,Self-Employed,8448.0,1,A01227,22,rent,17,0.6,bachelor,3205.0,0.67,0.18,202,0.79,0.28,0.37,0,0,0,2,2,0.1437,0.263,1,Defaulted
U01228,26,High School,Self-Employed,7032.0,3,A01228,5,rent,7,0.36,highschool,1282.0,0.66,0.09,183,0.83,0.28,0.37,0,0,0,3,2,0.0974,0.2355,1,Defaulted
U01229,22,High School,Employed,8145.0,2,A01229,8,rent,23,0.41,highschool,3511.0,0.45,0.1,169,0.81,0.36,0.39,0,0,0,3,0,0.0935,0.269,0,Successful Borrower
U01230,25,Master's,Unemployed,3367.0,3,A01230,6,rent,23,0.4,master,1529.0,0.65,0.17,83,0.69,0.42,0.39,0,0,0,1,1,0.1792,0.3365,1,Defaulted
U01231,20,High School,Student,1200.0,2,A01231,8,rent,18,0.61,highschool,380.0,0.8,0.15,42,0.56,0.44,0.59,0,0,0,2,1,0.0237,0.434,1,Defaulted
U01232,26,Master's,Self-Employed,13100.0,3,A01232,60,rent,22,0.51,master,2989.0,0.67,0.16,318,0.79,0.23,0.35,0,0,0,3,0,0.0,0.2425,1,Defaulted
U01233,24,Master's,Unemployed,2379.0,2,A01233,0,rent,7,0.56,master,1472.0,0.44,0.19,75,0.64,0.53,0.39,0,0,0,0,1,0.1677,0.3845,1,Defaulted
U01234,23,Diploma,Employed,7979.0,2,A01234,41,rent,14,0.31,cert,3284.0,0.51,0.14,151,0.7,0.4,0.5,0,0,0,2,0,0.0346,0.351,1,Defaulted
U01235,24,Bachelor's,Employed,8097.0,2,A01235,47,rent,23,0.31,bachelor,3104.0,0.55,0.05,141,0.83,0.25,0.32,0,0,0,2,0,0.045,0.2095,1,Defaulted
U01236,22,Master's,Employed,6516.0,2,A01236,36,none,3,0.43,master,3492.0,0.67,0.08,169,0.93,0.23,0.25,0,0,0,3,0,0.18,0.1565,0,Successful Borrower
U01237,24,Bachelor's,Employed,8885.0,3,A01237,32,owner,2,0.3,bachelor,3002.0,0.68,0.08,258,0.77,0.23,0.45,0,0,0,3,1,0.0,0.2625,1,Defaulted
U01238,23,Master's,Self-Employed,6483.0,2,A01238,9,rent,24,0.67,master,2485.0,0.51,0.15,96,0.81,0.2,0.53,0,0,0,3,0,0.063,0.2715,0,Successful Borrower
U01239,22,Bachelor's,Unemployed,1347.0,3,A01239,2,owner,4,0.38,bachelor,890.0,0.78,0.15,69,0.66,0.46,0.59,0,0,0,2,0,0.0,0.404,1,Defaulted
U01240,21,Diploma,Employed,9230.0,1,A01240,31,owner,3,0.59,cert,3698.0,0.64,0.15,173,0.71,0.34,0.5,0,0,0,3,0,0.197,0.334,1,Defaulted
U01241,25,Diploma,Self-Employed,8175.0,2,A01241,49,rent,16,0.53,cert,4805.0,0.55,0.16,103,0.7,0.34,0.54,0,0,0,3,0,0.046,0.349,1,Defaulted
U01242,26,Bachelor's,Unemployed,2538.0,3,A01242,1,none,2,0.66,bachelor,657.0,0.54,0.09,101,0.88,0.32,0.22,0,0,0,3,0,0.1108,0.1905,0,Successful Borrower
U01243,21,Diploma,Self-Employed,8236.0,1,A01243,17,owner,2,0.56,cert,2912.0,0.64,0.15,164,0.88,0.22,0.35,0,0,0,3,0,0.0527,0.207,0,Successful Borrower
U01244,25,Bachelor's,Employed,8092.0,1,A01244,43,owner,3,0.65,bachelor,3573.0,0.77,0.02,136,0.82,0.28,0.41,0,0,0,3,0,0.1021,0.2385,1,Defaulted
U01245,25,Bachelor's,Employed,8978.0,2,A01245,23,rent,6,0.75,bachelor,1753.0,0.45,0.02,223,0.94,0.21,0.22,0,0,0,3,1,0.0,0.1315,0,Successful Borrower
U01246,24,Diploma,Employed,10650.0,2,A01246,39,none,4,0.44,cert,5449.0,0.65,0.13,122,0.81,0.36,0.32,0,0,0,2,1,0.1475,0.256,0,Successful Borrower
U01247,24,High School,Employed,7569.0,1,A01247,33,owner,2,0.63,highschool,1196.0,0.57,0.07,203,0.95,0.24,0.24,0,0,0,3,0,0.0136,0.148,0,Successful Borrower
U01248,21,High School,Student,4012.0,2,A01248,4,none,2,0.69,highschool,1957.0,0.56,0.05,113,0.77,0.24,0.43,0,0,0,3,0,0.0411,0.2555,0,Successful Borrower
U01249,25,Bachelor's,Employed,8755.0,2,A01249,44,rent,4,0.55,bachelor,5133.0,0.69,0.09,136,0.8,0.3,0.25,0,0,0,1,0,0.2487,0.221,0,Successful Borrower
U01250,21,Diploma,Employed,8889.0,1,A01250,59,owner,0,0.47,cert,3924.0,0.41,0.08,178,0.71,0.37,0.45,0,0,0,2,2,0.0299,0.3185,0,Successful Borrower
U01251,25,Bachelor's,Self-Employed,6395.0,1,A01251,16,rent,21,0.58,bachelor,1276.0,0.49,0.08,172,0.82,0.23,0.33,0,0,0,3,0,0.0939,0.215,0,Successful Borrower
U01252,24,Diploma,Student,3471.0,3,A01252,3,rent,13,0.35,cert,2187.0,0.64,0.06,32,0.81,0.38,0.37,0,0,0,2,1,0.1547,0.263,0,Successful Borrower
U01253,20,Bachelor's,Student,3297.0,1,A01253,11,none,4,0.37,bachelor,1432.0,0.71,0.19,50,0.72,0.34,0.52,0,0,0,1,0,0.1973,0.3415,1,Defaulted
U01254,25,Bachelor's,Student,2591.0,2,A01254,4,none,4,0.46,bachelor,934.0,0.35,0.11,73,0.83,0.25,0.36,0,0,0,0,1,0.0484,0.2285,0,Successful Borrower
U01255,21,Bachelor's,Student,1408.0,3,A01255,7,rent,18,0.62,bachelor,300.0,0.76,0.05,77,0.79,0.34,0.36,0,0,0,2,0,0.0738,0.256,0,Successful Borrower
U01256,21,Master's,Employed,10566.0,1,A01256,31,none,3,0.84,master,1948.0,0.54,0.12,281,0.71,0.31,0.51,0,0,0,2,0,0.11,0.3245,1,Defaulted
U01257,23,Master's,Student,3839.0,2,A01257,1,rent,19,0.59,master,1277.0,0.55,0.1,112,0.86,0.25,0.23,0,0,0,2,1,0.1411,0.184,0,Successful Borrower
U01258,21,Diploma,Employed,9949.0,1,A01258,42,owner,4,0.54,cert,2917.0,0.48,0.08,231,0.85,0.28,0.47,0,0,0,2,1,0.0337,0.252,0,Successful Borrower
U01259,21,Bachelor's,Employed,9724.0,1,A01259,40,none,1,0.87,bachelor,3563.0,0.5,0.04,187,0.9,0.22,0.19,0,0,0,3,0,0.0954,0.1435,0,Successful Borrower
U01260,24,High School,Student,2483.0,2,A01260,3,none,4,0.63,highschool,1561.0,0.6,0.1,68,0.81,0.29,0.39,0,0,0,1,0,0.0539,0.2515,0,Successful Borrower
U01261,23,Bachelor's,Self-Employed,9883.0,1,A01261,41,rent,17,0.44,bachelor,4746.0,0.63,0.21,124,0.62,0.38,0.56,0,0,0,3,1,0.0,0.3995,1,Defaulted
U01262,23,Master's,Self-Employed,7031.0,2,A01262,4,rent,22,0.51,master,3696.0,0.6,0.19,183,0.89,0.23,0.24,0,0,0,1,0,0.0872,0.1845,0,Successful Borrower
U01263,22,Master's,Employed,7941.0,2,A01263,26,rent,13,0.55,master,1490.0,0.57,0.07,110,0.85,0.29,0.29,0,0,0,1,0,0.0421,0.208,1,Defaulted
U01264,21,Bachelor's,Employed,8840.0,2,A01264,47,rent,22,0.38,bachelor,3872.0,0.63,0.06,180,0.89,0.23,0.26,0,0,0,3,0,0.0218,0.17,0,Successful Borrower
U01265,21,Master's,Self-Employed,6029.0,2,A01265,20,rent,6,0.66,master,2091.0,0.54,0.11,144,0.91,0.15,0.18,0,0,0,3,0,0.2279,0.1305,0,Successful Borrower
U01266,21,PhD,Employed,9268.0,1,A01266,26,rent,15,0.53,phd,6163.0,0.51,0.23,111,0.56,0.51,0.66,0,0,1,2,3,0.0611,0.481,1,Defaulted
U01267,23,PhD,Self-Employed,2435.0,2,A01267,41,rent,16,0.54,phd,1787.0,0.82,0.16,13,0.89,0.22,0.25,0,0,0,2,1,0.1647,0.18,0,Successful Borrower
U01268,20,High School,Self-Employed,8887.0,2,A01268,7,rent,13,0.7,highschool,2571.0,0.69,0.08,178,1.0,0.05,0.0,0,0,0,3,1,0.1358,0.0245,0,Successful Borrower
U01269,24,Master's,Employed,7920.0,1,A01269,15,rent,17,0.45,master,2150.0,0.5,0.02,217,0.78,0.35,0.38,0,0,0,2,1,0.0886,0.2625,1,Defaulted
U01270,22,Diploma,Employed,8905.0,1,A01270,53,rent,15,0.79,cert,3140.0,0.58,0.05,217,0.94,0.18,0.23,0,0,0,2,1,0.1492,0.131,0,Successful Borrower
U01271,22,High School,Student,3623.0,1,A01271,11,rent,8,0.45,highschool,1300.0,0.77,0.08,86,0.81,0.27,0.4,0,0,0,2,0,0.0131,0.246,0,Successful Borrower
U01272,21,Master's,Employed,8226.0,1,A01272,54,rent,16,0.67,master,4112.0,0.61,0.08,191,0.86,0.24,0.33,0,0,0,3,0,0.1541,0.2035,0,Successful Borrower
U01273,21,Diploma,Employed,9536.0,2,A01273,45,rent,17,0.59,cert,1940.0,0.46,0.05,270,1.0,0.09,0.19,0,0,0,3,1,0.0,0.0775,0,Successful Borrower
U01274,22,Bachelor's,Student,1200.0,2,A01274,5,rent,8,0.45,bachelor,300.0,0.67,0.05,107,0.88,0.34,0.24,0,0,0,1,1,0.0017,0.1945,0,Successful Borrower
U01275,25,Master's,Student,4738.0,3,A01275,6,rent,8,0.78,master,2063.0,0.78,0.12,120,0.78,0.3,0.5,0,0,0,2,0,0.1758,0.295,1,Defaulted
U01276,25,Bachelor's,Student,3136.0,3,A01276,7,none,1,0.3,bachelor,1216.0,0.63,0.03,68,0.88,0.23,0.35,0,0,0,2,1,0.1331,0.1915,0,Successful Borrower
U01277,25,Bachelor's,Employed,10948.0,1,A01277,53,rent,4,0.64,bachelor,4239.0,0.49,0.08,204,0.82,0.25,0.46,0,0,0,3,0,0.1353,0.2525,0,Successful Borrower
U01278,25,Diploma,Self-Employed,7508.0,1,A01278,24,owner,0,0.51,cert,2645.0,0.71,0.13,209,0.76,0.29,0.53,0,0,0,3,0,0.0357,0.3085,1,Defaulted
U01279,26,Master's,Employed,8044.0,2,A01279,19,owner,3,0.45,master,3786.0,0.6,0.05,196,0.89,0.22,0.29,0,0,0,2,0,0.0461,0.1735,0,Successful Borrower
U01280,21,High School,Employed,7964.0,2,A01280,20,rent,7,0.33,highschool,1875.0,0.6,0.09,260,0.79,0.39,0.29,0,0,0,1,1,0.1356,0.257,0,Successful Borrower
U01281,22,Bachelor's,Employed,8160.0,2,A01281,44,rent,12,0.46,bachelor,3736.0,0.56,0.03,128,0.89,0.27,0.27,0,0,0,2,1,0.0006,0.178,0,Successful Borrower
U01282,23,Bachelor's,Employed,6284.0,1,A01282,35,owner,3,0.47,bachelor,2674.0,0.75,0.09,187,0.8,0.37,0.33,0,0,0,3,1,0.1562,0.2585,0,Successful Borrower
U01283,26,Bachelor's,Student,3247.0,1,A01283,5,none,3,0.83,bachelor,1469.0,0.62,0.12,134,0.8,0.38,0.31,0,0,0,2,1,0.1199,0.2605,0,Successful Borrower
U01284,22,Bachelor's,Employed,7798.0,1,A01284,29,rent,20,0.46,bachelor,2592.0,0.51,0.11,180,0.62,0.46,0.54,0,0,0,1,0,0.0676,0.3995,1,Defaulted
U01285,24,Diploma,Employed,7887.0,3,A01285,17,rent,23,0.67,cert,3117.0,0.52,0.11,199,0.76,0.29,0.43,0,0,0,3,0,0.0582,0.2805,0,Successful Borrower
U01286,22,Bachelor's,Unemployed,2468.0,2,A01286,5,rent,16,0.58,bachelor,575.0,0.63,0.09,59,0.94,0.29,0.23,0,0,0,3,0,0.075,0.1645,0,Successful Borrower
U01287,25,High School,Student,4199.0,3,A01287,4,rent,19,0.46,highschool,2505.0,0.62,0.08,38,0.75,0.46,0.37,0,0,0,2,0,0.1499,0.307,0,Successful Borrower
U01288,24,Bachelor's,Student,4260.0,2,A01288,12,rent,24,0.39,bachelor,1323.0,0.72,0.02,80,0.98,0.16,0.12,0,0,0,3,1,0.0,0.08,0,Successful Borrower
U01289,22,Diploma,Employed,6929.0,3,A01289,37,none,0,0.57,cert,3195.0,0.47,0.1,151,0.75,0.3,0.53,0,0,0,2,1,0.0075,0.31,0,Successful Borrower
U01290,25,High School,Student,3810.0,3,A01290,8,rent,14,0.39,highschool,2572.0,0.58,0.17,51,0.73,0.44,0.4,0,0,0,1,0,0.0955,0.33,0,Successful Borrower
U01291,22,Bachelor's,Self-Employed,8320.0,2,A01291,21,rent,16,0.35,bachelor,2340.0,0.7,0.12,171,0.76,0.34,0.36,0,0,0,1,0,0.0,0.277,1,Defaulted
U01292,22,High School,Employed,6327.0,2,A01292,25,none,3,0.47,highschool,3213.0,0.55,0.12,130,0.76,0.31,0.39,0,0,0,2,1,0.0788,0.277,0,Successful Borrower
U01293,21,Bachelor's,Student,4402.0,2,A01293,10,rent,20,0.6,bachelor,1709.0,0.71,0.12,143,0.78,0.29,0.38,0,0,0,2,1,0.1179,0.2625,0,Successful Borrower
U01294,22,High School,Employed,9740.0,2,A01294,27,owner,0,0.51,highschool,3608.0,0.49,0.02,214,0.85,0.29,0.37,0,0,0,2,1,0.0979,0.2205,1,Defaulted
U01295,25,Bachelor's,Unemployed,2615.0,2,A01295,1,rent,15,0.42,bachelor,1513.0,0.57,0.14,5,0.67,0.41,0.5,0,0,0,2,1,0.1309,0.364,1,Defaulted
U01296,20,Master's,Self-Employed,8717.0,3,A01296,55,rent,8,0.44,master,4863.0,0.41,0.22,68,0.56,0.39,0.68,0,0,0,3,3,0.1211,0.4545,1,Defaulted
U01297,22,High School,Employed,9815.0,1,A01297,53,rent,13,0.46,highschool,5679.0,0.66,0.12,145,0.68,0.37,0.52,0,0,0,3,0,0.1112,0.3525,1,Defaulted
U01298,24,Bachelor's,Self-Employed,9502.0,2,A01298,38,owner,1,0.44,bachelor,3357.0,0.48,0.18,234,0.71,0.21,0.48,0,0,0,3,0,0.0773,0.301,1,Defaulted
U01299,25,High School,Unemployed,2225.0,3,A01299,2,rent,20,0.3,highschool,621.0,0.82,0.15,10,0.72,0.39,0.45,0,0,0,2,0,0.0567,0.3305,0,Successful Borrower
U01300,26,Bachelor's,Self-Employed,9382.0,2,A01300,45,none,3,0.52,bachelor,2862.0,0.6,0.19,233,0.79,0.25,0.36,0,0,0,2,2,0.011,0.2545,0,Successful Borrower
U01301,22,Bachelor's,Self-Employed,2838.0,2,A01301,9,owner,0,0.3,bachelor,1567.0,0.62,0.18,121,0.74,0.38,0.44,0,0,0,3,0,0.1525,0.323,0,Successful Borrower
U01302,24,Bachelor's,Employed,8510.0,1,A01302,34,rent,13,0.48,bachelor,3918.0,0.56,0.02,164,0.84,0.29,0.15,0,0,0,3,0,0.0928,0.169,0,Successful Borrower
U01303,20,High School,Employed,7185.0,3,A01303,26,rent,14,0.65,highschool,3966.0,0.57,0.14,91,0.69,0.36,0.65,0,0,0,3,2,0.0,0.382,0,Successful Borrower
U01304,22,Bachelor's,Employed,8271.0,2,A01304,26,rent,6,0.65,bachelor,2792.0,0.65,0.06,209,0.91,0.25,0.1,0,0,0,2,0,0.0,0.128,0,Successful Borrower
U01305,22,Bachelor's,Self-Employed,6790.0,1,A01305,32,rent,24,0.64,bachelor,2949.0,0.76,0.14,120,0.76,0.23,0.4,0,0,0,2,1,0.0,0.2625,1,Defaulted
U01306,26,Diploma,Student,5858.0,2,A01306,0,owner,4,0.37,cert,1997.0,0.44,0.08,185,0.81,0.28,0.22,0,0,0,3,0,0.0,0.2035,0,Successful Borrower
U01307,21,High School,Employed,11095.0,3,A01307,30,rent,9,0.57,highschool,4231.0,0.54,0.06,272,0.93,0.26,0.19,0,0,1,3,0,0.1605,0.146,0,Successful Borrower
U01308,23,Bachelor's,Employed,9086.0,1,A01308,32,none,0,0.5,bachelor,4882.0,0.58,0.05,129,0.84,0.26,0.31,0,0,0,2,0,0.131,0.206,0,Successful Borrower
U01309,22,Master's,Student,2699.0,3,A01309,11,owner,0,0.66,master,1500.0,0.77,0.05,66,0.78,0.29,0.35,0,0,0,1,1,0.1135,0.2445,0,Successful Borrower
U01310,21,Diploma,Employed,6853.0,2,A01310,16,owner,2,0.49,cert,3251.0,0.68,0.1,216,0.74,0.33,0.56,0,0,0,3,1,0.1133,0.3285,0,Successful Borrower
U01311,21,High School,Employed,8947.0,2,A01311,18,rent,4,0.49,highschool,3270.0,0.36,0.07,135,0.82,0.28,0.32,0,1,0,3,1,0.0786,0.2235,1,Defaulted
U01312,25,Master's,Employed,7869.0,3,A01312,51,rent,17,0.74,master,2251.0,0.45,0.04,210,0.9,0.24,0.28,0,0,0,3,0,0.1234,0.171,1,Defaulted
U01313,24,High School,Unemployed,2575.0,3,A01313,4,rent,11,0.48,highschool,1042.0,0.72,0.13,55,0.72,0.43,0.48,0,0,0,1,1,0.1866,0.345,0,Successful Borrower
U01314,23,Diploma,Employed,5825.0,3,A01314,16,rent,5,0.47,cert,2256.0,0.56,0.04,117,0.85,0.19,0.22,0,0,0,3,0,0.1151,0.161,0,Successful Borrower
U01315,24,Bachelor's,Student,4314.0,2,A01315,10,none,1,0.49,bachelor,639.0,0.71,0.05,122,0.86,0.16,0.32,0,0,0,3,0,0.0545,0.1765,0,Successful Borrower
U01316,24,Bachelor's,Employed,7979.0,2,A01316,22,owner,3,0.36,bachelor,1325.0,0.68,0.02,249,1.0,0.14,0.15,0,0,0,3,0,0.0674,0.0755,0,Successful Borrower
U01317,21,Master's,Employed,8143.0,2,A01317,50,rent,13,0.3,master,3518.0,0.7,0.08,201,0.9,0.2,0.2,0,0,0,2,0,0.1695,0.147,0,Successful Borrower
U01318,24,Bachelor's,Employed,6005.0,2,A01318,22,rent,5,0.4,bachelor,2536.0,0.55,0.1,141,0.83,0.26,0.33,0,0,0,3,0,0.0285,0.222,0,Successful Borrower
U01319,22,Bachelor's,Unemployed,2654.0,1,A01319,2,none,0,0.42,bachelor,1769.0,0.61,0.21,53,0.58,0.48,0.51,0,0,0,2,0,0.128,0.426,1,Defaulted
U01320,24,Diploma,Employed,9470.0,1,A01320,23,rent,8,0.62,cert,3464.0,0.69,0.02,239,0.89,0.23,0.35,0,0,0,3,0,0.0439,0.1865,0,Successful Borrower
U01321,26,Bachelor's,Student,3858.0,2,A01321,2,rent,9,0.52,bachelor,2260.0,0.65,0.12,59,0.81,0.21,0.3,0,0,0,1,0,0.0808,0.212,1,Defaulted
U01322,26,High School,Self-Employed,8239.0,1,A01322,36,owner,2,0.5,highschool,2767.0,0.56,0.14,168,0.82,0.26,0.3,0,0,1,3,1,0.017,0.224,0,Successful Borrower
U01323,23,Bachelor's,Self-Employed,10757.0,1,A01323,58,none,1,0.76,bachelor,3295.0,0.41,0.15,153,0.78,0.27,0.36,1,0,0,2,0,0.1281,0.257,0,Successful Borrower
U01324,24,Bachelor's,Employed,12115.0,2,A01324,60,rent,5,0.61,bachelor,6708.0,0.66,0.22,123,0.57,0.49,0.75,0,1,0,3,1,0.0935,0.4935,1,Defaulted
U01325,25,Master's,Employed,7354.0,2,A01325,17,rent,9,0.63,master,3407.0,0.51,0.09,185,0.74,0.32,0.46,0,0,0,3,0,0.112,0.2995,0,Successful Borrower
U01326,23,Bachelor's,Employed,7157.0,3,A01326,43,owner,2,0.45,bachelor,3783.0,0.67,0.1,149,0.75,0.34,0.46,0,0,0,2,0,0.0,0.3025,1,Defaulted
U01327,20,Bachelor's,Employed,11631.0,2,A01327,15,none,0,0.55,bachelor,1281.0,0.57,0.03,346,0.97,0.18,0.12,0,0,0,3,0,0.0761,0.09,0,Successful Borrower
U01328,25,Bachelor's,Employed,7988.0,3,A01328,8,rent,9,0.57,bachelor,3102.0,0.48,0.1,203,0.75,0.29,0.36,0,0,0,3,0,0.0171,0.265,1,Defaulted
U01329,20,Bachelor's,Employed,7928.0,2,A01329,50,owner,3,0.59,bachelor,1747.0,0.44,0.05,195,0.96,0.27,0.27,0,0,0,3,0,0.14,0.1565,0,Successful Borrower
U01330,26,Bachelor's,Self-Employed,6024.0,3,A01330,43,rent,6,0.54,bachelor,2943.0,0.6,0.17,83,0.69,0.26,0.44,0,0,0,2,0,0.0158,0.309,1,Defaulted
U01331,24,Master's,Unemployed,3001.0,1,A01331,2,rent,23,0.68,master,1868.0,0.54,0.16,19,0.67,0.4,0.66,0,0,0,2,1,0.1333,0.4045,1,Defaulted
U01332,20,Master's,Employed,8596.0,2,A01332,22,rent,15,0.46,master,4538.0,0.55,0.1,119,0.74,0.32,0.53,0,0,0,3,0,0.0381,0.3185,0,Successful Borrower
U01333,23,Bachelor's,Student,4904.0,3,A01333,4,rent,24,0.3,bachelor,1702.0,0.68,0.05,116,0.87,0.2,0.3,0,0,0,2,0,0.0354,0.178,0,Successful Borrower
U01334,26,Diploma,Employed,9307.0,3,A01334,55,owner,0,0.56,cert,1469.0,0.61,0.04,244,0.99,0.16,0.01,0,0,0,3,1,0.0609,0.052,0,Successful Borrower
U01335,25,PhD,Self-Employed,8920.0,2,A01335,34,owner,4,0.59,phd,2229.0,0.55,0.14,207,0.86,0.25,0.27,0,0,0,3,0,0.0718,0.2,0,Successful Borrower
U01336,22,Bachelor's,Self-Employed,5725.0,2,A01336,18,rent,23,0.3,bachelor,3405.0,0.59,0.19,51,0.56,0.42,0.56,0,0,0,3,1,0.0161,0.4275,1,Defaulted
U01337,25,Master's,Student,2288.0,1,A01337,6,rent,7,0.81,master,1250.0,0.61,0.09,69,0.67,0.5,0.55,0,0,0,0,3,0.0318,0.3915,0,Successful Borrower
U01338,23,High School,Employed,7605.0,3,A01338,49,owner,0,0.37,highschool,4543.0,0.62,0.16,126,0.64,0.41,0.45,0,0,1,3,1,0.0273,0.365,0,Successful Borrower
U01339,21,Diploma,Employed,8920.0,1,A01339,49,rent,23,0.61,cert,4871.0,0.58,0.12,144,0.68,0.36,0.52,0,0,0,3,2,0.0975,0.35,1,Defaulted
U01340,25,PhD,Employed,9665.0,3,A01340,16,owner,3,0.6,phd,2131.0,0.61,0.06,315,0.85,0.23,0.33,0,0,0,2,1,0.0,0.2015,0,Successful Borrower
U01341,20,Bachelor's,Employed,9474.0,1,A01341,44,owner,0,0.48,bachelor,2430.0,0.41,0.04,250,0.99,0.08,0.16,0,0,0,3,1,0.1966,0.0695,1,Defaulted
U01342,23,High School,Self-Employed,9384.0,2,A01342,53,none,4,0.87,highschool,5081.0,0.47,0.17,118,0.66,0.32,0.4,0,0,0,2,0,0.0571,0.3245,0,Successful Borrower
U01343,22,Bachelor's,Student,4057.0,1,A01343,4,owner,0,0.39,bachelor,2501.0,0.71,0.12,73,0.69,0.44,0.49,1,0,0,1,1,0.1528,0.359,1,Defaulted
U01344,26,High School,Employed,5146.0,2,A01344,11,owner,0,0.53,highschool,2583.0,0.59,0.13,128,0.85,0.23,0.24,0,0,0,2,1,0.0,0.1895,0,Successful Borrower
U01345,26,Bachelor's,Student,2299.0,1,A01345,2,owner,0,0.42,bachelor,1242.0,0.6,0.07,83,0.87,0.32,0.18,0,0,0,2,0,0.1525,0.181,0,Successful Borrower
U01346,26,Bachelor's,Unemployed,3525.0,2,A01346,5,rent,11,0.37,bachelor,1299.0,0.43,0.1,123,0.94,0.23,0.19,0,0,0,3,1,0.1109,0.141,0,Successful Borrower
U01347,20,Bachelor's,Employed,8618.0,3,A01347,8,rent,19,0.4,bachelor,2962.0,0.54,0.04,248,0.91,0.26,0.29,0,0,0,3,0,0.0135,0.175,0,Successful Borrower
U01348,25,Master's,Employed,9217.0,1,A01348,50,owner,4,0.3,master,3757.0,0.53,0.04,208,0.86,0.36,0.49,0,0,0,3,0,0.0121,0.2675,0,Successful Borrower
U01349,26,Diploma,Employed,7239.0,1,A01349,38,none,2,0.56,cert,3269.0,0.46,0.06,170,0.81,0.35,0.35,0,0,0,3,0,0.0,0.2505,1,Defaulted
U01350,23,Bachelor's,Employed,6302.0,2,A01350,31,owner,4,0.4,bachelor,2176.0,0.68,0.05,137,0.9,0.22,0.08,0,0,0,3,0,0.1373,0.1175,0,Successful Borrower
U01351,25,Diploma,Employed,6074.0,1,A01351,15,rent,22,0.64,cert,2584.0,0.52,0.09,55,0.73,0.4,0.41,0,0,0,2,1,0.2408,0.3105,1,Defaulted
U01352,26,Bachelor's,Self-Employed,8707.0,2,A01352,39,owner,4,0.39,bachelor,2800.0,0.71,0.13,187,0.81,0.31,0.16,0,0,0,1,0,0.0417,0.2035,0,Successful Borrower
U01353,20,Diploma,Employed,9330.0,3,A01353,10,none,1,0.54,cert,2872.0,0.46,0.11,178,0.79,0.29,0.44,0,0,0,3,0,0.1491,0.2725,0,Successful Borrower
U01354,24,Bachelor's,Self-Employed,11527.0,1,A01354,10,rent,18,0.99,bachelor,6413.0,0.49,0.19,163,0.66,0.39,0.48,0,0,0,3,1,0.0,0.365,0,Successful Borrower
U01355,23,High School,Employed,8178.0,3,A01355,54,rent,18,0.3,highschool,2046.0,0.48,0.08,179,0.87,0.19,0.24,0,0,0,2,0,0.0,0.165,0,Successful Borrower
U01356,23,Master's,Employed,11679.0,2,A01356,56,rent,4,0.66,master,5608.0,0.58,0.09,195,0.75,0.42,0.51,0,0,0,2,0,0.0,0.3335,1,Defaulted
U01357,21,Master's,Employed,8099.0,3,A01357,9,owner,3,0.67,master,5246.0,0.64,0.08,106,0.64,0.5,0.59,0,0,0,1,2,0.0231,0.4105,1,Defaulted
U01358,26,Bachelor's,Student,4137.0,1,A01358,4,rent,13,0.38,bachelor,1687.0,0.72,0.05,121,0.96,0.08,0.04,0,0,0,3,1,0.1054,0.0515,0,Successful Borrower
U01359,21,High School,Employed,7731.0,2,A01359,11,rent,13,0.4,highschool,1086.0,0.5,0.07,233,0.9,0.18,0.17,0,0,0,3,0,0.1288,0.133,0,Successful Borrower
U01360,25,Diploma,Self-Employed,10133.0,1,A01360,11,rent,8,0.42,cert,5358.0,0.55,0.23,111,0.69,0.3,0.39,0,0,0,3,0,0.0309,0.3155,0,Successful Borrower
U01361,23,Bachelor's,Self-Employed,8067.0,1,A01361,5,rent,9,0.56,bachelor,5206.0,0.49,0.27,21,0.56,0.51,0.64,1,0,0,1,3,0.052,0.482,1,Defaulted
U01362,25,Bachelor's,Student,3096.0,3,A01362,9,rent,18,0.46,bachelor,2072.0,0.74,0.16,39,0.73,0.38,0.46,0,0,0,1,0,0.0927,0.3285,0,Successful Borrower
U01363,23,High School,Student,2858.0,2,A01363,11,none,3,0.4,highschool,950.0,0.67,0.04,102,0.81,0.36,0.32,0,0,0,3,0,0.0403,0.2425,0,Successful Borrower
U01364,24,Bachelor's,Employed,10053.0,2,A01364,38,owner,2,0.43,bachelor,4539.0,0.56,0.13,221,0.76,0.24,0.26,0,0,0,2,0,0.0807,0.2285,0,Successful Borrower
U01365,22,Bachelor's,Employed,6692.0,3,A01365,37,rent,23,0.66,bachelor,1480.0,0.33,0.02,177,0.9,0.24,0.29,0,0,0,3,0,0.0,0.1705,0,Successful Borrower
U01366,26,High School,Unemployed,3618.0,2,A01366,6,rent,24,0.55,highschool,1948.0,0.62,0.22,67,0.56,0.57,0.67,0,0,0,2,3,0.0333,0.497,1,Defaulted
U01367,26,Bachelor's,Self-Employed,7497.0,2,A01367,35,rent,7,0.59,bachelor,3844.0,0.63,0.17,60,0.72,0.33,0.53,0,0,0,2,0,0.0,0.3385,0,Successful Borrower
U01368,26,Diploma,Self-Employed,9084.0,2,A01368,51,owner,1,0.56,cert,3874.0,0.62,0.14,185,0.77,0.29,0.33,0,0,0,1,1,0.0258,0.2565,0,Successful Borrower
U01369,21,PhD,Student,4157.0,2,A01369,12,rent,5,0.51,phd,2353.0,0.71,0.17,56,0.63,0.42,0.57,0,0,0,2,0,0.1179,0.4025,1,Defaulted
U01370,25,Bachelor's,Self-Employed,8452.0,2,A01370,22,rent,5,0.52,bachelor,3749.0,0.58,0.13,151,0.78,0.26,0.32,0,0,0,2,0,0.0,0.2415,0,Successful Borrower
U01371,26,PhD,Student,3537.0,2,A01371,11,rent,21,0.5,phd,1210.0,0.64,0.12,75,0.71,0.42,0.33,0,0,0,2,1,0.0234,0.307,0,Successful Borrower
U01372,26,Bachelor's,Self-Employed,8566.0,1,A01372,49,owner,0,0.51,bachelor,2160.0,0.6,0.16,196,0.86,0.29,0.26,0,0,0,3,1,0.1386,0.2105,1,Defaulted
U01373,22,Master's,Employed,8810.0,3,A01373,45,rent,16,0.41,master,2246.0,0.56,0.03,264,1.0,0.08,0.05,0,0,0,3,0,0.1531,0.037,0,Successful Borrower
U01374,24,Bachelor's,Employed,7699.0,2,A01374,27,none,0,0.47,bachelor,3134.0,0.66,0.1,207,0.86,0.25,0.37,0,0,0,2,0,0.1699,0.219,0,Successful Borrower
U01375,22,Bachelor's,Employed,7953.0,3,A01375,22,rent,16,0.39,bachelor,2000.0,0.68,0.02,218,0.99,0.14,0.15,0,0,0,2,1,0.088,0.079,0,Successful Borrower
U01376,20,High School,Employed,11122.0,3,A01376,18,owner,2,0.54,highschool,5641.0,0.54,0.15,192,0.8,0.29,0.36,0,0,0,3,0,0.0462,0.255,0,Successful Borrower
U01377,24,Bachelor's,Self-Employed,8221.0,1,A01377,57,rent,5,0.68,bachelor,3916.0,0.62,0.21,109,0.67,0.34,0.37,0,0,0,3,1,0.0,0.3245,1,Defaulted
U01378,24,Master's,Student,1200.0,2,A01378,3,rent,12,0.3,master,545.0,0.57,0.1,70,0.65,0.45,0.5,0,0,0,3,0,0.0459,0.375,1,Defaulted
U01379,26,Bachelor's,Self-Employed,8577.0,3,A01379,16,owner,0,0.35,bachelor,4892.0,0.58,0.23,104,0.72,0.31,0.47,0,0,0,1,2,0.0313,0.3275,0,Successful Borrower
U01380,22,Bachelor's,Employed,7157.0,2,A01380,52,rent,6,0.52,bachelor,3588.0,0.37,0.1,156,0.71,0.39,0.46,0,0,0,3,0,0.0427,0.329,0,Successful Borrower
U01381,21,High School,Self-Employed,8906.0,2,A01381,38,rent,16,0.43,highschool,5031.0,0.79,0.13,164,0.83,0.29,0.2,0,0,0,3,1,0.0381,0.2015,0,Successful Borrower
U01382,24,Bachelor's,Student,2255.0,3,A01382,0,rent,12,0.52,bachelor,575.0,0.51,0.11,73,0.73,0.39,0.47,0,0,0,1,1,0.0023,0.326,0,Successful Borrower
U01383,26,Diploma,Student,4632.0,3,A01383,12,rent,15,0.76,cert,300.0,0.68,0.03,203,0.91,0.2,0.12,0,0,0,3,0,0.1751,0.116,0,Successful Borrower
U01384,21,High School,Unemployed,2316.0,3,A01384,0,rent,19,0.53,highschool,1981.0,0.63,0.3,15,0.56,0.61,0.73,0,0,0,1,3,0.1879,0.534,1,Defaulted
U01385,25,Bachelor's,Employed,9708.0,3,A01385,43,rent,12,0.57,bachelor,4655.0,0.61,0.1,223,0.82,0.31,0.33,0,0,1,3,2,0.0177,0.238,0,Successful Borrower
U01386,25,High School,Employed,10943.0,3,A01386,50,owner,0,0.37,highschool,4228.0,0.64,0.04,243,0.85,0.23,0.27,0,0,0,3,0,0.1014,0.1835,0,Successful Borrower
U01387,20,Bachelor's,Employed,7456.0,2,A01387,44,owner,1,0.37,bachelor,2928.0,0.7,0.04,171,0.86,0.32,0.27,0,0,0,3,1,0.0467,0.2025,0,Successful Borrower
U01388,23,Bachelor's,Employed,11056.0,2,A01388,25,rent,5,0.46,bachelor,4198.0,0.66,0.04,273,0.76,0.2,0.32,0,0,0,3,0,0.0318,0.22,1,Defaulted
U01389,23,Diploma,Student,3879.0,2,A01389,7,rent,15,0.6,cert,1342.0,0.5,0.02,82,0.96,0.2,0.13,0,0,0,3,1,0.0,0.0995,0,Successful Borrower
U01390,22,Diploma,Employed,8207.0,2,A01390,14,rent,16,0.51,cert,1385.0,0.69,0.05,244,0.78,0.3,0.44,0,0,0,2,0,0.0,0.2695,0,Successful Borrower
U01391,23,Bachelor's,Self-Employed,3942.0,1,A01391,28,owner,4,0.42,bachelor,2202.0,0.72,0.24,62,0.71,0.31,0.41,0,0,0,1,2,0.0333,0.3175,1,Defaulted
U01392,22,Bachelor's,Student,2862.0,2,A01392,7,rent,13,0.42,bachelor,539.0,0.69,0.03,69,0.94,0.16,0.24,0,0,0,3,0,0.2131,0.1255,0,Successful Borrower
U01393,22,High School,Self-Employed,9242.0,3,A01393,53,rent,5,0.3,highschool,2377.0,0.37,0.15,247,0.85,0.29,0.27,0,0,0,3,0,0.06,0.215,0,Successful Borrower
U01394,26,High School,Employed,7166.0,1,A01394,8,owner,2,0.82,highschool,2251.0,0.5,0.09,167,0.8,0.22,0.27,0,0,0,3,0,0.1295,0.206,1,Defaulted
U01395,26,Master's,Employed,8924.0,3,A01395,50,rent,23,0.69,master,2257.0,0.59,0.02,191,0.73,0.29,0.43,0,0,0,3,0,0.0251,0.2775,0,Successful Borrower
U01396,22,Bachelor's,Employed,6470.0,3,A01396,6,owner,4,0.61,bachelor,4736.0,0.66,0.17,32,0.57,0.49,0.65,0,0,0,2,2,0.1299,0.461,1,Defaulted
U01397,21,Bachelor's,Employed,8157.0,3,A01397,40,rent,14,0.39,bachelor,3185.0,0.6,0.15,185,0.66,0.37,0.53,0,0,0,1,0,0.1663,0.3665,1,Defaulted
U01398,24,Bachelor's,Student,3244.0,3,A01398,8,none,0,0.3,bachelor,1463.0,0.79,0.04,113,0.85,0.29,0.17,0,0,0,2,0,0.0203,0.1735,0,Successful Borrower
U01399,24,High School,Employed,12264.0,3,A01399,38,owner,1,0.64,highschool,4422.0,0.51,0.06,306,0.89,0.22,0.28,0,0,0,2,0,0.0,0.1725,0,Successful Borrower
U01400,26,Diploma,Unemployed,4173.0,2,A01400,3,rent,23,0.43,cert,2138.0,0.55,0.19,68,0.69,0.43,0.5,0,0,0,1,2,0.0584,0.3695,1,Defaulted
U01401,20,Bachelor's,Employed,9671.0,3,A01401,53,owner,1,0.45,bachelor,5462.0,0.66,0.14,167,0.68,0.42,0.36,0,0,1,3,0,0.0599,0.328,1,Defaulted
U01402,23,Bachelor's,Student,3316.0,1,A01402,4,rent,8,0.3,bachelor,1272.0,0.48,0.11,41,0.67,0.35,0.49,1,0,0,2,1,0.1112,0.342,1,Defaulted
U01403,24,Bachelor's,Unemployed,3239.0,2,A01403,0,none,3,0.47,bachelor,1005.0,0.59,0.14,99,0.71,0.48,0.4,0,0,0,2,0,0.0,0.3425,1,Defaulted
U01404,22,Diploma,Unemployed,1914.0,2,A01404,0,none,3,0.54,cert,792.0,0.53,0.13,62,0.75,0.35,0.42,0,0,0,2,1,0.2397,0.2995,0,Successful Borrower
U01405,20,Master's,Student,4309.0,3,A01405,4,none,4,0.52,master,1989.0,0.64,0.16,117,0.68,0.35,0.57,0,0,0,3,0,0.1409,0.366,0,Successful Borrower
U01406,20,Master's,Student,3502.0,2,A01406,0,rent,19,0.57,master,1700.0,0.6,0.09,73,0.65,0.38,0.43,0,0,0,1,0,0.1418,0.3385,0,Successful Borrower
U01407,22,Master's,Student,3101.0,2,A01407,8,rent,13,0.57,master,1506.0,0.71,0.08,50,0.77,0.31,0.37,0,0,0,0,0,0.1443,0.2625,0,Successful Borrower
U01408,26,Master's,Self-Employed,10115.0,3,A01408,32,none,0,0.3,master,3749.0,0.73,0.09,210,0.93,0.15,0.03,0,0,0,2,0,0.0024,0.083,0,Successful Borrower
U01409,21,Master's,Unemployed,3068.0,3,A01409,0,rent,22,0.3,master,1212.0,0.54,0.14,77,0.74,0.42,0.43,0,0,0,2,0,0.1104,0.3245,1,Defaulted
U01410,26,Diploma,Employed,7757.0,1,A01410,59,rent,13,0.4,cert,1548.0,0.59,0.08,169,0.82,0.27,0.3,0,0,0,2,0,0.0297,0.2175,0,Successful Borrower
U01411,23,High School,Employed,9964.0,1,A01411,36,owner,1,0.49,highschool,3467.0,0.44,0.12,223,0.74,0.35,0.57,0,0,0,2,1,0.0506,0.339,0,Successful Borrower
U01412,22,Diploma,Self-Employed,11101.0,2,A01412,32,rent,20,0.38,cert,5549.0,0.42,0.17,111,0.69,0.35,0.39,0,0,0,3,1,0.1007,0.319,0,Successful Borrower
U01413,26,Master's,Employed,10717.0,1,A01413,18,none,2,0.44,master,5176.0,0.57,0.15,171,0.61,0.42,0.47,0,0,0,3,0,0.0851,0.3815,0,Successful Borrower
U01414,22,High School,Self-Employed,8339.0,2,A01414,32,rent,4,0.56,highschool,1487.0,0.55,0.11,254,0.97,0.18,0.03,0,0,0,3,0,0.033,0.0795,0,Successful Borrower
U01415,22,Master's,Student,1661.0,2,A01415,8,rent,21,0.31,master,1407.0,0.7,0.08,79,0.83,0.27,0.29,0,0,0,2,0,0.0848,0.2115,0,Successful Borrower
U01416,20,Bachelor's,Student,3975.0,1,A01416,7,none,3,0.74,bachelor,882.0,0.62,0.03,100,0.93,0.17,0.26,0,0,0,3,0,0.0189,0.1365,0,Successful Borrower
U01417,22,Bachelor's,Self-Employed,7125.0,2,A01417,19,owner,2,0.36,bachelor,3067.0,0.68,0.19,144,0.73,0.37,0.33,0,0,0,3,0,0.0207,0.298,1,Defaulted
U01418,21,Bachelor's,Employed,7392.0,1,A01418,33,owner,3,0.9,bachelor,4532.0,0.48,0.08,124,0.7,0.4,0.4,0,0,0,3,0,0.1352,0.317,1,Defaulted
U01419,25,Bachelor's,Student,2628.0,2,A01419,3,none,1,0.3,bachelor,1819.0,0.78,0.13,31,0.7,0.38,0.43,0,0,0,2,1,0.0479,0.327,1,Defaulted
U01420,20,Master's,Employed,6125.0,3,A01420,60,rent,17,0.52,master,3143.0,0.66,0.08,156,0.8,0.28,0.37,0,0,0,2,0,0.0327,0.2445,0,Successful Borrower
U01421,25,Bachelor's,Student,3867.0,1,A01421,3,rent,17,0.65,bachelor,2696.0,0.7,0.1,37,0.88,0.26,0.27,0,0,0,1,1,0.0,0.1895,0,Successful Borrower
U01422,21,Master's,Self-Employed,9116.0,1,A01422,8,owner,2,0.58,master,3844.0,0.7,0.11,164,0.83,0.27,0.28,0,0,0,1,1,0.0,0.2135,0,Successful Borrower
U01423,22,Master's,Unemployed,2781.0,3,A01423,5,none,1,0.45,master,1703.0,0.62,0.17,43,0.66,0.39,0.46,0,0,1,2,0,0.0,0.357,0,Successful Borrower
U01424,26,High School,Employed,8258.0,3,A01424,7,rent,17,0.51,highschool,5197.0,0.63,0.18,87,0.62,0.48,0.62,0,0,0,2,2,0.0295,0.435,1,Defaulted
U01425,20,Diploma,Employed,7368.0,1,A01425,37,rent,8,0.46,cert,3358.0,0.61,0.11,180,0.85,0.35,0.29,0,0,0,2,1,0.0623,0.229,0,Successful Borrower
U01426,23,PhD,Employed,8285.0,2,A01426,27,rent,23,0.54,phd,1859.0,0.53,0.07,217,1.0,0.05,0.14,0,0,0,3,1,0.1493,0.058,0,Successful Borrower
U01427,22,Master's,Self-Employed,6745.0,1,A01427,29,owner,4,0.58,master,2313.0,0.5,0.11,202,0.76,0.35,0.26,0,0,0,2,0,0.028,0.253,1,Defaulted
U01428,26,Bachelor's,Unemployed,4205.0,1,A01428,3,none,2,0.62,bachelor,1647.0,0.6,0.13,78,0.72,0.42,0.47,0,0,0,2,0,0.0433,0.34,0,Successful Borrower
U01429,25,Master's,Self-Employed,7414.0,1,A01429,19,owner,3,0.63,master,5523.0,0.68,0.3,80,0.56,0.49,0.64,0,0,0,1,3,0.024,0.4815,1,Defaulted
U01430,22,Master's,Employed,6299.0,3,A01430,7,rent,4,0.57,master,2683.0,0.63,0.11,76,0.78,0.3,0.45,0,0,0,2,1,0.0364,0.281,0,Successful Borrower
U01431,21,Master's,Student,3688.0,1,A01431,7,rent,12,0.45,master,1768.0,0.68,0.06,111,0.8,0.37,0.51,0,0,0,3,0,0.1216,0.299,1,Defaulted
U01432,26,Master's,Self-Employed,7655.0,3,A01432,10,rent,13,0.6,master,3442.0,0.75,0.12,175,0.82,0.14,0.33,0,0,0,3,0,0.0954,0.1985,0,Successful Borrower
U01433,21,Master's,Self-Employed,6133.0,3,A01433,47,owner,4,0.41,master,1794.0,0.53,0.17,119,0.74,0.36,0.52,0,0,0,2,0,0.0463,0.3365,1,Defaulted
U01434,20,Bachelor's,Student,3543.0,1,A01434,7,rent,19,0.5,bachelor,1535.0,0.65,0.11,148,0.82,0.21,0.21,0,0,0,3,0,0.0709,0.1845,0,Successful Borrower
U01435,24,Bachelor's,Employed,9535.0,2,A01435,58,none,4,0.54,bachelor,4138.0,0.55,0.06,237,0.85,0.24,0.38,0,0,0,3,1,0.0,0.2165,0,Successful Borrower
U01436,24,Master's,Unemployed,3867.0,3,A01436,6,none,0,0.32,master,1705.0,0.69,0.11,121,0.74,0.41,0.58,0,0,0,3,0,0.1347,0.355,1,Defaulted
U01437,21,Bachelor's,Employed,7058.0,2,A01437,7,none,2,0.63,bachelor,1819.0,0.6,0.03,147,0.78,0.21,0.31,0,0,0,2,2,0.1778,0.2115,0,Successful Borrower
U01438,24,High School,Self-Employed,5588.0,3,A01438,24,rent,16,0.3,highschool,3500.0,0.66,0.23,51,0.74,0.3,0.43,0,0,0,1,2,0.193,0.308,1,Defaulted
U01439,20,PhD,Employed,8604.0,3,A01439,58,rent,11,0.32,phd,2284.0,0.62,0.06,204,0.87,0.2,0.39,0,0,0,3,0,0.0365,0.202,0,Successful Borrower
U01440,23,High School,Employed,9279.0,1,A01440,35,owner,2,0.53,highschool,515.0,0.57,0.04,320,1.0,0.11,0.03,0,0,0,3,1,0.0376,0.041,0,Successful Borrower
U01441,24,Bachelor's,Employed,8534.0,2,A01441,11,rent,21,0.56,bachelor,2474.0,0.47,0.07,264,0.86,0.2,0.22,0,0,0,2,0,0.0525,0.1645,0,Successful Borrower
U01442,20,Diploma,Employed,6992.0,1,A01442,30,rent,6,0.3,cert,2431.0,0.64,0.13,155,0.8,0.26,0.32,0,0,0,3,1,0.0498,0.2345,0,Successful Borrower
U01443,21,Bachelor's,Self-Employed,9950.0,2,A01443,49,rent,5,0.56,bachelor,2280.0,0.69,0.14,219,0.77,0.25,0.45,0,0,0,3,1,0.2101,0.2765,1,Defaulted
U01444,20,Bachelor's,Employed,7171.0,1,A01444,51,owner,4,0.69,bachelor,2647.0,0.54,0.13,196,0.63,0.46,0.44,0,0,0,3,0,0.0686,0.374,1,Defaulted
U01445,26,Bachelor's,Employed,8443.0,2,A01445,60,none,2,0.53,bachelor,3733.0,0.66,0.03,194,0.83,0.2,0.25,0,0,0,3,0,0.0075,0.1765,0,Successful Borrower
U01446,26,Bachelor's,Self-Employed,9908.0,1,A01446,35,owner,2,0.48,bachelor,3563.0,0.69,0.2,170,0.63,0.43,0.58,0,0,0,2,2,0.2257,0.412,1,Defaulted
U01447,21,Bachelor's,Employed,9780.0,3,A01447,52,owner,4,0.52,bachelor,3223.0,0.59,0.05,255,0.93,0.13,0.28,0,0,0,2,0,0.0412,0.1345,0,Successful Borrower
U01448,23,Bachelor's,Student,2386.0,2,A01448,5,owner,0,0.61,bachelor,1131.0,0.6,0.11,69,0.68,0.38,0.49,0,0,0,2,0,0.0,0.346,0,Successful Borrower
U01449,26,Bachelor's,Employed,7163.0,3,A01449,6,rent,6,0.68,bachelor,2469.0,0.5,0.06,182,0.82,0.25,0.3,0,0,0,3,1,0.0437,0.2095,0,Successful Borrower
U01450,21,Master's,Self-Employed,7797.0,2,A01450,29,rent,8,0.59,master,3219.0,0.56,0.14,191,0.78,0.17,0.3,0,0,0,3,1,0.0723,0.2155,0,Successful Borrower
U01451,22,Diploma,Self-Employed,7867.0,3,A01451,16,rent,18,0.72,cert,2878.0,0.57,0.13,128,0.71,0.39,0.41,0,0,0,2,0,0.1194,0.321,0,Successful Borrower
U01452,26,Bachelor's,Employed,9716.0,3,A01452,26,owner,4,0.5,bachelor,3235.0,0.74,0.09,228,0.91,0.24,0.32,0,0,0,3,1,0.0991,0.185,0,Successful Borrower
U01453,25,High School,Self-Employed,9400.0,3,A01453,48,owner,4,0.4,highschool,3810.0,0.63,0.19,147,0.75,0.32,0.47,0,0,0,2,0,0.0,0.3135,1,Defaulted
U01454,24,Bachelor's,Employed,10465.0,1,A01454,13,rent,8,0.5,bachelor,3333.0,0.6,0.1,227,0.71,0.29,0.55,0,0,0,3,0,0.1174,0.3265,1,Defaulted
U01455,20,Bachelor's,Self-Employed,5920.0,2,A01455,53,rent,21,0.44,bachelor,1395.0,0.68,0.1,128,0.94,0.13,0.04,0,0,0,2,0,0.0997,0.0785,0,Successful Borrower
U01456,21,Bachelor's,Employed,8716.0,2,A01456,51,none,3,0.75,bachelor,5560.0,0.41,0.22,123,0.56,0.52,0.61,0,0,0,2,3,0.1024,0.4695,1,Defaulted
U01457,21,Master's,Employed,9146.0,1,A01457,16,none,3,0.44,master,2745.0,0.75,0.04,217,0.82,0.25,0.46,0,0,0,2,0,0.0573,0.2465,0,Successful Borrower
U01458,21,Bachelor's,Self-Employed,6345.0,3,A01458,54,rent,16,0.62,bachelor,2153.0,0.7,0.03,137,0.92,0.19,0.08,0,0,0,3,0,0.0313,0.1,0,Successful Borrower
U01459,20,Diploma,Self-Employed,5950.0,3,A01459,49,owner,0,0.43,cert,2425.0,0.43,0.17,124,0.85,0.12,0.32,0,0,0,3,0,0.0663,0.188,0,Successful Borrower
U01460,20,Master's,Employed,6869.0,2,A01460,8,rent,19,0.63,master,2632.0,0.52,0.09,172,0.77,0.32,0.38,0,0,0,2,0,0.0584,0.269,0,Successful Borrower
U01461,25,Bachelor's,Student,4917.0,2,A01461,1,rent,22,0.42,bachelor,1476.0,0.64,0.05,120,0.92,0.14,0.28,0,0,0,2,0,0.0796,0.1405,0,Successful Borrower
U01462,24,Bachelor's,Self-Employed,7574.0,1,A01462,39,none,4,0.6,bachelor,2823.0,0.55,0.16,150,0.74,0.34,0.44,0,0,0,3,1,0.0694,0.31,0,Successful Borrower
U01463,23,Bachelor's,Unemployed,2217.0,3,A01463,5,rent,13,0.75,bachelor,1064.0,0.61,0.13,13,0.72,0.45,0.43,0,0,0,2,0,0.1332,0.3375,1,Defaulted
U01464,20,Bachelor's,Unemployed,1839.0,1,A01464,4,rent,14,0.64,bachelor,1002.0,0.83,0.18,34,0.7,0.47,0.41,0,0,0,1,0,0.1357,0.352,1,Defaulted
U01465,22,High School,Student,2993.0,1,A01465,8,rent,14,0.54,highschool,1582.0,0.77,0.11,67,0.78,0.35,0.36,0,0,0,3,0,0.0,0.271,0,Successful Borrower
U01466,23,Bachelor's,Self-Employed,10019.0,2,A01466,22,rent,13,0.56,bachelor,3705.0,0.44,0.19,169,0.81,0.25,0.27,0,0,0,2,0,0.1201,0.225,0,Successful Borrower
U01467,26,Bachelor's,Employed,11178.0,1,A01467,27,rent,11,0.78,bachelor,2185.0,0.44,0.02,281,0.93,0.21,0.18,0,0,0,3,1,0.055,0.125,0,Successful Borrower
U01468,25,Bachelor's,Self-Employed,9089.0,3,A01468,13,rent,16,0.46,bachelor,3499.0,0.48,0.18,171,0.77,0.29,0.35,0,0,1,3,0,0.0299,0.2675,1,Defaulted
U01469,26,High School,Student,3925.0,2,A01469,5,rent,10,0.4,highschool,2428.0,0.59,0.16,44,0.76,0.26,0.39,0,0,0,2,0,0.0673,0.2705,0,Successful Borrower
U01470,26,Diploma,Employed,7391.0,3,A01470,7,rent,24,0.66,cert,2215.0,0.71,0.09,175,0.78,0.31,0.43,0,0,0,2,1,0.0819,0.2755,1,Defaulted
U01471,24,Master's,Self-Employed,8846.0,2,A01471,32,rent,9,0.4,master,3374.0,0.54,0.14,188,0.8,0.29,0.4,0,0,0,2,1,0.116,0.2635,0,Successful Borrower
U01472,20,Master's,Employed,7612.0,3,A01472,12,rent,7,0.54,master,4731.0,0.69,0.1,146,0.85,0.32,0.28,0,0,0,3,0,0.117,0.2175,1,Defaulted
U01473,23,Bachelor's,Unemployed,2614.0,1,A01473,5,rent,18,0.53,bachelor,1535.0,0.54,0.15,60,0.77,0.3,0.38,0,0,0,3,2,0.0276,0.273,1,Defaulted
U01474,22,Bachelor's,Employed,6252.0,2,A01474,14,rent,7,0.4,bachelor,2206.0,0.57,0.04,163,0.98,0.18,0.25,0,0,0,3,0,0.0744,0.1205,0,Successful Borrower
U01475,26,Bachelor's,Employed,9186.0,2,A01475,35,rent,5,0.74,bachelor,2482.0,0.53,0.1,238,0.81,0.26,0.37,0,0,0,0,1,0.1332,0.239,0,Successful Borrower
U01476,25,Bachelor's,Unemployed,2985.0,2,A01476,0,rent,23,0.44,bachelor,1894.0,0.73,0.18,82,0.69,0.43,0.55,0,0,0,2,1,0.0289,0.3805,1,Defaulted
U01477,21,Bachelor's,Unemployed,2818.0,3,A01477,3,rent,24,0.39,bachelor,1313.0,0.66,0.17,54,0.67,0.45,0.46,0,0,0,3,0,0.0881,0.3685,1,Defaulted
U01478,25,Bachelor's,Employed,6178.0,1,A01478,16,owner,1,0.55,bachelor,3238.0,0.58,0.06,202,0.78,0.35,0.43,0,0,0,3,0,0.0197,0.281,0,Successful Borrower
U01479,21,Bachelor's,Unemployed,2318.0,2,A01479,1,none,2,0.37,bachelor,490.0,0.47,0.13,39,0.82,0.34,0.29,0,0,0,1,0,0.0819,0.24,0,Successful Borrower
U01480,21,Diploma,Employed,6937.0,1,A01480,32,owner,3,0.57,cert,5747.0,0.6,0.23,22,0.56,0.62,0.8,0,0,0,2,3,0.1105,0.5435,1,Defaulted
U01481,23,Bachelor's,Employed,11162.0,2,A01481,54,rent,17,0.55,bachelor,3722.0,0.4,0.02,278,0.92,0.29,0.21,0,0,0,3,0,0.0364,0.156,0,Successful Borrower
U01482,25,Bachelor's,Employed,9378.0,2,A01482,39,none,0,0.81,bachelor,4325.0,0.79,0.07,146,0.84,0.25,0.3,0,0,0,3,0,0.075,0.204,0,Successful Borrower
U01483,24,High School,Student,4517.0,1,A01483,9,rent,20,0.65,highschool,1331.0,0.68,0.09,82,0.73,0.35,0.41,0,0,0,0,0,0.0333,0.298,0,Successful Borrower
U01484,22,Bachelor's,Employed,8938.0,2,A01484,48,owner,2,0.65,bachelor,3506.0,0.49,0.04,170,0.82,0.22,0.42,0,0,0,2,1,0.1744,0.229,0,Successful Borrower
U01485,22,Master's,Unemployed,1910.0,2,A01485,0,none,4,0.6,master,455.0,0.67,0.17,76,0.65,0.42,0.42,0,0,0,1,0,0.0201,0.358,1,Defaulted
U01486,20,Bachelor's,Employed,10289.0,2,A01486,55,owner,3,0.6,bachelor,3369.0,0.61,0.04,273,0.92,0.15,0.14,0,0,0,3,0,0.0,0.1065,0,Successful Borrower
U01487,26,Master's,Self-Employed,7067.0,1,A01487,19,owner,0,0.69,master,4107.0,0.67,0.27,59,0.65,0.4,0.59,0,0,0,1,0,0.1121,0.4105,1,Defaulted
U01488,21,Bachelor's,Unemployed,3066.0,2,A01488,6,none,3,0.3,bachelor,2648.0,0.65,0.21,16,0.56,0.59,0.71,0,0,0,2,3,0.1071,0.5105,1,Defaulted
U01489,22,High School,Self-Employed,7317.0,3,A01489,5,owner,3,0.65,highschool,2707.0,0.67,0.13,188,0.92,0.15,0.21,0,0,0,3,0,0.1692,0.1375,0,Successful Borrower
U01490,26,Master's,Self-Employed,8899.0,2,A01490,23,rent,11,0.62,master,3687.0,0.57,0.16,180,0.83,0.33,0.31,0,0,0,0,1,0.2256,0.2435,0,Successful Borrower
U01491,25,Bachelor's,Employed,9170.0,3,A01491,55,rent,12,0.44,bachelor,3609.0,0.61,0.02,201,0.84,0.21,0.35,0,0,0,3,1,0.1344,0.199,0,Successful Borrower
U01492,25,Master's,Employed,9525.0,1,A01492,16,rent,18,0.86,master,4170.0,0.59,0.1,174,0.78,0.31,0.53,0,0,0,2,0,0.0168,0.302,0,Successful Borrower
U01493,25,Diploma,Unemployed,1343.0,3,A01493,1,rent,20,0.56,cert,659.0,0.61,0.15,0,0.65,0.5,0.49,0,0,0,1,2,0.0,0.3925,0,Successful Borrower
U01494,22,Master's,Self-Employed,8217.0,3,A01494,11,rent,10,0.42,master,4015.0,0.68,0.21,99,0.73,0.31,0.31,0,0,0,2,1,0.052,0.281,1,Defaulted
U01495,26,Bachelor's,Employed,8552.0,3,A01495,11,rent,14,0.3,bachelor,3587.0,0.67,0.05,225,0.93,0.16,0.16,0,0,0,3,1,0.1108,0.112,0,Successful Borrower
U01496,23,Master's,Student,3795.0,1,A01496,7,rent,6,0.5,master,1432.0,0.61,0.1,91,0.76,0.28,0.35,0,0,0,3,0,0.0846,0.2565,0,Successful Borrower
U01497,20,Bachelor's,Employed,6388.0,2,A01497,10,rent,19,0.48,bachelor,2706.0,0.67,0.09,132,0.87,0.25,0.27,0,0,0,3,1,0.0344,0.189,0,Successful Borrower
U01498,23,Diploma,Employed,5747.0,1,A01498,25,none,2,0.56,cert,2794.0,0.7,0.08,128,0.85,0.18,0.34,0,0,0,3,0,0.0787,0.1945,1,Defaulted
U01499,26,Bachelor's,Employed,7771.0,2,A01499,50,rent,18,0.47,bachelor,3142.0,0.49,0.11,191,0.89,0.27,0.29,0,0,0,2,1,0.1521,0.195,0,Successful Borrower
U01500,22,Bachelor's,Employed,6651.0,1,A01500,19,rent,12,0.56,bachelor,4136.0,0.56,0.19,161,0.73,0.39,0.43,0,0,0,2,2,0.0717,0.328,1,Defaulted
U01501,25,Bachelor's,Student,4429.0,2,A01501,9,owner,1,0.48,bachelor,2569.0,0.67,0.05,54,0.67,0.51,0.42,0,0,0,2,2,0.0,0.3555,1,Defaulted
U01502,25,Diploma,Employed,7757.0,2,A01502,31,none,2,0.81,cert,2159.0,0.62,0.1,224,0.78,0.31,0.5,0,0,0,2,0,0.0309,0.2945,0,Successful Borrower
U01503,23,Diploma,Unemployed,3861.0,3,A01503,3,rent,9,0.47,cert,1888.0,0.61,0.16,81,0.73,0.4,0.5,0,0,0,2,1,0.0908,0.3435,1,Defaulted
U01504,22,Master's,Unemployed,2974.0,2,A01504,6,none,1,0.4,master,1298.0,0.68,0.13,46,0.73,0.36,0.35,0,0,0,1,0,0.0474,0.2915,1,Defaulted
U01505,24,Master's,Employed,10996.0,2,A01505,20,owner,1,0.35,master,1733.0,0.52,0.04,340,0.94,0.21,0.23,0,0,0,3,1,0.0771,0.137,0,Successful Borrower
U01506,23,High School,Employed,4798.0,2,A01506,20,none,1,0.55,highschool,1183.0,0.66,0.04,184,0.88,0.23,0.32,0,0,0,2,0,0.1352,0.1855,0,Successful Borrower
U01507,23,Bachelor's,Unemployed,2566.0,3,A01507,5,none,0,0.58,bachelor,1355.0,0.79,0.18,79,0.65,0.5,0.47,0,0,0,1,2,0.2104,0.392,0,Successful Borrower
U01508,23,Bachelor's,Self-Employed,10208.0,3,A01508,55,owner,2,0.45,bachelor,3640.0,0.71,0.14,249,0.84,0.25,0.35,0,0,0,2,0,0.1463,0.227,0,Successful Borrower
U01509,20,Bachelor's,Employed,5941.0,3,A01509,12,rent,17,0.45,bachelor,1991.0,0.57,0.07,98,0.8,0.29,0.32,0,0,0,1,0,0.1199,0.233,0,Successful Borrower
U01510,26,Diploma,Employed,7508.0,3,A01510,37,rent,13,0.78,cert,2491.0,0.64,0.04,169,0.86,0.32,0.33,0,0,0,3,0,0.1021,0.2175,0,Successful Borrower
U01511,21,High School,Self-Employed,8510.0,2,A01511,9,none,2,0.43,highschool,2878.0,0.72,0.12,168,0.91,0.2,0.21,0,0,0,3,0,0.0383,0.152,0,Successful Borrower
U01512,22,Bachelor's,Employed,8098.0,3,A01512,20,rent,12,0.55,bachelor,3978.0,0.58,0.1,149,0.78,0.25,0.48,0,0,0,3,1,0.0,0.2745,0,Successful Borrower
U01513,25,Master's,Self-Employed,6387.0,3,A01513,13,rent,17,0.3,master,2665.0,0.55,0.19,141,0.69,0.3,0.42,0,0,0,2,0,0.0552,0.317,0,Successful Borrower
U01514,23,Master's,Self-Employed,8141.0,2,A01514,42,owner,1,0.48,master,2957.0,0.65,0.13,187,0.8,0.28,0.46,0,0,0,3,1,0.0087,0.2745,0,Successful Borrower
U01515,26,High School,Employed,9098.0,2,A01515,42,none,1,0.58,highschool,3439.0,0.51,0.07,208,0.82,0.33,0.38,0,0,0,2,1,0.1819,0.251,0,Successful Borrower
U01516,26,Bachelor's,Employed,10678.0,2,A01516,59,rent,11,0.62,bachelor,5135.0,0.58,0.12,130,0.82,0.23,0.34,0,0,0,2,0,0.0475,0.2235,0,Successful Borrower
U01517,24,Bachelor's,Employed,6880.0,3,A01517,17,rent,13,0.33,bachelor,2594.0,0.51,0.11,131,0.73,0.35,0.38,0,0,0,2,0,0.1093,0.2935,0,Successful Borrower
U01518,21,Master's,Self-Employed,8473.0,1,A01518,48,owner,0,0.57,master,3386.0,0.66,0.17,182,0.77,0.22,0.34,0,0,0,3,0,0.0871,0.246,0,Successful Borrower
U01519,20,High School,Employed,9580.0,2,A01519,40,rent,24,0.56,highschool,4263.0,0.4,0.1,182,0.69,0.39,0.53,0,0,0,3,0,0.0036,0.3535,1,Defaulted
U01520,21,Master's,Employed,9046.0,2,A01520,48,rent,19,0.52,master,2580.0,0.6,0.09,283,0.87,0.22,0.39,0,0,0,1,0,0.1439,0.2115,0,Successful Borrower
U01521,20,Bachelor's,Student,4142.0,2,A01521,10,rent,21,0.5,bachelor,2240.0,0.66,0.15,97,0.74,0.47,0.53,0,0,0,3,1,0.2538,0.3635,0,Successful Borrower
U01522,25,Diploma,Unemployed,2655.0,1,A01522,2,none,3,0.65,cert,1357.0,0.68,0.17,21,0.82,0.34,0.45,0,0,0,1,0,0.1843,0.286,0,Successful Borrower
U01523,26,Bachelor's,Employed,5643.0,2,A01523,28,rent,21,0.54,bachelor,3417.0,0.49,0.08,157,0.8,0.27,0.26,0,0,0,3,1,0.1253,0.2145,0,Successful Borrower
U01524,24,PhD,Employed,8293.0,1,A01524,57,rent,18,0.48,phd,3138.0,0.45,0.07,195,0.85,0.24,0.35,0,0,0,2,1,0.0997,0.2105,0,Successful Borrower
U01525,24,Bachelor's,Self-Employed,6691.0,2,A01525,27,rent,15,0.47,bachelor,2660.0,0.63,0.15,117,0.75,0.24,0.39,0,0,0,3,1,0.0045,0.2675,0,Successful Borrower
U01526,25,Bachelor's,Employed,8130.0,1,A01526,44,owner,0,0.5,bachelor,1470.0,0.67,0.02,232,0.98,0.13,0.11,0,0,0,3,0,0.0526,0.07,0,Successful Borrower
U01527,21,Bachelor's,Self-Employed,6435.0,3,A01527,16,rent,16,0.38,bachelor,1789.0,0.54,0.16,200,0.88,0.2,0.24,0,0,0,3,0,0.0479,0.176,0,Successful Borrower
U01528,26,Bachelor's,Self-Employed,11165.0,3,A01528,5,rent,23,0.51,bachelor,4446.0,0.42,0.17,201,0.65,0.34,0.4,0,0,0,3,0,0.0709,0.333,1,Defaulted
U01529,23,Bachelor's,Employed,8541.0,2,A01529,47,rent,18,0.6,bachelor,2940.0,0.54,0.08,236,0.87,0.22,0.27,0,0,0,2,1,0.1082,0.18,0,Successful Borrower
U01530,20,Diploma,Student,3460.0,2,A01530,11,rent,17,0.56,cert,1257.0,0.68,0.1,106,0.74,0.3,0.44,0,0,0,3,0,0.091,0.291,0,Successful Borrower
U01531,25,High School,Employed,5833.0,2,A01531,35,rent,21,0.66,highschool,2784.0,0.76,0.1,130,0.78,0.3,0.37,0,0,0,3,1,0.0,0.2595,0,Successful Borrower
U01532,21,Diploma,Employed,9302.0,1,A01532,32,owner,3,0.78,cert,4532.0,0.6,0.13,248,0.75,0.3,0.44,0,0,0,3,0,0.1407,0.292,0,Successful Borrower
U01533,20,High School,Employed,9181.0,2,A01533,18,owner,2,0.48,highschool,2897.0,0.47,0.12,228,0.82,0.31,0.26,0,0,0,3,1,0.1573,0.2235,0,Successful Borrower
U01534,22,Bachelor's,Unemployed,2700.0,2,A01534,0,rent,8,0.3,bachelor,1326.0,0.48,0.18,67,0.64,0.42,0.51,0,0,0,2,1,0.0112,0.3855,0,Successful Borrower
U01535,23,Bachelor's,Student,5764.0,2,A01535,8,owner,1,0.61,bachelor,1099.0,0.53,0.02,177,1.0,0.06,0.04,0,0,0,3,0,0.0919,0.028,0,Successful Borrower
U01536,22,Master's,Employed,9814.0,2,A01536,11,owner,4,0.79,master,2798.0,0.47,0.11,215,0.72,0.37,0.47,1,0,0,2,0,0.1127,0.3245,0,Successful Borrower
U01537,20,Bachelor's,Student,3522.0,1,A01537,11,rent,22,0.66,bachelor,2193.0,0.73,0.13,76,0.78,0.28,0.34,0,0,0,1,0,0.0478,0.2515,0,Successful Borrower
U01538,21,Bachelor's,Self-Employed,6067.0,2,A01538,8,rent,6,0.65,bachelor,1580.0,0.64,0.11,162,0.92,0.15,0.21,0,0,0,3,1,0.058,0.1345,0,Successful Borrower
U01539,25,Master's,Employed,7816.0,3,A01539,44,rent,5,0.71,master,4219.0,0.74,0.07,176,0.73,0.31,0.32,0,0,0,1,1,0.1006,0.2625,0,Successful Borrower
U01540,20,PhD,Self-Employed,8835.0,3,A01540,16,rent,24,0.32,phd,2568.0,0.5,0.18,198,0.8,0.26,0.27,0,0,0,2,1,0.1773,0.2295,1,Defaulted
U01541,20,Bachelor's,Student,2098.0,3,A01541,11,rent,19,0.43,bachelor,1178.0,0.67,0.04,0,0.86,0.33,0.16,0,0,0,2,0,0.051,0.1775,0,Successful Borrower
U01542,24,Bachelor's,Employed,9559.0,1,A01542,50,rent,19,0.59,bachelor,1983.0,0.57,0.05,257,0.92,0.2,0.21,0,0,0,3,1,0.0225,0.138,0,Successful Borrower
U01543,24,Bachelor's,Employed,8716.0,3,A01543,58,rent,15,0.77,bachelor,4098.0,0.72,0.1,195,0.77,0.23,0.37,0,0,0,1,0,0.0708,0.2455,0,Successful Borrower
U01544,23,High School,Employed,8717.0,2,A01544,12,rent,10,0.65,highschool,2067.0,0.55,0.06,249,0.98,0.3,0.17,0,0,0,2,0,0.1425,0.1335,0,Successful Borrower
U01545,25,Diploma,Student,2293.0,2,A01545,7,rent,12,0.5,cert,1068.0,0.49,0.13,37,0.66,0.41,0.48,0,0,0,0,0,0.0501,0.361,1,Defaulted
U01546,25,High School,Employed,10195.0,1,A01546,45,rent,8,0.49,highschool,6111.0,0.65,0.16,125,0.71,0.44,0.4,0,0,0,2,0,0.0101,0.3355,1,Defaulted
U01547,23,Diploma,Employed,9195.0,2,A01547,32,owner,1,0.47,cert,2783.0,0.58,0.06,237,0.87,0.22,0.22,0,0,0,3,0,0.1637,0.1645,0,Successful Borrower
U01548,26,Bachelor's,Self-Employed,6663.0,2,A01548,57,rent,14,0.47,bachelor,2993.0,0.63,0.15,131,0.82,0.34,0.41,0,0,0,2,1,0.174,0.273,0,Successful Borrower
U01549,22,Master's,Employed,8916.0,3,A01549,29,rent,14,0.48,master,4265.0,0.63,0.07,158,0.84,0.31,0.35,0,1,0,2,1,0.1266,0.2315,0,Successful Borrower
U01550,24,High School,Employed,6797.0,2,A01550,20,rent,9,0.44,highschool,3415.0,0.64,0.09,158,0.76,0.3,0.37,0,0,0,3,0,0.0103,0.265,1,Defaulted
U01551,24,Diploma,Employed,8293.0,3,A01551,27,rent,14,0.33,cert,3599.0,0.51,0.09,191,0.78,0.26,0.3,0,0,0,2,1,0.032,0.2305,0,Successful Borrower
U01552,20,High School,Employed,7625.0,3,A01552,18,rent,12,0.3,highschool,2579.0,0.44,0.07,144,0.69,0.28,0.42,0,0,0,3,0,0.1667,0.294,1,Defaulted
U01553,20,Bachelor's,Student,2858.0,2,A01553,12,rent,15,0.53,bachelor,2152.0,0.53,0.18,43,0.56,0.51,0.54,0,0,0,3,0,0.0513,0.4435,1,Defaulted
U01554,26,Diploma,Unemployed,3061.0,2,A01554,3,rent,19,0.38,cert,1919.0,0.56,0.18,87,0.59,0.43,0.41,0,0,0,1,0,0.228,0.3805,1,Defaulted
U01555,23,Bachelor's,Student,4407.0,1,A01555,0,rent,7,0.3,bachelor,1912.0,0.66,0.05,53,0.81,0.29,0.48,0,0,0,2,1,0.1142,0.2665,0,Successful Borrower
U01556,26,Bachelor's,Employed,7874.0,3,A01556,19,none,1,0.42,bachelor,1961.0,0.69,0.06,206,0.79,0.36,0.34,0,0,0,1,0,0.1045,0.2575,0,Successful Borrower
U01557,23,Bachelor's,Employed,8352.0,1,A01557,20,owner,2,0.3,bachelor,3144.0,0.83,0.06,215,0.69,0.45,0.6,0,0,0,2,2,0.1085,0.38,0,Successful Borrower
U01558,26,Bachelor's,Employed,10250.0,2,A01558,40,owner,0,0.71,bachelor,5693.0,0.64,0.07,171,0.8,0.35,0.33,0,0,0,2,1,0.1537,0.2505,1,Defaulted
U01559,23,PhD,Student,4397.0,2,A01559,10,none,4,0.63,phd,2194.0,0.85,0.04,32,0.97,0.17,0.24,0,0,0,3,0,0.051,0.119,0,Successful Borrower
U01560,26,Bachelor's,Employed,9039.0,3,A01560,24,none,2,0.4,bachelor,1439.0,0.6,0.08,289,0.83,0.29,0.31,0,0,0,3,0,0.0428,0.2215,0,Successful Borrower
U01561,21,Diploma,Employed,8687.0,3,A01561,40,rent,6,0.47,cert,5120.0,0.57,0.15,88,0.68,0.37,0.46,0,0,0,2,1,0.0,0.342,0,Successful Borrower
U01562,23,Diploma,Self-Employed,7364.0,2,A01562,5,owner,1,0.46,cert,2402.0,0.56,0.08,176,0.84,0.35,0.25,0,1,0,2,0,0.0321,0.218,0,Successful Borrower
U01563,20,Master's,Employed,7091.0,2,A01563,39,rent,17,0.5,master,3140.0,0.7,0.14,99,0.67,0.44,0.46,0,0,0,3,0,0.0795,0.3615,1,Defaulted
U01564,26,Master's,Student,4943.0,3,A01564,12,rent,21,0.61,master,2658.0,0.79,0.17,95,0.65,0.38,0.45,0,0,0,2,1,0.0764,0.3555,0,Successful Borrower
U01565,20,Master's,Employed,9177.0,1,A01565,51,rent,14,0.77,master,3007.0,0.54,0.07,177,1.0,0.12,0.08,0,0,0,3,1,0.0964,0.0605,0,Successful Borrower
U01566,24,Bachelor's,Student,4697.0,2,A01566,0,rent,7,0.47,bachelor,1996.0,0.6,0.08,124,0.85,0.21,0.12,0,0,0,3,0,0.0683,0.147,0,Successful Borrower
U01567,22,Bachelor's,Employed,8806.0,2,A01567,28,rent,22,0.45,bachelor,3865.0,0.5,0.1,205,0.9,0.27,0.25,0,0,0,3,0,0.0662,0.18,0,Successful Borrower
U01568,24,Master's,Employed,8222.0,2,A01568,53,rent,7,0.56,master,1648.0,0.61,0.02,260,1.0,0.16,0.07,0,0,0,3,0,0.0728,0.0605,0,Successful Borrower
U01569,22,Bachelor's,Employed,7030.0,2,A01569,16,none,0,0.5,bachelor,2893.0,0.76,0.07,159,0.74,0.37,0.39,0,0,0,2,0,0.0456,0.2915,1,Defaulted
U01570,20,Bachelor's,Employed,8778.0,3,A01570,51,rent,24,0.48,bachelor,4139.0,0.69,0.08,199,0.77,0.27,0.5,0,0,0,3,1,0.0617,0.285,0,Successful Borrower
U01571,24,Bachelor's,Student,3141.0,3,A01571,9,rent,15,0.53,bachelor,1844.0,0.7,0.12,82,0.67,0.36,0.61,0,0,0,2,1,0.126,0.376,0,Successful Borrower
U01572,23,Bachelor's,Student,3426.0,3,A01572,9,rent,6,0.61,bachelor,1717.0,0.67,0.03,33,0.87,0.23,0.15,0,0,0,2,1,0.1216,0.145,0,Successful Borrower
U01573,21,Bachelor's,Employed,7537.0,3,A01573,55,rent,14,0.66,bachelor,2810.0,0.46,0.08,195,0.79,0.34,0.39,0,0,0,2,0,0.1499,0.268,0,Successful Borrower
U01574,21,Master's,Employed,10870.0,1,A01574,53,rent,14,0.87,master,3015.0,0.59,0.08,284,0.93,0.19,0.27,0,0,0,3,0,0.0847,0.1515,0,Successful Borrower
U01575,23,Bachelor's,Self-Employed,10986.0,2,A01575,36,owner,0,0.7,bachelor,4245.0,0.73,0.24,167,0.61,0.38,0.59,0,0,0,2,1,0.0965,0.415,0,Successful Borrower
U01576,20,Bachelor's,Unemployed,2327.0,2,A01576,4,rent,6,0.56,bachelor,1658.0,0.67,0.18,74,0.75,0.51,0.4,0,0,0,1,2,0.0473,0.342,1,Defaulted
U01577,21,Bachelor's,Employed,7243.0,3,A01577,9,owner,4,0.64,bachelor,3769.0,0.53,0.12,148,0.78,0.25,0.4,0,0,0,3,0,0.1105,0.2575,0,Successful Borrower
U01578,23,High School,Student,3056.0,3,A01578,1,rent,13,0.34,highschool,1662.0,0.8,0.15,39,0.75,0.29,0.49,0,0,0,3,0,0.1225,0.305,0,Successful Borrower
U01579,26,Diploma,Student,3752.0,2,A01579,9,rent,9,0.47,cert,2297.0,0.67,0.18,99,0.56,0.49,0.51,0,0,0,3,1,0.1861,0.431,1,Defaulted
U01580,23,Bachelor's,Unemployed,2448.0,3,A01580,5,none,2,0.3,bachelor,1588.0,0.63,0.18,55,0.72,0.42,0.49,0,0,0,1,1,0.113,0.3525,1,Defaulted
U01581,26,Bachelor's,Employed,7697.0,2,A01581,25,owner,1,0.34,bachelor,533.0,0.48,0.03,279,0.89,0.25,0.28,0,0,0,3,1,0.1838,0.1755,0,Successful Borrower
U01582,22,Bachelor's,Employed,8220.0,2,A01582,6,rent,18,0.52,bachelor,3677.0,0.48,0.13,160,0.75,0.3,0.45,0,0,0,2,1,0.1639,0.2945,0,Successful Borrower
U01583,23,Bachelor's,Student,4017.0,2,A01583,4,rent,22,0.36,bachelor,1879.0,0.51,0.14,109,0.68,0.41,0.51,0,0,0,3,0,0.1262,0.363,0,Successful Borrower
U01584,25,Master's,Unemployed,3582.0,3,A01584,2,rent,23,0.43,master,1539.0,0.6,0.11,85,0.86,0.25,0.18,0,0,0,2,1,0.0603,0.173,0,Successful Borrower
U01585,26,High School,Employed,8532.0,2,A01585,16,rent,4,0.43,highschool,1995.0,0.54,0.04,173,0.91,0.13,0.23,0,0,0,3,0,0.0781,0.1275,0,Successful Borrower
U01586,23,Bachelor's,Employed,7912.0,2,A01586,58,rent,6,0.58,bachelor,3955.0,0.57,0.08,168,0.75,0.37,0.4,0,0,0,3,1,0.1405,0.292,0,Successful Borrower
U01587,20,Bachelor's,Employed,6048.0,2,A01587,24,rent,15,0.3,bachelor,3438.0,0.62,0.17,141,0.69,0.37,0.36,0,0,0,1,1,0.183,0.3165,0,Successful Borrower
U01588,20,High School,Employed,6971.0,1,A01588,32,rent,21,0.52,highschool,2827.0,0.64,0.02,180,0.87,0.22,0.2,0,0,0,2,1,0.1151,0.1535,0,Successful Borrower
U01589,22,Master's,Self-Employed,6167.0,2,A01589,22,rent,12,0.43,master,2147.0,0.69,0.18,117,0.66,0.46,0.41,0,0,0,2,0,0.0817,0.3635,1,Defaulted
U01590,22,Diploma,Unemployed,1540.0,2,A01590,3,none,2,0.62,cert,498.0,0.76,0.2,54,0.61,0.51,0.67,0,0,0,1,2,0.117,0.4615,1,Defaulted
U01591,20,High School,Employed,8134.0,3,A01591,31,rent,12,0.72,highschool,3729.0,0.78,0.17,130,0.65,0.36,0.55,0,0,0,2,1,0.0328,0.3755,1,Defaulted
U01592,26,Bachelor's,Student,5022.0,2,A01592,4,rent,17,0.57,bachelor,2845.0,0.6,0.16,87,0.77,0.3,0.45,0,0,0,0,0,0.0952,0.292,0,Successful Borrower
U01593,23,Bachelor's,Employed,7519.0,2,A01593,24,rent,8,0.61,bachelor,3157.0,0.57,0.08,148,0.94,0.13,0.24,0,0,0,3,1,0.2413,0.1255,0,Successful Borrower
U01594,26,Master's,Employed,9369.0,2,A01594,51,none,1,0.5,master,1883.0,0.6,0.02,224,0.9,0.2,0.27,0,0,0,3,1,0.0496,0.1555,0,Successful Borrower
U01595,26,Master's,Employed,8560.0,1,A01595,23,none,4,0.52,master,3124.0,0.48,0.04,164,0.77,0.33,0.41,0,0,0,3,0,0.1417,0.2715,0,Successful Borrower
U01596,22,High School,Employed,8297.0,2,A01596,53,rent,7,0.59,highschool,1508.0,0.61,0.03,230,0.98,0.25,0.22,0,0,0,3,0,0.0787,0.129,0,Successful Borrower
U01597,24,Bachelor's,Employed,9438.0,2,A01597,60,none,3,0.32,bachelor,4528.0,0.57,0.06,191,0.8,0.28,0.26,0,0,0,3,0,0.1223,0.214,0,Successful Borrower
U01598,22,Bachelor's,Employed,8698.0,3,A01598,46,rent,14,0.35,bachelor,3246.0,0.5,0.07,202,0.97,0.17,0.18,0,0,0,3,2,0.0963,0.1085,0,Successful Borrower
U01599,25,Master's,Student,3776.0,3,A01599,10,rent,6,0.46,master,1623.0,0.63,0.11,64,0.81,0.27,0.32,0,0,0,3,2,0.076,0.2305,0,Successful Borrower
U01600,24,Master's,Unemployed,2533.0,2,A01600,6,owner,1,0.38,master,344.0,0.64,0.11,128,0.86,0.36,0.25,0,0,0,3,0,0.0688,0.218,0,Successful Borrower
U01601,22,High School,Employed,8410.0,1,A01601,42,rent,11,0.53,highschool,3990.0,0.69,0.02,214,0.85,0.17,0.42,0,0,0,3,1,0.1132,0.203,1,Defaulted
U01602,25,Diploma,Self-Employed,10470.0,1,A01602,36,rent,6,0.61,cert,4427.0,0.54,0.16,142,0.68,0.41,0.49,0,0,0,2,0,0.0643,0.361,1,Defaulted
U01603,21,Bachelor's,Employed,6898.0,1,A01603,46,owner,3,0.67,bachelor,1961.0,0.55,0.02,166,1.0,0.05,0.0,0,0,0,3,1,0.1641,0.0155,0,Successful Borrower
U01604,25,Bachelor's,Employed,10817.0,1,A01604,35,owner,1,0.51,bachelor,3364.0,0.58,0.08,241,0.84,0.21,0.29,0,0,0,1,2,0.0266,0.193,0,Successful Borrower
U01605,25,High School,Self-Employed,4746.0,2,A01605,34,none,3,0.54,highschool,2198.0,0.55,0.22,144,0.69,0.33,0.46,0,0,0,3,1,0.1629,0.339,1,Defaulted
U01606,25,Master's,Employed,7460.0,1,A01606,13,rent,12,0.5,master,2648.0,0.66,0.11,168,0.8,0.23,0.36,0,0,0,3,2,0.1153,0.234,0,Successful Borrower
U01607,20,Diploma,Self-Employed,7493.0,2,A01607,18,owner,0,0.47,cert,2666.0,0.6,0.17,142,0.81,0.26,0.4,0,0,0,2,0,0.1936,0.257,1,Defaulted
U01608,26,Diploma,Student,2601.0,3,A01608,9,rent,10,0.44,cert,1268.0,0.64,0.04,111,0.77,0.34,0.41,0,0,0,1,1,0.0,0.274,0,Successful Borrower
U01609,25,Bachelor's,Student,4626.0,2,A01609,12,rent,22,0.37,bachelor,1389.0,0.67,0.05,108,0.86,0.22,0.27,0,0,0,3,0,0.1695,0.179,0,Successful Borrower
U01610,25,High School,Student,4024.0,2,A01610,8,owner,3,0.37,highschool,1847.0,0.73,0.13,37,0.81,0.31,0.45,0,0,0,1,0,0.0786,0.276,1,Defaulted
U01611,24,Bachelor's,Employed,9317.0,1,A01611,9,owner,4,0.5,bachelor,5617.0,0.5,0.19,151,0.61,0.36,0.58,0,0,0,3,1,0.0508,0.4,1,Defaulted
U01612,26,Diploma,Employed,6617.0,1,A01612,33,none,1,0.77,cert,2195.0,0.6,0.05,170,0.81,0.22,0.34,0,0,0,3,0,0.1239,0.214,0,Successful Borrower
U01613,25,Diploma,Self-Employed,10068.0,3,A01613,14,none,0,0.44,cert,2101.0,0.51,0.14,322,0.87,0.24,0.28,0,0,0,1,2,0.1103,0.1965,0,Successful Borrower
U01614,24,Bachelor's,Student,4025.0,1,A01614,11,owner,2,0.59,bachelor,2317.0,0.67,0.07,95,0.89,0.13,0.25,0,0,0,1,0,0.0719,0.144,0,Successful Borrower
U01615,24,Bachelor's,Employed,10871.0,2,A01615,35,owner,4,0.57,bachelor,2530.0,0.48,0.08,286,0.78,0.19,0.36,0,0,0,2,1,0.1169,0.2265,0,Successful Borrower
U01616,24,Bachelor's,Employed,8185.0,2,A01616,36,owner,3,0.43,bachelor,2892.0,0.59,0.07,224,0.78,0.32,0.34,0,0,0,3,1,0.0624,0.2525,1,Defaulted
U01617,25,Bachelor's,Student,3642.0,3,A01617,2,rent,9,0.69,bachelor,1449.0,0.67,0.09,83,0.77,0.29,0.37,0,0,0,3,1,0.0,0.259,1,Defaulted
U01618,22,Master's,Student,2625.0,1,A01618,11,rent,21,0.58,master,1049.0,0.67,0.05,39,0.87,0.29,0.33,0,0,0,2,0,0.2091,0.208,0,Successful Borrower
U01619,26,Bachelor's,Employed,9223.0,3,A01619,50,none,4,0.73,bachelor,3409.0,0.62,0.08,209,0.75,0.27,0.35,0,0,0,2,1,0.0366,0.2545,0,Successful Borrower
U01620,21,Bachelor's,Employed,6514.0,3,A01620,29,none,4,0.43,bachelor,3202.0,0.66,0.14,111,0.75,0.29,0.38,0,0,0,2,0,0.0587,0.276,0,Successful Borrower
U01621,22,Bachelor's,Employed,8650.0,1,A01621,23,rent,12,0.82,bachelor,4636.0,0.57,0.11,178,0.77,0.33,0.33,0,0,0,3,0,0.1485,0.262,0,Successful Borrower
U01622,26,High School,Self-Employed,8966.0,1,A01622,38,none,1,0.58,highschool,3668.0,0.58,0.13,140,0.76,0.34,0.38,0,0,0,3,1,0.076,0.2835,1,Defaulted
U01623,23,Bachelor's,Employed,8295.0,2,A01623,58,rent,24,0.55,bachelor,2155.0,0.71,0.08,202,0.87,0.2,0.21,0,0,0,3,0,0.0538,0.16,0,Successful Borrower
U01624,25,Bachelor's,Employed,8437.0,2,A01624,35,rent,11,0.7,bachelor,2668.0,0.39,0.13,104,0.62,0.48,0.59,0,0,0,3,0,0.0509,0.42,1,Defaulted
U01625,23,Bachelor's,Student,3976.0,2,A01625,0,rent,10,0.5,bachelor,1262.0,0.65,0.04,124,0.88,0.22,0.43,0,0,0,2,0,0.0,0.2105,0,Successful Borrower
U01626,26,High School,Employed,12106.0,3,A01626,51,rent,23,0.56,highschool,3351.0,0.68,0.13,285,0.68,0.41,0.49,0,0,1,3,1,0.0453,0.3565,1,Defaulted
U01627,23,Bachelor's,Self-Employed,9353.0,3,A01627,43,rent,22,0.52,bachelor,3322.0,0.56,0.13,198,0.76,0.3,0.49,0,0,0,3,0,0.0281,0.301,0,Successful Borrower
U01628,26,Bachelor's,Employed,7604.0,1,A01628,37,rent,14,0.49,bachelor,3063.0,0.64,0.11,161,0.69,0.39,0.46,0,0,0,2,1,0.0181,0.3375,0,Successful Borrower
U01629,22,PhD,Self-Employed,10226.0,3,A01629,17,rent,11,0.3,phd,5082.0,0.59,0.21,183,0.64,0.4,0.5,0,0,0,3,1,0.0,0.3825,1,Defaulted
U01630,21,Master's,Employed,6844.0,2,A01630,24,rent,5,0.46,master,3303.0,0.58,0.05,104,0.83,0.3,0.29,0,0,1,3,1,0.1432,0.2145,0,Successful Borrower
U01631,20,Diploma,Employed,8001.0,1,A01631,13,owner,1,0.44,cert,2737.0,0.58,0.08,143,0.88,0.22,0.28,0,0,0,1,2,0.0581,0.179,0,Successful Borrower
U01632,25,Bachelor's,Employed,8858.0,2,A01632,47,rent,4,0.6,bachelor,2733.0,0.59,0.08,166,0.79,0.33,0.39,0,0,0,2,0,0.1053,0.2655,0,Successful Borrower
U01633,22,High School,Unemployed,1200.0,3,A01633,2,rent,7,0.57,highschool,478.0,0.71,0.17,31,0.56,0.52,0.56,0,0,0,1,0,0.1869,0.4495,1,Defaulted
U01634,26,Diploma,Employed,9570.0,2,A01634,39,owner,0,0.6,cert,5214.0,0.59,0.11,150,0.65,0.45,0.46,0,0,0,2,0,0.0493,0.3665,0,Successful Borrower
U01635,22,Bachelor's,Employed,5976.0,2,A01635,6,rent,7,0.73,bachelor,2811.0,0.53,0.07,149,0.85,0.3,0.19,0,0,0,3,1,0.0786,0.1855,0,Successful Borrower
U01636,20,Master's,Self-Employed,8469.0,3,A01636,28,rent,7,0.31,master,2471.0,0.63,0.12,197,0.74,0.38,0.34,0,0,0,3,2,0.1468,0.289,1,Defaulted
U01637,22,High School,Student,3284.0,2,A01637,0,rent,4,0.54,highschool,1409.0,0.72,0.09,60,0.73,0.36,0.5,0,0,0,2,0,0.0492,0.323,1,Defaulted
U01638,26,Bachelor's,Self-Employed,8299.0,1,A01638,13,rent,18,0.66,bachelor,2021.0,0.64,0.08,160,0.96,0.17,0.11,0,0,0,3,1,0.1957,0.096,0,Successful Borrower
U01639,20,Master's,Employed,8262.0,1,A01639,33,rent,7,0.53,master,3790.0,0.66,0.04,206,0.78,0.29,0.41,0,0,0,2,0,0.068,0.258,1,Defaulted
U01640,20,Bachelor's,Employed,9390.0,2,A01640,38,owner,3,0.42,bachelor,1364.0,0.56,0.02,233,0.89,0.27,0.17,0,0,0,3,0,0.1543,0.1515,0,Successful Borrower
U01641,20,Bachelor's,Student,3054.0,2,A01641,4,rent,4,0.52,bachelor,1480.0,0.55,0.16,27,0.6,0.49,0.61,0,1,0,2,1,0.0614,0.439,1,Defaulted
U01642,20,Bachelor's,Self-Employed,9034.0,3,A01642,4,rent,17,0.65,bachelor,3632.0,0.59,0.17,152,0.75,0.31,0.36,0,0,0,3,0,0.1769,0.2805,0,Successful Borrower
U01643,25,High School,Self-Employed,6713.0,1,A01643,35,rent,14,0.6,highschool,2597.0,0.52,0.16,67,0.7,0.31,0.36,0,0,0,3,1,0.1156,0.2965,0,Successful Borrower
U01644,24,High School,Student,3415.0,1,A01644,9,rent,5,0.89,highschool,666.0,0.56,0.04,91,0.82,0.4,0.34,0,0,0,2,0,0.0502,0.254,0,Successful Borrower
U01645,20,Bachelor's,Unemployed,3013.0,2,A01645,3,rent,19,0.41,bachelor,1590.0,0.66,0.19,82,0.66,0.44,0.47,0,0,0,0,0,0.0428,0.375,1,Defaulted
U01646,24,Bachelor's,Employed,10178.0,2,A01646,23,none,4,0.56,bachelor,4651.0,0.59,0.06,197,0.73,0.4,0.42,0,0,0,3,2,0.023,0.3085,1,Defaulted
U01647,20,Master's,Employed,6857.0,2,A01647,19,rent,16,0.57,master,3945.0,0.64,0.14,81,0.63,0.39,0.52,0,0,0,2,0,0.0212,0.378,0,Successful Borrower
U01648,26,High School,Employed,10571.0,2,A01648,52,rent,17,0.55,highschool,3622.0,0.51,0.04,234,0.92,0.2,0.26,0,0,0,3,0,0.0401,0.149,0,Successful Borrower
U01649,21,High School,Student,3063.0,1,A01649,6,rent,11,0.49,highschool,591.0,0.66,0.05,98,0.86,0.25,0.37,0,0,1,3,0,0.084,0.2115,0,Successful Borrower
U01650,25,High School,Self-Employed,10052.0,2,A01650,12,rent,21,0.53,highschool,5807.0,0.71,0.22,140,0.57,0.39,0.55,0,0,0,2,0,0.0806,0.4185,0,Successful Borrower
U01651,26,Bachelor's,Employed,9892.0,2,A01651,19,rent,18,0.41,bachelor,5917.0,0.49,0.13,134,0.69,0.33,0.54,0,0,0,2,1,0.0,0.3455,1,Defaulted
U01652,26,Bachelor's,Employed,12488.0,2,A01652,53,owner,1,0.73,bachelor,5214.0,0.49,0.07,198,0.82,0.27,0.41,0,0,0,3,0,0.0,0.2435,0,Successful Borrower
U01653,21,High School,Student,3210.0,1,A01653,9,rent,24,0.55,highschool,1446.0,0.55,0.05,71,0.78,0.32,0.41,0,0,0,1,1,0.1694,0.267,1,Defaulted
U01654,26,Master's,Employed,9192.0,3,A01654,60,rent,13,0.56,master,3041.0,0.51,0.07,272,0.97,0.17,0.16,0,0,0,3,0,0.0758,0.1035,0,Successful Borrower
U01655,20,Master's,Employed,4818.0,2,A01655,29,owner,3,0.3,master,2939.0,0.65,0.11,154,0.79,0.33,0.43,0,0,0,3,0,0.1492,0.28,0,Successful Borrower
U01656,26,Bachelor's,Employed,7253.0,3,A01656,17,rent,16,0.63,bachelor,1496.0,0.74,0.07,261,0.88,0.18,0.29,0,0,0,3,0,0.2386,0.17,0,Successful Borrower
U01657,20,Bachelor's,Student,3344.0,3,A01657,1,none,4,0.32,bachelor,933.0,0.77,0.07,97,0.84,0.26,0.2,0,0,0,2,1,0.0492,0.1815,1,Defaulted
U01658,21,Master's,Employed,7420.0,1,A01658,30,none,2,0.53,master,3429.0,0.59,0.13,190,0.71,0.39,0.52,0,0,0,2,1,0.1527,0.3485,1,Defaulted
U01659,26,Bachelor's,Self-Employed,8361.0,3,A01659,11,owner,4,0.44,bachelor,2284.0,0.62,0.08,173,0.95,0.18,0.15,0,0,0,3,0,0.0772,0.112,0,Successful Borrower
U01660,25,Bachelor's,Employed,9310.0,2,A01660,27,rent,16,0.47,bachelor,1358.0,0.53,0.06,270,0.83,0.33,0.34,0,0,0,2,0,0.1013,0.236,0,Successful Borrower
U01661,25,Bachelor's,Employed,6924.0,2,A01661,11,rent,24,0.41,bachelor,1865.0,0.52,0.06,222,0.96,0.11,0.1,0,0,0,3,0,0.1515,0.0755,0,Successful Borrower
U01662,26,Master's,Employed,8918.0,2,A01662,35,none,4,0.62,master,2966.0,0.58,0.12,175,0.78,0.31,0.39,0,0,0,3,0,0.0785,0.27,0,Successful Borrower
U01663,26,Master's,Self-Employed,8384.0,1,A01663,40,rent,4,0.66,master,2880.0,0.6,0.15,186,0.79,0.26,0.31,0,0,0,3,0,0.1409,0.2385,0,Successful Borrower
U01664,25,High School,Employed,7788.0,1,A01664,14,owner,4,0.75,highschool,2439.0,0.73,0.09,178,0.82,0.26,0.37,0,0,0,3,1,0.187,0.234,0,Successful Borrower
U01665,20,Bachelor's,Employed,6933.0,2,A01665,59,rent,6,0.54,bachelor,3464.0,0.58,0.15,93,0.56,0.52,0.65,0,0,0,2,2,0.1082,0.469,1,Defaulted
U01666,26,High School,Employed,10048.0,1,A01666,32,rent,19,0.41,highschool,4085.0,0.55,0.11,207,0.7,0.4,0.52,0,0,0,2,1,0.0806,0.3515,0,Successful Borrower
U01667,25,Diploma,Employed,8480.0,3,A01667,22,rent,10,0.44,cert,3720.0,0.62,0.02,170,0.8,0.31,0.45,0,0,0,3,0,0.161,0.263,0,Successful Borrower
U01668,25,Bachelor's,Self-Employed,5716.0,1,A01668,8,rent,8,0.61,bachelor,2165.0,0.48,0.18,116,0.74,0.25,0.56,0,0,0,2,1,0.1595,0.3205,0,Successful Borrower
U01669,21,Master's,Unemployed,3062.0,1,A01669,6,rent,16,0.75,master,1205.0,0.74,0.16,124,0.79,0.31,0.35,0,0,0,3,1,0.0,0.2625,0,Successful Borrower
U01670,25,High School,Employed,7439.0,2,A01670,28,rent,8,0.63,highschool,4510.0,0.63,0.13,122,0.7,0.38,0.39,0,0,0,2,1,0.2285,0.317,1,Defaulted
U01671,25,Master's,Employed,8849.0,2,A01671,55,owner,4,0.4,master,3011.0,0.54,0.07,203,0.81,0.33,0.4,0,0,0,2,0,0.1832,0.2595,0,Successful Borrower
U01672,24,High School,Student,5585.0,1,A01672,10,rent,16,0.53,highschool,2414.0,0.69,0.14,113,0.61,0.47,0.63,1,0,0,2,0,0.072,0.4325,1,Defaulted
U01673,25,Master's,Employed,9159.0,1,A01673,54,rent,24,0.65,master,3862.0,0.73,0.09,190,0.78,0.31,0.29,0,0,0,3,1,0.1043,0.2405,0,Successful Borrower
U01674,25,Bachelor's,Student,4646.0,1,A01674,8,rent,23,0.66,bachelor,1164.0,0.63,0.09,114,0.79,0.25,0.29,0,0,0,3,1,0.1547,0.222,0,Successful Borrower
U01675,23,Diploma,Employed,8376.0,2,A01675,24,rent,17,0.68,cert,5470.0,0.58,0.16,119,0.7,0.34,0.41,0,0,0,2,0,0.1082,0.3165,0,Successful Borrower
U01676,25,Master's,Employed,9780.0,2,A01676,43,owner,3,0.52,master,4180.0,0.42,0.08,196,0.81,0.33,0.33,0,0,0,3,0,0.0456,0.2435,0,Successful Borrower
U01677,26,Master's,Employed,4360.0,1,A01677,35,none,4,0.7,master,2210.0,0.66,0.11,69,0.68,0.46,0.47,0,0,1,0,1,0.0967,0.361,1,Defaulted
U01678,24,Bachelor's,Self-Employed,8826.0,3,A01678,20,owner,4,0.38,bachelor,2573.0,0.48,0.12,184,0.84,0.21,0.33,0,0,0,3,0,0.0309,0.209,0,Successful Borrower
U01679,21,High School,Student,4230.0,3,A01679,2,none,2,0.51,highschool,1450.0,0.61,0.08,126,0.74,0.34,0.42,0,0,0,2,0,0.0,0.293,1,Defaulted
U01680,26,Bachelor's,Student,2979.0,2,A01680,7,rent,21,0.37,bachelor,1359.0,0.67,0.08,54,0.83,0.33,0.33,0,0,0,0,0,0.0,0.2365,0,Successful Borrower
U01681,26,High School,Student,4591.0,3,A01681,10,rent,9,0.44,highschool,1717.0,0.67,0.06,59,0.77,0.34,0.48,0,0,0,1,1,0.174,0.2945,0,Successful Borrower
U01682,26,Diploma,Student,2874.0,2,A01682,2,none,1,0.4,cert,1946.0,0.67,0.14,48,0.72,0.45,0.45,0,0,0,1,1,0.0,0.344,1,Defaulted
U01683,21,Bachelor's,Employed,9231.0,3,A01683,35,rent,6,0.76,bachelor,3147.0,0.6,0.1,245,0.85,0.29,0.22,0,0,0,3,1,0.018,0.195,1,Defaulted
U01684,24,Master's,Employed,7641.0,3,A01684,27,owner,4,0.62,master,1972.0,0.7,0.1,226,0.78,0.42,0.41,0,0,0,3,1,0.1834,0.2995,1,Defaulted
U01685,20,Master's,Self-Employed,5570.0,2,A01685,52,rent,22,0.57,master,1971.0,0.55,0.12,184,0.84,0.29,0.33,0,0,0,3,1,0.081,0.229,0,Successful Borrower
U01686,20,Master's,Self-Employed,12521.0,2,A01686,12,none,1,0.55,master,3226.0,0.49,0.15,228,0.88,0.24,0.23,0,0,0,3,1,0.1605,0.182,0,Successful Borrower
U01687,24,PhD,Employed,6383.0,2,A01687,37,rent,13,0.44,phd,1971.0,0.58,0.05,175,0.9,0.17,0.25,0,0,0,3,2,0.018,0.1475,0,Successful Borrower
U01688,21,Bachelor's,Employed,6545.0,2,A01688,37,rent,23,0.79,bachelor,2543.0,0.38,0.08,190,0.84,0.24,0.48,0,0,0,2,0,0.0719,0.248,0,Successful Borrower
U01689,22,Bachelor's,Self-Employed,6639.0,1,A01689,39,rent,23,0.59,bachelor,3410.0,0.53,0.26,132,0.62,0.39,0.52,0,0,0,2,0,0.0706,0.3995,1,Defaulted
U01690,20,Bachelor's,Self-Employed,5931.0,2,A01690,6,rent,23,0.36,bachelor,2163.0,0.65,0.13,88,0.78,0.31,0.32,0,0,0,2,0,0.1636,0.254,0,Successful Borrower
U01691,22,Diploma,Employed,4856.0,2,A01691,47,rent,6,0.59,cert,1623.0,0.54,0.05,141,1.0,0.14,0.2,0,0,0,3,1,0.0419,0.0925,0,Successful Borrower
U01692,25,Master's,Employed,7958.0,3,A01692,60,rent,17,0.45,master,2423.0,0.74,0.07,243,0.84,0.18,0.35,0,0,0,3,0,0.0811,0.199,0,Successful Borrower
U01693,20,Master's,Student,2454.0,2,A01693,9,rent,10,0.53,master,1087.0,0.81,0.02,0,0.94,0.15,0.2,0,0,0,2,1,0.0,0.1115,0,Successful Borrower
U01694,23,Diploma,Self-Employed,11325.0,1,A01694,52,owner,2,0.73,cert,3661.0,0.58,0.12,273,0.84,0.22,0.16,0,0,0,2,1,0.0337,0.169,0,Successful Borrower
U01695,23,Bachelor's,Self-Employed,9477.0,2,A01695,30,owner,0,0.58,bachelor,3747.0,0.74,0.09,215,0.85,0.28,0.2,0,0,0,2,0,0.2222,0.186,0,Successful Borrower
U01696,21,Bachelor's,Self-Employed,9497.0,3,A01696,28,none,2,0.48,bachelor,3046.0,0.69,0.1,209,0.9,0.22,0.31,0,0,0,3,1,0.0,0.1825,0,Successful Borrower
U01697,24,Bachelor's,Employed,6064.0,1,A01697,11,owner,0,0.55,bachelor,2819.0,0.52,0.09,188,0.87,0.2,0.25,0,0,0,3,0,0.0615,0.1715,0,Successful Borrower
U01698,26,High School,Student,3358.0,2,A01698,7,rent,7,0.3,highschool,1615.0,0.58,0.09,117,0.74,0.4,0.27,0,0,0,3,0,0.0844,0.272,0,Successful Borrower
U01699,26,High School,Employed,8687.0,3,A01699,20,rent,21,0.58,highschool,964.0,0.57,0.07,261,0.89,0.24,0.17,0,1,0,3,1,0.1723,0.1515,0,Successful Borrower
U01700,22,Bachelor's,Employed,7493.0,2,A01700,30,rent,4,0.45,bachelor,2531.0,0.72,0.04,236,0.9,0.24,0.22,0,0,0,2,1,0.0699,0.156,0,Successful Borrower
U01701,26,Bachelor's,Employed,7270.0,1,A01701,49,owner,1,0.57,bachelor,3180.0,0.75,0.1,194,0.79,0.26,0.34,0,0,0,3,0,0.0893,0.2385,0,Successful Borrower
U01702,24,Bachelor's,Employed,8420.0,3,A01702,19,rent,7,0.66,bachelor,2872.0,0.37,0.12,205,0.75,0.31,0.51,0,0,0,2,2,0.0,0.3105,0,Successful Borrower
U01703,25,Diploma,Student,3841.0,2,A01703,8,rent,13,0.54,cert,2464.0,0.67,0.17,99,0.71,0.37,0.46,0,0,0,3,0,0.093,0.3345,0,Successful Borrower
U01704,20,Master's,Student,1285.0,1,A01704,8,rent,23,0.43,master,300.0,0.75,0.08,59,0.74,0.45,0.39,0,0,0,2,1,0.0128,0.313,0,Successful Borrower
U01705,24,Bachelor's,Student,3844.0,1,A01705,6,none,4,0.54,bachelor,2049.0,0.62,0.12,43,0.65,0.43,0.43,0,0,0,1,1,0.0,0.3555,1,Defaulted
U01706,20,Diploma,Unemployed,1200.0,1,A01706,4,none,4,0.41,cert,848.0,0.71,0.19,16,0.71,0.51,0.33,0,0,0,0,1,0.1138,0.34,1,Defaulted
U01707,23,Diploma,Self-Employed,7437.0,2,A01707,15,owner,2,0.44,cert,1452.0,0.49,0.17,171,0.77,0.26,0.37,0,0,0,2,0,0.0092,0.2635,0,Successful Borrower
U01708,25,Diploma,Employed,9011.0,2,A01708,56,owner,4,0.36,cert,4473.0,0.56,0.1,178,0.7,0.35,0.69,0,0,0,2,2,0.0,0.38,1,Defaulted
U01709,21,Master's,Employed,8222.0,3,A01709,32,rent,5,0.57,master,2090.0,0.52,0.02,165,1.0,0.11,0.0,0,0,0,3,0,0.0222,0.0305,0,Successful Borrower
U01710,20,Bachelor's,Employed,9114.0,2,A01710,23,rent,6,0.54,bachelor,4274.0,0.42,0.08,143,0.71,0.38,0.5,0,0,0,3,0,0.1509,0.3335,1,Defaulted
U01711,25,High School,Self-Employed,8258.0,2,A01711,3,rent,7,0.37,highschool,1964.0,0.63,0.12,198,0.82,0.26,0.47,0,0,0,2,0,0.1424,0.2635,0,Successful Borrower
U01712,26,Diploma,Employed,8978.0,2,A01712,33,rent,24,0.34,cert,4009.0,0.55,0.08,156,0.84,0.31,0.29,0,0,0,2,1,0.0,0.218,0,Successful Borrower
U01713,23,Bachelor's,Student,3510.0,2,A01713,1,rent,10,0.54,bachelor,2266.0,0.71,0.13,79,0.78,0.37,0.28,0,0,0,2,1,0.0931,0.259,0,Successful Borrower
U01714,26,High School,Student,4837.0,1,A01714,3,owner,3,0.4,highschool,1841.0,0.56,0.09,108,0.9,0.21,0.24,0,0,0,3,0,0.188,0.161,0,Successful Borrower
U01715,26,Diploma,Student,3520.0,3,A01715,0,rent,19,0.58,cert,1384.0,0.62,0.04,68,0.91,0.2,0.18,0,0,0,3,1,0.1498,0.1325,0,Successful Borrower
U01716,21,Bachelor's,Employed,7219.0,2,A01716,25,rent,20,0.53,bachelor,2756.0,0.53,0.07,160,0.96,0.13,0.15,0,0,0,3,1,0.0701,0.0945,0,Successful Borrower
U01717,21,Bachelor's,Student,3746.0,2,A01717,0,rent,24,0.52,bachelor,2633.0,0.64,0.08,38,0.71,0.28,0.43,0,0,0,0,0,0.0992,0.291,1,Defaulted
U01718,21,Bachelor's,Unemployed,1200.0,2,A01718,0,rent,14,0.63,bachelor,655.0,0.68,0.15,74,0.79,0.34,0.43,0,0,0,2,0,0.0589,0.2885,0,Successful Borrower
U01719,24,Master's,Employed,6501.0,2,A01719,28,rent,18,0.55,master,3948.0,0.59,0.12,87,0.72,0.32,0.41,0,0,0,2,1,0.121,0.2985,0,Successful Borrower
U01720,25,High School,Unemployed,2644.0,2,A01720,6,rent,18,0.33,highschool,889.0,0.62,0.12,92,0.68,0.39,0.51,0,0,0,2,1,0.0028,0.355,1,Defaulted
U01721,23,Bachelor's,Employed,6832.0,3,A01721,59,owner,1,0.51,bachelor,2423.0,0.6,0.08,123,0.83,0.29,0.39,0,0,1,1,0,0.1144,0.2415,1,Defaulted
U01722,24,PhD,Employed,11058.0,3,A01722,43,none,3,0.4,phd,1928.0,0.54,0.07,282,0.9,0.25,0.21,1,0,0,3,0,0.0771,0.1605,0,Successful Borrower
U01723,24,Bachelor's,Employed,9924.0,3,A01723,42,none,3,0.73,bachelor,1873.0,0.4,0.07,266,0.9,0.08,0.25,0,0,0,3,0,0.0613,0.128,0,Successful Borrower
U01724,26,Master's,Self-Employed,8204.0,2,A01724,54,none,1,0.53,master,3234.0,0.44,0.17,159,0.79,0.3,0.36,0,0,0,2,0,0.0832,0.264,0,Successful Borrower
U01725,25,High School,Employed,9479.0,1,A01725,29,rent,14,0.49,highschool,5274.0,0.59,0.04,171,0.94,0.27,0.26,0,0,0,3,0,0.1209,0.1595,0,Successful Borrower
U01726,20,Bachelor's,Employed,2987.0,3,A01726,18,rent,5,0.5,bachelor,2251.0,0.58,0.17,48,0.67,0.54,0.4,0,0,0,2,1,0.0658,0.376,0,Successful Borrower
U01727,20,Master's,Student,3675.0,2,A01727,6,rent,23,0.46,master,1872.0,0.7,0.09,27,0.78,0.3,0.39,0,0,0,1,2,0.1333,0.263,0,Successful Borrower
U01728,26,Bachelor's,Employed,6010.0,2,A01728,18,rent,12,0.64,bachelor,1644.0,0.56,0.05,161,0.87,0.25,0.28,0,0,0,1,1,0.0668,0.1855,0,Successful Borrower
U01729,24,Master's,Self-Employed,7172.0,1,A01729,41,owner,2,0.47,master,3700.0,0.57,0.2,140,0.74,0.28,0.47,0,0,0,2,2,0.0817,0.3085,0,Successful Borrower
U01730,20,Bachelor's,Employed,7657.0,2,A01730,29,rent,20,0.42,bachelor,3854.0,0.68,0.07,140,0.82,0.31,0.38,0,0,0,2,0,0.0616,0.246,1,Defaulted
U01731,23,Diploma,Student,3947.0,1,A01731,1,rent,20,0.52,cert,2260.0,0.48,0.11,101,0.68,0.42,0.5,0,1,0,2,0,0.0087,0.3585,1,Defaulted
U01732,20,Diploma,Self-Employed,7254.0,3,A01732,49,owner,1,0.61,cert,3570.0,0.68,0.09,145,0.79,0.25,0.47,0,0,0,3,0,0.0887,0.267,0,Successful Borrower
U01733,26,Bachelor's,Employed,6791.0,2,A01733,34,none,1,0.63,bachelor,2221.0,0.47,0.08,193,0.76,0.37,0.38,0,0,0,2,0,0.0639,0.2835,1,Defaulted
U01734,21,Master's,Employed,8986.0,3,A01734,26,owner,0,0.44,master,3493.0,0.59,0.02,142,1.0,0.1,0.04,0,0,0,2,0,0.0036,0.038,0,Successful Borrower
U01735,23,Bachelor's,Employed,8114.0,3,A01735,35,rent,6,0.47,bachelor,3430.0,0.55,0.12,167,0.73,0.44,0.49,0,0,0,2,0,0.0157,0.345,1,Defaulted
U01736,22,PhD,Employed,8311.0,2,A01736,11,owner,2,0.36,phd,3231.0,0.51,0.05,223,0.85,0.16,0.26,0,0,0,3,1,0.0,0.165,0,Successful Borrower
U01737,22,Bachelor's,Employed,8751.0,3,A01737,39,rent,12,0.46,bachelor,2391.0,0.66,0.06,201,0.98,0.15,0.18,0,0,0,3,0,0.1917,0.0985,0,Successful Borrower
U01738,23,Diploma,Employed,10556.0,2,A01738,39,rent,16,0.6,cert,2078.0,0.5,0.04,254,0.99,0.09,0.24,0,0,0,3,0,0.0601,0.092,0,Successful Borrower
U01739,22,Master's,Student,3995.0,2,A01739,3,rent,8,0.48,master,1954.0,0.85,0.13,108,0.69,0.36,0.48,0,0,0,3,0,0.0465,0.338,1,Defaulted
U01740,22,Bachelor's,Employed,7568.0,2,A01740,11,owner,1,0.47,bachelor,3353.0,0.53,0.11,182,0.7,0.3,0.47,0,0,0,1,0,0.0096,0.314,1,Defaulted
U01741,26,Bachelor's,Self-Employed,8364.0,3,A01741,54,rent,16,0.68,bachelor,2746.0,0.59,0.21,97,0.76,0.27,0.38,0,0,0,3,1,0.1019,0.278,0,Successful Borrower
U01742,23,Bachelor's,Student,3599.0,2,A01742,7,rent,7,0.3,bachelor,1736.0,0.56,0.1,50,0.84,0.24,0.29,0,0,0,2,0,0.0647,0.2035,0,Successful Borrower
U01743,26,Bachelor's,Employed,10738.0,1,A01743,37,rent,6,0.43,bachelor,5120.0,0.49,0.14,157,0.83,0.22,0.42,0,0,0,3,0,0.0183,0.2405,0,Successful Borrower
U01744,22,Bachelor's,Self-Employed,10421.0,3,A01744,57,owner,0,0.46,bachelor,2628.0,0.55,0.13,139,0.91,0.14,0.18,0,0,0,3,1,0.0224,0.131,0,Successful Borrower
U01745,24,High School,Self-Employed,12081.0,1,A01745,28,rent,23,0.47,highschool,4935.0,0.43,0.21,127,0.76,0.32,0.45,0,0,0,3,0,0.1594,0.308,1,Defaulted
U01746,26,Bachelor's,Student,4181.0,3,A01746,5,rent,5,0.58,bachelor,2254.0,0.67,0.09,62,0.76,0.31,0.42,0,0,0,2,0,0.2429,0.28,1,Defaulted
U01747,21,Bachelor's,Employed,10575.0,2,A01747,18,owner,4,0.3,bachelor,2067.0,0.49,0.08,320,0.77,0.25,0.37,0,0,0,2,0,0.1017,0.2475,0,Successful Borrower
U01748,23,Diploma,Employed,9522.0,2,A01748,36,owner,4,0.69,cert,4097.0,0.72,0.06,185,0.89,0.22,0.27,0,0,0,3,1,0.0732,0.17,0,Successful Borrower
U01749,20,Diploma,Unemployed,2844.0,3,A01749,0,rent,24,0.34,cert,1327.0,0.77,0.2,80,0.71,0.28,0.5,0,0,0,2,1,0.0,0.3265,0,Successful Borrower
U01750,22,Bachelor's,Student,3156.0,2,A01750,4,rent,20,0.3,bachelor,767.0,0.47,0.12,82,0.74,0.41,0.5,0,0,0,1,0,0.1689,0.3365,0,Successful Borrower
U01751,20,High School,Employed,9367.0,3,A01751,54,owner,2,0.47,highschool,3955.0,0.57,0.1,225,0.71,0.39,0.48,0,0,0,3,1,0.1806,0.334,1,Defaulted
U01752,20,Master's,Employed,7066.0,2,A01752,23,owner,3,0.54,master,3201.0,0.72,0.12,99,0.75,0.33,0.41,0,0,0,3,0,0.0414,0.2905,1,Defaulted
U01753,25,High School,Unemployed,3541.0,2,A01753,3,rent,15,0.3,highschool,743.0,0.4,0.13,165,0.9,0.29,0.13,0,0,0,2,0,0.1384,0.1595,0,Successful Borrower
U01754,26,Bachelor's,Student,3671.0,3,A01754,4,rent,17,0.3,bachelor,1847.0,0.75,0.14,24,0.58,0.47,0.51,0,0,1,1,0,0.1418,0.413,1,Defaulted
U01755,24,High School,Employed,9499.0,3,A01755,14,owner,2,0.63,highschool,3459.0,0.62,0.03,190,0.89,0.24,0.27,0,0,0,2,0,0.0215,0.1705,0,Successful Borrower
U01756,22,Master's,Employed,4592.0,2,A01756,18,rent,12,0.46,master,1830.0,0.68,0.03,94,0.89,0.19,0.2,0,0,0,2,0,0.0837,0.1405,0,Successful Borrower
U01757,21,Master's,Self-Employed,9028.0,2,A01757,38,owner,1,0.59,master,4483.0,0.55,0.19,172,0.65,0.39,0.56,0,0,0,1,1,0.0606,0.3885,0,Successful Borrower
U01758,26,High School,Self-Employed,8138.0,2,A01758,19,none,4,0.45,highschool,1620.0,0.43,0.13,192,0.85,0.18,0.24,0,0,0,3,1,0.0205,0.177,0,Successful Borrower
U01759,25,Bachelor's,Student,2602.0,2,A01759,12,rent,23,0.66,bachelor,709.0,0.64,0.07,107,0.92,0.15,0.05,0,0,0,3,1,0.1655,0.0885,0,Successful Borrower
U01760,22,Master's,Self-Employed,5492.0,3,A01760,42,rent,22,0.71,master,3137.0,0.57,0.16,126,0.7,0.34,0.54,0,0,0,1,0,0.1113,0.349,0,Successful Borrower
U01761,26,Diploma,Employed,8508.0,2,A01761,58,rent,4,0.35,cert,2157.0,0.44,0.02,186,0.96,0.2,0.32,0,0,0,3,1,0.0749,0.147,1,Defaulted
U01762,20,Master's,Employed,9551.0,3,A01762,45,owner,4,0.64,master,2564.0,0.6,0.11,243,0.85,0.19,0.3,0,0,0,3,1,0.0344,0.1915,0,Successful Borrower
U01763,23,Bachelor's,Employed,4311.0,2,A01763,14,none,1,0.62,bachelor,2867.0,0.69,0.1,94,0.77,0.38,0.43,0,0,0,2,0,0.1223,0.298,1,Defaulted
U01764,22,Bachelor's,Student,4465.0,3,A01764,3,rent,21,0.57,bachelor,1539.0,0.69,0.09,98,0.84,0.31,0.25,0,0,0,2,0,0.0336,0.2095,0,Successful Borrower
U01765,20,PhD,Unemployed,1770.0,3,A01765,2,rent,19,0.5,phd,835.0,0.76,0.05,83,0.91,0.33,0.15,0,0,0,2,1,0.0301,0.159,0,Successful Borrower
U01766,24,Bachelor's,Employed,9911.0,1,A01766,55,owner,4,0.67,bachelor,3811.0,0.66,0.11,172,0.77,0.3,0.42,0,0,0,1,1,0.1594,0.277,0,Successful Borrower
U01767,21,Master's,Student,2216.0,2,A01767,11,none,1,0.54,master,789.0,0.76,0.06,44,0.84,0.25,0.31,0,0,0,2,0,0.0999,0.205,0,Successful Borrower
U01768,23,Master's,Unemployed,2622.0,2,A01768,3,rent,23,0.4,master,786.0,0.73,0.14,69,0.75,0.37,0.27,0,0,0,1,0,0.0,0.2685,0,Successful Borrower
U01769,25,Bachelor's,Employed,9014.0,2,A01769,12,owner,3,0.49,bachelor,4808.0,0.51,0.2,142,0.67,0.46,0.53,0,0,0,2,0,0.087,0.393,1,Defaulted
U01770,23,Diploma,Self-Employed,9419.0,1,A01770,38,owner,4,0.47,cert,3860.0,0.57,0.14,237,0.78,0.29,0.34,0,0,0,3,1,0.0,0.2555,0,Successful Borrower
U01771,20,High School,Employed,5401.0,3,A01771,40,rent,6,0.84,highschool,2922.0,0.49,0.06,151,0.81,0.27,0.34,0,0,0,3,0,0.0,0.228,0,Successful Borrower
U01772,23,Bachelor's,Employed,6546.0,1,A01772,15,rent,9,0.87,bachelor,1869.0,0.53,0.04,190,0.91,0.26,0.33,0,0,0,3,1,0.0428,0.185,0,Successful Borrower
U01773,23,Bachelor's,Student,3160.0,3,A01773,6,none,1,0.43,bachelor,2153.0,0.67,0.08,98,0.79,0.24,0.34,0,0,0,3,0,0.0579,0.2305,0,Successful Borrower
U01774,20,Bachelor's,Employed,6664.0,3,A01774,29,none,0,0.67,bachelor,2948.0,0.64,0.1,206,0.77,0.33,0.32,0,0,0,3,1,0.0746,0.258,0,Successful Borrower
U01775,24,Bachelor's,Employed,6907.0,3,A01775,28,owner,1,0.57,bachelor,2648.0,0.79,0.02,158,1.0,0.08,0.2,0,0,0,3,1,0.2155,0.073,0,Successful Borrower
U01776,26,Diploma,Self-Employed,10093.0,1,A01776,55,owner,2,0.34,cert,2456.0,0.72,0.16,231,0.77,0.22,0.25,0,0,0,3,0,0.029,0.222,0,Successful Borrower
U01777,26,Bachelor's,Employed,8709.0,1,A01777,40,none,4,0.63,bachelor,3975.0,0.58,0.15,198,0.71,0.35,0.39,0,0,0,2,0,0.1641,0.309,1,Defaulted
U01778,22,Bachelor's,Unemployed,3215.0,2,A01778,2,rent,4,0.43,bachelor,1344.0,0.47,0.16,114,0.72,0.5,0.42,0,0,0,3,3,0.0,0.352,1,Defaulted
U01779,20,High School,Student,1806.0,2,A01779,10,rent,4,0.3,highschool,1272.0,0.56,0.13,71,0.68,0.42,0.47,0,0,0,3,1,0.1051,0.354,0,Successful Borrower
U01780,26,Bachelor's,Employed,10590.0,3,A01780,21,owner,0,0.67,bachelor,1381.0,0.48,0.05,312,0.94,0.17,0.06,0,0,0,3,0,0.0597,0.086,0,Successful Borrower
U01781,25,Master's,Employed,8535.0,2,A01781,43,rent,6,0.65,master,3762.0,0.55,0.08,147,0.8,0.23,0.47,0,0,0,3,0,0.0999,0.257,0,Successful Borrower
U01782,22,Diploma,Employed,10805.0,2,A01782,48,owner,4,0.6,cert,2931.0,0.52,0.09,245,0.69,0.38,0.46,0,0,0,3,2,0.0,0.332,1,Defaulted
U01783,23,High School,Employed,8848.0,3,A01783,46,rent,22,0.37,highschool,3534.0,0.34,0.1,175,0.82,0.19,0.36,0,0,0,3,0,0.1002,0.2155,0,Successful Borrower
U01784,25,Diploma,Employed,9633.0,2,A01784,32,owner,2,0.71,cert,2780.0,0.43,0.03,221,0.96,0.21,0.19,0,0,0,3,1,0.1386,0.1185,0,Successful Borrower
U01785,24,Diploma,Student,3229.0,2,A01785,7,none,0,0.34,cert,1210.0,0.66,0.11,167,0.78,0.34,0.32,0,0,0,2,0,0.0857,0.2585,0,Successful Borrower
U01786,25,Bachelor's,Employed,10918.0,2,A01786,46,rent,5,0.43,bachelor,4327.0,0.72,0.1,203,0.8,0.37,0.49,0,0,0,3,1,0.0564,0.3,0,Successful Borrower
U01787,20,Master's,Self-Employed,9601.0,2,A01787,31,rent,18,0.46,master,3873.0,0.49,0.13,201,0.72,0.3,0.48,0,0,0,3,1,0.1859,0.3125,1,Defaulted
U01788,24,Bachelor's,Employed,9889.0,2,A01788,31,rent,18,0.49,bachelor,2934.0,0.49,0.05,245,0.76,0.38,0.42,0,0,0,2,0,0.1539,0.2915,1,Defaulted
U01789,22,High School,Student,3122.0,3,A01789,12,none,1,0.58,highschool,1912.0,0.54,0.09,38,0.64,0.34,0.55,0,0,0,1,0,0.0428,0.362,1,Defaulted
U01790,23,Master's,Employed,9411.0,2,A01790,48,rent,24,0.3,master,2298.0,0.6,0.02,237,0.95,0.25,0.1,0,0,0,3,0,0.1115,0.108,0,Successful Borrower
U01791,24,Bachelor's,Employed,9589.0,3,A01791,53,owner,4,0.56,bachelor,1745.0,0.6,0.08,279,0.85,0.28,0.39,0,0,0,3,1,0.2513,0.232,0,Successful Borrower
U01792,25,Bachelor's,Employed,9951.0,1,A01792,30,owner,2,0.64,bachelor,5635.0,0.59,0.21,177,0.61,0.37,0.58,0,0,0,2,1,0.0637,0.4055,1,Defaulted
U01793,20,Bachelor's,Employed,7169.0,3,A01793,37,rent,17,0.66,bachelor,3186.0,0.54,0.09,176,0.89,0.25,0.36,0,0,0,2,0,0.1201,0.2045,0,Successful Borrower
U01794,22,Master's,Employed,10125.0,2,A01794,37,owner,3,0.59,master,1738.0,0.5,0.05,240,1.0,0.17,0.16,0,0,0,3,0,0.1369,0.09,0,Successful Borrower
U01795,24,Bachelor's,Employed,9657.0,2,A01795,46,rent,5,0.45,bachelor,1953.0,0.52,0.03,246,0.88,0.26,0.23,0,0,0,3,0,0.0791,0.169,0,Successful Borrower
U01796,21,Diploma,Self-Employed,8539.0,3,A01796,3,rent,4,0.44,cert,3440.0,0.58,0.21,133,0.66,0.31,0.38,0,0,0,3,2,0.0,0.323,1,Defaulted
U01797,20,Bachelor's,Employed,8324.0,2,A01797,46,rent,16,0.5,bachelor,4208.0,0.57,0.07,148,0.74,0.26,0.39,0,0,0,3,0,0.2011,0.264,1,Defaulted
U01798,26,High School,Employed,10677.0,3,A01798,38,owner,0,0.47,highschool,4009.0,0.57,0.08,233,0.77,0.33,0.48,1,0,0,3,0,0.1736,0.295,1,Defaulted
U01799,26,Bachelor's,Employed,7242.0,2,A01799,26,owner,4,0.39,bachelor,4222.0,0.6,0.13,174,0.66,0.4,0.57,0,0,0,1,0,0.0242,0.381,0,Successful Borrower
U01800,25,Bachelor's,Employed,8355.0,1,A01800,50,owner,3,0.39,bachelor,3878.0,0.62,0.05,189,0.87,0.34,0.29,0,0,0,2,0,0.0,0.2105,0,Successful Borrower
U01801,26,Diploma,Student,4369.0,3,A01801,8,rent,17,0.6,cert,2736.0,0.52,0.19,80,0.61,0.39,0.51,0,0,0,2,1,0.0306,0.39,1,Defaulted
U01802,21,Bachelor's,Student,4181.0,1,A01802,4,rent,20,0.64,bachelor,1337.0,0.73,0.08,86,0.8,0.27,0.17,0,0,0,2,1,0.0988,0.192,0,Successful Borrower
U01803,26,Master's,Unemployed,2620.0,2,A01803,0,owner,1,0.49,master,1374.0,0.65,0.21,64,0.75,0.38,0.37,0,0,0,1,1,0.0837,0.3065,0,Successful Borrower
U01804,22,Diploma,Employed,8694.0,3,A01804,57,owner,0,0.49,cert,3955.0,0.69,0.05,173,0.93,0.21,0.19,0,0,0,2,0,0.0982,0.132,0,Successful Borrower
U01805,25,Master's,Self-Employed,10415.0,3,A01805,45,owner,1,0.51,master,2150.0,0.64,0.15,230,0.88,0.22,0.28,0,0,0,3,0,0.0323,0.1895,0,Successful Borrower
U01806,23,Bachelor's,Self-Employed,8716.0,2,A01806,13,rent,7,0.34,bachelor,3960.0,0.55,0.19,123,0.9,0.21,0.18,0,0,0,2,1,0.1578,0.161,0,Successful Borrower
U01807,22,Master's,Employed,6642.0,3,A01807,48,rent,9,0.49,master,2377.0,0.59,0.04,159,0.85,0.24,0.26,0,0,0,2,0,0.175,0.1835,0,Successful Borrower
U01808,22,Bachelor's,Employed,9560.0,1,A01808,59,rent,7,0.58,bachelor,4266.0,0.64,0.08,245,0.82,0.24,0.28,0,0,0,2,1,0.0631,0.205,0,Successful Borrower
U01809,25,High School,Self-Employed,10175.0,2,A01809,18,rent,21,0.48,highschool,2955.0,0.45,0.14,222,0.91,0.17,0.17,0,0,0,2,1,0.0514,0.1375,0,Successful Borrower
U01810,20,Diploma,Student,2613.0,1,A01810,9,rent,21,0.46,cert,1838.0,0.59,0.17,0,0.56,0.44,0.72,0,0,0,1,2,0.0524,0.4695,0,Successful Borrower
U01811,20,Bachelor's,Employed,7682.0,1,A01811,39,owner,4,0.46,bachelor,623.0,0.72,0.09,224,0.77,0.25,0.37,0,0,0,1,1,0.1559,0.249,0,Successful Borrower
U01812,25,High School,Student,2806.0,2,A01812,3,rent,8,0.66,highschool,1703.0,0.45,0.1,34,0.73,0.44,0.32,0,0,0,1,1,0.0,0.2995,0,Successful Borrower
U01813,23,Bachelor's,Self-Employed,9024.0,2,A01813,9,owner,2,0.55,bachelor,2344.0,0.51,0.22,237,0.7,0.33,0.45,0,0,0,2,1,0.2134,0.333,0,Successful Borrower
U01814,22,Bachelor's,Employed,7226.0,1,A01814,9,rent,17,0.36,bachelor,2619.0,0.71,0.08,225,0.87,0.26,0.27,0,0,0,3,0,0.1265,0.19,1,Defaulted
U01815,25,Bachelor's,Self-Employed,4260.0,2,A01815,3,rent,14,0.83,bachelor,2357.0,0.47,0.16,83,0.82,0.24,0.38,0,0,0,3,1,0.1346,0.242,1,Defaulted
U01816,22,Bachelor's,Employed,7746.0,1,A01816,34,none,4,0.72,bachelor,2332.0,0.59,0.06,193,0.85,0.22,0.27,0,0,0,3,0,0.1374,0.184,0,Successful Borrower
U01817,23,Master's,Employed,7420.0,2,A01817,28,rent,8,0.48,master,1421.0,0.51,0.02,186,1.0,0.12,0.01,0,0,0,3,0,0.1136,0.0355,0,Successful Borrower
U01818,22,Bachelor's,Employed,8704.0,3,A01818,24,rent,16,0.59,bachelor,3346.0,0.63,0.07,147,0.82,0.28,0.26,0,0,0,3,0,0.0696,0.2085,1,Defaulted
U01819,26,Bachelor's,Self-Employed,9458.0,3,A01819,20,rent,23,0.51,bachelor,4271.0,0.42,0.17,121,0.6,0.39,0.66,0,0,1,3,1,0.0436,0.428,1,Defaulted
U01820,22,Bachelor's,Student,2509.0,2,A01820,9,rent,7,0.33,bachelor,474.0,0.49,0.06,38,0.88,0.17,0.24,0,0,0,1,1,0.1131,0.1535,0,Successful Borrower
U01821,22,Master's,Self-Employed,7023.0,1,A01821,44,owner,4,0.59,master,3734.0,0.7,0.13,103,0.78,0.2,0.39,0,0,0,3,0,0.1341,0.244,0,Successful Borrower
U01822,22,Bachelor's,Self-Employed,9609.0,2,A01822,46,rent,6,0.49,bachelor,4238.0,0.51,0.12,135,0.84,0.22,0.39,0,0,0,1,2,0.0478,0.2265,0,Successful Borrower
U01823,22,Bachelor's,Unemployed,1869.0,3,A01823,0,rent,24,0.47,bachelor,300.0,0.78,0.1,48,0.75,0.36,0.29,0,0,0,2,0,0.0821,0.265,1,Defaulted
U01824,22,Diploma,Employed,7646.0,2,A01824,44,rent,6,0.64,cert,3116.0,0.6,0.08,157,0.8,0.25,0.3,0,0,0,3,1,0.0,0.2195,0,Successful Borrower
U01825,23,Master's,Self-Employed,10779.0,3,A01825,31,none,0,0.35,master,3430.0,0.56,0.17,218,0.8,0.22,0.23,0,0,0,3,1,0.2231,0.208,0,Successful Borrower
U01826,22,Bachelor's,Unemployed,5529.0,2,A01826,3,rent,6,0.56,bachelor,2257.0,0.59,0.1,164,0.72,0.36,0.43,0,0,0,3,2,0.0194,0.3105,0,Successful Borrower
U01827,23,High School,Employed,6708.0,2,A01827,9,owner,3,0.48,highschool,3577.0,0.37,0.12,65,0.71,0.41,0.41,0,0,0,2,1,0.1108,0.3245,1,Defaulted
U01828,25,Bachelor's,Self-Employed,11303.0,3,A01828,57,owner,1,0.43,bachelor,1991.0,0.61,0.08,254,0.93,0.25,0.33,0,0,0,3,0,0.0246,0.1815,0,Successful Borrower
U01829,24,Diploma,Self-Employed,7714.0,2,A01829,46,rent,8,0.42,cert,1838.0,0.5,0.16,164,0.92,0.22,0.19,0,0,0,3,0,0.0165,0.1545,0,Successful Borrower
U01830,23,High School,Self-Employed,7440.0,3,A01830,7,rent,9,0.46,highschool,4154.0,0.44,0.23,117,0.59,0.36,0.51,0,0,0,3,2,0.0,0.3955,1,Defaulted
U01831,20,Diploma,Self-Employed,6032.0,2,A01831,22,none,4,0.57,cert,2985.0,0.76,0.14,105,0.82,0.32,0.3,0,0,0,3,1,0.0925,0.239,0,Successful Borrower
U01832,22,Bachelor's,Employed,6754.0,2,A01832,51,rent,5,0.54,bachelor,2450.0,0.75,0.07,142,0.76,0.3,0.36,0,0,0,3,1,0.0354,0.2595,0,Successful Borrower
U01833,24,Bachelor's,Self-Employed,6164.0,2,A01833,38,rent,20,0.36,bachelor,3616.0,0.48,0.25,13,0.73,0.4,0.36,0,0,0,2,0,0.1683,0.322,0,Successful Borrower
U01834,23,Bachelor's,Self-Employed,13897.0,2,A01834,56,owner,2,0.56,bachelor,5204.0,0.48,0.15,296,0.81,0.33,0.32,0,0,0,2,2,0.0,0.2515,0,Successful Borrower
U01835,24,Bachelor's,Employed,9087.0,3,A01835,20,none,2,0.59,bachelor,3857.0,0.57,0.04,200,0.87,0.15,0.28,0,0,0,2,0,0.0452,0.159,0,Successful Borrower
U01836,25,Bachelor's,Self-Employed,6065.0,2,A01836,6,rent,18,0.59,bachelor,2533.0,0.67,0.16,105,0.89,0.18,0.3,0,0,0,2,0,0.0928,0.1825,0,Successful Borrower
U01837,26,Diploma,Self-Employed,7892.0,2,A01837,19,rent,18,0.65,cert,2763.0,0.51,0.16,117,0.71,0.41,0.47,0,0,0,2,1,0.1049,0.3455,1,Defaulted
U01838,24,Bachelor's,Unemployed,2176.0,2,A01838,3,none,1,0.5,bachelor,1554.0,0.61,0.3,26,0.56,0.72,0.74,0,0,0,1,2,0.0475,0.564,1,Defaulted
U01839,25,Bachelor's,Employed,7251.0,2,A01839,32,rent,12,0.48,bachelor,2373.0,0.49,0.06,166,0.89,0.27,0.26,0,0,0,3,0,0.0,0.18,0,Successful Borrower
U01840,22,Bachelor's,Employed,7847.0,3,A01840,33,rent,6,0.74,bachelor,3694.0,0.59,0.12,158,0.76,0.35,0.46,0,0,0,3,1,0.0785,0.3045,1,Defaulted
U01841,22,Master's,Self-Employed,9525.0,2,A01841,9,rent,15,0.48,master,4962.0,0.52,0.15,174,0.7,0.35,0.5,0,0,0,2,1,0.1729,0.34,1,Defaulted
U01842,24,Bachelor's,Unemployed,2653.0,2,A01842,0,rent,16,0.63,bachelor,1963.0,0.69,0.15,52,0.69,0.41,0.44,0,0,0,1,0,0.0,0.3435,0,Successful Borrower
U01843,21,Bachelor's,Self-Employed,7831.0,2,A01843,4,owner,3,0.4,bachelor,2495.0,0.52,0.17,213,0.76,0.31,0.43,0,0,0,1,1,0.0092,0.2945,0,Successful Borrower
U01844,21,Bachelor's,Employed,5345.0,3,A01844,17,rent,22,0.61,bachelor,1606.0,0.67,0.02,187,0.93,0.1,0.14,0,0,0,2,1,0.0168,0.0875,0,Successful Borrower
U01845,24,Master's,Employed,8588.0,2,A01845,22,owner,1,0.56,master,2144.0,0.52,0.04,226,0.85,0.2,0.22,0,0,0,3,0,0.1264,0.1635,0,Successful Borrower
U01846,23,Bachelor's,Unemployed,4043.0,3,A01846,4,rent,16,0.49,bachelor,1551.0,0.42,0.16,28,0.75,0.35,0.4,0,0,0,2,1,0.157,0.299,0,Successful Borrower
U01847,21,High School,Self-Employed,6044.0,1,A01847,6,rent,8,0.44,highschool,2951.0,0.44,0.18,68,0.67,0.33,0.55,0,0,0,2,0,0.0,0.3625,1,Defaulted
U01848,22,Diploma,Employed,6230.0,3,A01848,55,owner,1,0.67,cert,2761.0,0.59,0.09,132,0.78,0.23,0.39,0,0,0,3,0,0.0252,0.2455,0,Successful Borrower
U01849,22,Diploma,Student,2936.0,1,A01849,7,rent,23,0.48,cert,2001.0,0.51,0.17,57,0.58,0.49,0.64,0,0,0,1,1,0.1322,0.455,1,Defaulted
U01850,21,Bachelor's,Student,4162.0,3,A01850,0,rent,14,0.65,bachelor,1493.0,0.57,0.05,95,0.88,0.2,0.26,0,0,0,2,1,0.0347,0.1645,0,Successful Borrower
U01851,20,Master's,Employed,6706.0,2,A01851,11,rent,7,0.57,master,1994.0,0.62,0.07,141,0.9,0.17,0.36,0,0,0,3,2,0.0321,0.178,0,Successful Borrower
U01852,23,Bachelor's,Employed,7025.0,2,A01852,52,rent,18,0.62,bachelor,4428.0,0.66,0.13,75,0.74,0.39,0.45,0,0,0,1,0,0.1059,0.3205,0,Successful Borrower
U01853,24,Bachelor's,Student,5717.0,2,A01853,4,rent,14,0.66,bachelor,2299.0,0.66,0.09,67,0.73,0.23,0.35,0,0,0,0,0,0.1288,0.253,0,Successful Borrower
U01854,22,Bachelor's,Student,4889.0,2,A01854,10,rent,5,0.51,bachelor,1920.0,0.56,0.13,152,0.7,0.28,0.52,0,0,0,2,1,0.0984,0.3245,1,Defaulted
U01855,26,High School,Student,3993.0,2,A01855,0,rent,9,0.46,highschool,1805.0,0.58,0.08,102,0.81,0.28,0.24,0,0,0,2,1,0.106,0.2085,0,Successful Borrower
U01856,21,Master's,Unemployed,2696.0,3,A01856,3,rent,18,0.41,master,1119.0,0.68,0.21,69,0.56,0.52,0.55,0,0,0,0,2,0.0381,0.453,1,Defaulted
U01857,23,Master's,Self-Employed,8509.0,3,A01857,11,rent,4,0.49,master,2812.0,0.79,0.15,192,0.87,0.21,0.26,0,0,0,3,0,0.0,0.1855,0,Successful Borrower
U01858,21,Master's,Student,2104.0,3,A01858,1,rent,7,0.75,master,834.0,0.5,0.1,65,0.75,0.44,0.24,0,0,0,2,1,0.1212,0.2725,0,Successful Borrower
U01859,22,Master's,Student,2865.0,3,A01859,0,rent,22,0.3,master,2227.0,0.64,0.21,82,0.56,0.54,0.63,0,0,0,1,3,0.1665,0.478,1,Defaulted
U01860,22,PhD,Unemployed,4031.0,2,A01860,4,rent,11,0.57,phd,2264.0,0.51,0.23,82,0.59,0.54,0.63,0,0,0,1,3,0.1212,0.4705,1,Defaulted
U01861,23,Diploma,Employed,6649.0,1,A01861,12,owner,2,0.63,cert,2870.0,0.7,0.08,153,0.87,0.11,0.19,0,0,0,1,0,0.1676,0.1325,0,Successful Borrower
U01862,24,Master's,Employed,9061.0,2,A01862,46,owner,4,0.48,master,1451.0,0.57,0.09,280,0.93,0.23,0.11,0,0,0,3,1,0.1346,0.123,0,Successful Borrower
U01863,24,High School,Self-Employed,8471.0,1,A01863,15,rent,11,0.48,highschool,2150.0,0.54,0.15,204,0.68,0.35,0.48,0,0,0,2,0,0.1006,0.342,0,Successful Borrower
U01864,25,Bachelor's,Employed,9319.0,3,A01864,41,rent,20,0.43,bachelor,3250.0,0.62,0.12,186,0.79,0.28,0.38,0,0,0,2,0,0.1379,0.2565,1,Defaulted
U01865,24,PhD,Student,2561.0,2,A01865,4,none,2,0.55,phd,1231.0,0.79,0.1,70,0.62,0.39,0.64,0,0,0,2,1,0.0,0.4055,1,Defaulted
U01866,24,Diploma,Employed,8975.0,2,A01866,42,rent,24,0.65,cert,3388.0,0.59,0.02,194,0.79,0.31,0.25,0,0,0,2,0,0.132,0.2165,0,Successful Borrower
U01867,26,High School,Student,3895.0,2,A01867,8,rent,11,0.65,highschool,2142.0,0.72,0.1,58,0.76,0.29,0.32,0,0,0,1,0,0.1228,0.2515,0,Successful Borrower
U01868,23,Bachelor's,Employed,9554.0,1,A01868,31,rent,10,0.56,bachelor,3666.0,0.49,0.08,219,0.77,0.3,0.39,0,0,0,3,1,0.1239,0.265,1,Defaulted
U01869,21,Bachelor's,Employed,10628.0,1,A01869,18,owner,1,0.8,bachelor,1050.0,0.49,0.05,347,0.98,0.19,0.19,0,0,0,3,0,0.0946,0.1095,0,Successful Borrower
U01870,22,Bachelor's,Student,4048.0,3,A01870,11,rent,5,0.3,bachelor,1912.0,0.77,0.07,134,0.68,0.37,0.48,0,0,0,3,1,0.1714,0.335,1,Defaulted
U01871,25,Bachelor's,Student,2978.0,2,A01871,4,rent,20,0.58,bachelor,1897.0,0.64,0.09,53,0.82,0.31,0.29,0,0,0,3,1,0.0887,0.2265,1,Defaulted
U01872,25,Bachelor's,Employed,7471.0,1,A01872,14,rent,9,0.57,bachelor,3799.0,0.36,0.1,147,0.68,0.38,0.3,0,0,0,2,0,0.1677,0.297,0,Successful Borrower
U01873,23,Bachelor's,Self-Employed,8896.0,2,A01873,15,owner,0,0.53,bachelor,5728.0,0.57,0.23,51,0.56,0.41,0.58,0,0,0,2,1,0.0878,0.436,1,Defaulted
U01874,21,Bachelor's,Employed,8005.0,2,A01874,45,rent,9,0.53,bachelor,4834.0,0.63,0.17,97,0.56,0.5,0.7,0,0,0,2,2,0.1603,0.4795,1,Defaulted
U01875,22,High School,Employed,7271.0,2,A01875,60,none,0,0.32,highschool,3357.0,0.63,0.1,168,0.66,0.38,0.34,0,0,0,2,0,0.2023,0.314,0,Successful Borrower
U01876,20,Bachelor's,Unemployed,3556.0,1,A01876,0,rent,23,0.53,bachelor,1375.0,0.43,0.15,87,0.72,0.38,0.44,0,0,0,1,0,0.0635,0.3255,1,Defaulted
U01877,22,Diploma,Employed,6419.0,2,A01877,50,rent,22,0.62,cert,1071.0,0.62,0.02,199,1.0,0.07,0.01,0,0,0,3,0,0.1265,0.023,0,Successful Borrower
U01878,26,Bachelor's,Employed,8305.0,2,A01878,57,owner,4,0.3,bachelor,2742.0,0.62,0.02,204,0.93,0.16,0.23,0,0,0,3,0,0.1333,0.125,0,Successful Borrower
U01879,25,Bachelor's,Employed,8516.0,2,A01879,31,none,0,0.43,bachelor,3946.0,0.61,0.14,159,0.72,0.29,0.44,0,0,0,3,0,0.0499,0.3015,0,Successful Borrower
U01880,20,High School,Employed,5979.0,2,A01880,7,rent,8,0.54,highschool,1168.0,0.6,0.07,160,0.88,0.17,0.26,0,0,0,2,1,0.0,0.16,0,Successful Borrower
U01881,26,Master's,Employed,6481.0,1,A01881,11,none,1,0.47,master,3251.0,0.72,0.06,118,0.72,0.36,0.49,0,0,0,3,2,0.0,0.3195,1,Defaulted
U01882,24,Diploma,Student,3739.0,1,A01882,10,rent,23,0.3,cert,1558.0,0.64,0.05,122,0.77,0.34,0.37,0,0,0,3,0,0.0603,0.2655,1,Defaulted
U01883,24,Bachelor's,Student,3107.0,2,A01883,6,rent,6,0.53,bachelor,1450.0,0.79,0.07,0,0.69,0.44,0.33,0,0,0,0,1,0.1036,0.3115,0,Successful Borrower
U01884,21,Diploma,Self-Employed,7902.0,3,A01884,51,rent,21,0.3,cert,4748.0,0.61,0.25,67,0.56,0.45,0.59,0,0,0,1,2,0.092,0.4515,0,Successful Borrower
U01885,24,Bachelor's,Self-Employed,10866.0,2,A01885,45,rent,23,0.52,bachelor,2291.0,0.64,0.13,259,0.73,0.33,0.37,0,0,0,3,0,0.1279,0.289,0,Successful Borrower
U01886,26,Diploma,Unemployed,2666.0,2,A01886,6,rent,7,0.3,cert,738.0,0.46,0.09,27,0.93,0.3,0.25,0,0,0,2,0,0.1134,0.1755,1,Defaulted
U01887,20,High School,Employed,10882.0,2,A01887,57,none,1,0.54,highschool,4658.0,0.71,0.08,162,0.83,0.22,0.33,0,0,0,3,0,0.1372,0.209,0,Successful Borrower
U01888,20,Bachelor's,Employed,7896.0,1,A01888,59,rent,15,0.75,bachelor,3058.0,0.68,0.04,147,0.9,0.24,0.26,0,0,0,3,1,0.0,0.166,0,Successful Borrower
U01889,23,Bachelor's,Employed,8369.0,2,A01889,12,rent,7,0.58,bachelor,3573.0,0.54,0.08,181,0.79,0.27,0.44,0,0,0,2,2,0.095,0.263,0,Successful Borrower
U01890,22,Bachelor's,Employed,9500.0,1,A01890,25,owner,4,0.59,bachelor,3642.0,0.72,0.09,224,0.9,0.31,0.3,0,0,0,3,1,0.2136,0.201,1,Defaulted
U01891,25,High School,Student,4025.0,2,A01891,5,owner,3,0.38,highschool,1324.0,0.61,0.06,77,0.84,0.26,0.29,0,0,0,2,0,0.0127,0.2025,0,Successful Borrower
U01892,22,PhD,Self-Employed,8462.0,1,A01892,15,rent,14,0.77,phd,1905.0,0.56,0.11,155,0.8,0.26,0.31,0,0,0,1,0,0.0931,0.229,0,Successful Borrower
U01893,20,Bachelor's,Student,3647.0,2,A01893,6,rent,19,0.47,bachelor,2270.0,0.66,0.14,68,0.64,0.35,0.42,0,0,0,1,1,0.0479,0.3395,1,Defaulted
U01894,24,Bachelor's,Student,3831.0,1,A01894,7,none,2,0.51,bachelor,2208.0,0.57,0.14,70,0.73,0.4,0.42,0,0,0,3,0,0.1767,0.3205,1,Defaulted
U01895,25,Bachelor's,Employed,8226.0,2,A01895,51,rent,23,0.33,bachelor,3231.0,0.5,0.09,123,0.65,0.33,0.49,0,0,0,3,0,0.0,0.341,0,Successful Borrower
U01896,25,Bachelor's,Employed,9021.0,1,A01896,7,none,2,0.5,bachelor,2060.0,0.46,0.06,252,0.96,0.13,0.13,0,0,0,3,0,0.0,0.088,0,Successful Borrower
U01897,26,Master's,Employed,10318.0,3,A01897,36,rent,13,0.46,master,4066.0,0.64,0.04,206,0.83,0.32,0.29,0,0,0,3,0,0.0336,0.218,0,Successful Borrower
U01898,24,Bachelor's,Self-Employed,1200.0,2,A01898,11,owner,1,0.53,bachelor,669.0,0.68,0.29,70,0.61,0.49,0.5,0,0,0,2,2,0.0882,0.4275,0,Successful Borrower
U01899,24,Bachelor's,Employed,9138.0,2,A01899,7,none,0,0.37,bachelor,3446.0,0.73,0.06,189,0.93,0.16,0.23,0,0,0,2,0,0.1147,0.131,0,Successful Borrower
U01900,24,Bachelor's,Self-Employed,6219.0,3,A01900,13,rent,12,0.33,bachelor,1362.0,0.52,0.14,143,0.71,0.33,0.5,0,0,0,2,1,0.1135,0.33,1,Defaulted
U01901,25,Bachelor's,Student,5185.0,2,A01901,3,rent,21,0.72,bachelor,1671.0,0.46,0.02,129,1.0,0.13,0.0,0,0,0,3,0,0.0303,0.0355,0,Successful Borrower
U01902,25,Bachelor's,Unemployed,2784.0,2,A01902,5,rent,6,0.3,bachelor,1414.0,0.69,0.14,61,0.67,0.5,0.54,0,0,0,2,2,0.0,0.3965,1,Defaulted
U01903,23,Diploma,Employed,11011.0,2,A01903,24,owner,4,0.82,cert,3992.0,0.48,0.11,255,0.71,0.43,0.51,0,0,0,2,1,0.0,0.353,0,Successful Borrower
U01904,25,Master's,Self-Employed,7928.0,2,A01904,8,rent,14,0.55,master,3503.0,0.72,0.13,163,0.75,0.29,0.42,0,0,0,1,0,0.0928,0.2845,1,Defaulted
U01905,25,Bachelor's,Unemployed,3248.0,1,A01905,0,rent,11,0.5,bachelor,1441.0,0.75,0.17,98,0.56,0.43,0.54,0,0,0,2,1,0.0345,0.422,1,Defaulted
U01906,21,Master's,Employed,8436.0,2,A01906,16,rent,5,0.6,master,3251.0,0.65,0.08,175,0.84,0.28,0.26,0,0,0,3,1,0.1729,0.203,0,Successful Borrower
U01907,23,Bachelor's,Employed,7930.0,2,A01907,31,owner,0,0.76,bachelor,3494.0,0.49,0.07,190,0.84,0.31,0.21,0,0,0,3,1,0.0276,0.1965,0,Successful Borrower
U01908,21,Bachelor's,Unemployed,2246.0,3,A01908,4,rent,18,0.56,bachelor,855.0,0.85,0.13,116,0.82,0.31,0.4,0,1,0,2,1,0.2814,0.26,1,Defaulted
U01909,21,Master's,Self-Employed,10299.0,1,A01909,32,rent,16,0.52,master,4731.0,0.59,0.11,171,0.91,0.23,0.25,0,0,0,3,0,0.0625,0.168,0,Successful Borrower
U01910,25,High School,Student,3127.0,2,A01910,8,rent,4,0.46,highschool,1426.0,0.66,0.05,59,0.78,0.33,0.27,0,0,1,1,1,0.0688,0.2345,0,Successful Borrower
U01911,23,Bachelor's,Student,3645.0,2,A01911,5,none,3,0.45,bachelor,2387.0,0.62,0.07,68,0.87,0.3,0.29,0,0,1,2,0,0.0,0.2035,0,Successful Borrower
U01912,22,Diploma,Student,2736.0,2,A01912,6,rent,14,0.67,cert,1460.0,0.72,0.1,93,0.7,0.42,0.49,0,0,0,3,0,0.1363,0.3475,0,Successful Borrower
U01913,26,High School,Employed,9625.0,2,A01913,30,none,3,0.57,highschool,2821.0,0.48,0.05,238,0.87,0.3,0.34,0,0,0,3,0,0.052,0.213,0,Successful Borrower
U01914,24,Bachelor's,Unemployed,3558.0,3,A01914,2,none,1,0.37,bachelor,1803.0,0.46,0.19,11,0.56,0.57,0.75,0,0,0,2,1,0.0718,0.5125,1,Defaulted
U01915,21,Bachelor's,Employed,7971.0,1,A01915,54,owner,2,0.56,bachelor,4392.0,0.39,0.11,102,0.71,0.37,0.45,0,0,0,2,0,0.1,0.323,1,Defaulted
U01916,24,High School,Employed,7217.0,1,A01916,39,rent,8,0.5,highschool,2062.0,0.57,0.02,247,1.0,0.12,0.08,0,0,0,3,1,0.0666,0.053,0,Successful Borrower
U01917,22,Diploma,Student,3776.0,1,A01917,3,rent,24,0.67,cert,1639.0,0.65,0.06,59,0.72,0.31,0.34,0,0,0,1,0,0.0766,0.2695,0,Successful Borrower
U01918,20,Bachelor's,Employed,3857.0,2,A01918,40,rent,13,0.41,bachelor,2010.0,0.65,0.12,60,0.77,0.32,0.34,0,0,0,1,0,0.0958,0.2635,0,Successful Borrower
U01919,20,Bachelor's,Employed,6603.0,3,A01919,33,owner,3,0.72,bachelor,2440.0,0.51,0.06,145,0.81,0.45,0.4,0,0,0,0,0,0.0808,0.288,0,Successful Borrower
U01920,23,Bachelor's,Self-Employed,11487.0,1,A01920,56,owner,1,0.6,bachelor,4031.0,0.52,0.19,245,0.67,0.39,0.43,0,0,0,3,2,0.1292,0.349,0,Successful Borrower
U01921,21,Diploma,Self-Employed,9626.0,2,A01921,34,owner,3,0.53,cert,3478.0,0.44,0.19,231,0.73,0.31,0.33,0,0,0,3,1,0.0539,0.283,0,Successful Borrower
U01922,20,Master's,Unemployed,2878.0,2,A01922,5,rent,21,0.53,master,1313.0,0.63,0.12,51,0.71,0.51,0.54,0,0,0,2,1,0.0,0.382,1,Defaulted
U01923,25,Bachelor's,Employed,7413.0,3,A01923,17,rent,20,0.56,bachelor,3212.0,0.67,0.09,170,0.82,0.33,0.41,0,0,0,3,0,0.0635,0.2615,0,Successful Borrower
U01924,22,Bachelor's,Student,4460.0,2,A01924,12,rent,17,0.3,bachelor,2157.0,0.71,0.04,119,0.88,0.27,0.25,0,0,0,2,0,0.0387,0.178,0,Successful Borrower
U01925,22,Diploma,Self-Employed,6698.0,1,A01925,37,rent,11,0.55,cert,2496.0,0.36,0.09,136,0.88,0.24,0.25,0,0,0,1,0,0.0515,0.178,0,Successful Borrower
U01926,24,High School,Employed,10370.0,3,A01926,57,owner,0,0.63,highschool,2443.0,0.51,0.09,253,0.86,0.26,0.21,0,0,0,2,0,0.0937,0.18,0,Successful Borrower
U01927,20,Bachelor's,Self-Employed,5537.0,2,A01927,50,rent,7,0.51,bachelor,2813.0,0.64,0.2,95,0.62,0.34,0.61,0,0,0,2,2,0.1973,0.4005,1,Defaulted
U01928,23,Diploma,Self-Employed,9428.0,2,A01928,55,rent,16,0.48,cert,2514.0,0.62,0.11,273,0.89,0.23,0.07,0,0,0,3,0,0.041,0.13,0,Successful Borrower
U01929,20,Diploma,Employed,6234.0,1,A01929,23,rent,23,0.39,cert,1128.0,0.58,0.04,171,0.92,0.18,0.34,0,0,0,3,0,0.2236,0.164,0,Successful Borrower
U01930,21,Bachelor's,Self-Employed,5946.0,1,A01930,45,rent,21,0.44,bachelor,3681.0,0.68,0.19,81,0.85,0.18,0.24,0,0,0,1,0,0.1432,0.186,0,Successful Borrower
U01931,20,Bachelor's,Unemployed,1709.0,2,A01931,0,rent,16,0.58,bachelor,1240.0,0.76,0.11,71,0.6,0.51,0.55,0,0,0,2,0,0.0643,0.4215,0,Successful Borrower
U01932,26,Bachelor's,Employed,9131.0,3,A01932,45,owner,4,0.3,bachelor,3835.0,0.59,0.07,182,0.74,0.42,0.31,0,0,0,3,0,0.0782,0.284,0,Successful Borrower
U01933,25,Bachelor's,Employed,7139.0,2,A01933,33,rent,15,0.62,bachelor,2784.0,0.4,0.09,152,0.81,0.33,0.43,0,0,0,3,1,0.1583,0.27,1,Defaulted
U01934,21,Bachelor's,Student,3142.0,1,A01934,11,none,3,0.41,bachelor,1251.0,0.58,0.04,79,0.86,0.3,0.16,0,0,0,3,0,0.1488,0.17,0,Successful Borrower
U01935,22,Bachelor's,Employed,9284.0,1,A01935,31,none,1,0.57,bachelor,2993.0,0.52,0.02,238,0.99,0.17,0.09,0,0,0,3,1,0.0326,0.0715,0,Successful Borrower
U01936,23,Master's,Student,3184.0,3,A01936,12,rent,24,0.3,master,1161.0,0.66,0.09,107,0.73,0.35,0.32,0,0,0,3,0,0.1483,0.2755,0,Successful Borrower
U01937,26,Bachelor's,Employed,9636.0,2,A01937,46,rent,14,0.35,bachelor,3460.0,0.63,0.09,177,0.9,0.17,0.29,0,0,0,3,1,0.1381,0.1635,0,Successful Borrower
U01938,22,Diploma,Self-Employed,7832.0,2,A01938,24,rent,8,0.67,cert,2093.0,0.62,0.16,210,0.84,0.17,0.28,0,0,0,3,0,0.0528,0.1925,0,Successful Borrower
U01939,24,Master's,Employed,6359.0,2,A01939,13,rent,16,0.42,master,3255.0,0.79,0.16,104,0.74,0.36,0.59,0,0,0,3,0,0.0418,0.3525,0,Successful Borrower
U01940,23,Bachelor's,Student,3660.0,2,A01940,12,rent,14,0.63,bachelor,1145.0,0.55,0.09,131,0.81,0.33,0.33,0,0,0,1,0,0.034,0.245,0,Successful Borrower
U01941,26,Bachelor's,Employed,7600.0,1,A01941,59,rent,12,0.59,bachelor,3315.0,0.61,0.11,163,0.65,0.4,0.51,0,0,1,3,0,0.0613,0.3665,1,Defaulted
U01942,21,Diploma,Employed,8206.0,2,A01942,28,rent,19,0.62,cert,2793.0,0.63,0.03,186,0.97,0.23,0.32,0,0,0,3,1,0.0739,0.1525,1,Defaulted
U01943,26,Bachelor's,Employed,8652.0,2,A01943,46,owner,4,0.49,bachelor,2165.0,0.66,0.06,288,0.78,0.33,0.36,0,0,0,2,0,0.0209,0.2585,1,Defaulted
U01944,24,Bachelor's,Student,2581.0,2,A01944,7,none,2,0.45,bachelor,1115.0,0.55,0.09,93,0.98,0.2,0.2,0,0,0,3,1,0.1638,0.1205,0,Successful Borrower
U01945,21,Diploma,Employed,4821.0,1,A01945,36,owner,3,0.6,cert,2938.0,0.68,0.2,61,0.71,0.44,0.47,0,0,0,2,1,0.0162,0.359,1,Defaulted
U01946,25,High School,Student,4118.0,3,A01946,12,rent,13,0.54,highschool,2636.0,0.67,0.22,11,0.66,0.33,0.61,0,1,0,3,3,0.0997,0.387,1,Defaulted
U01947,26,Bachelor's,Student,4520.0,2,A01947,12,rent,23,0.51,bachelor,1540.0,0.75,0.04,124,0.83,0.25,0.28,0,0,0,3,0,0.11,0.198,0,Successful Borrower
U01948,25,Master's,Self-Employed,8189.0,1,A01948,46,rent,6,0.39,master,4248.0,0.64,0.14,135,0.73,0.27,0.46,0,0,0,3,1,0.0534,0.298,0,Successful Borrower
U01949,21,Master's,Student,3646.0,2,A01949,4,rent,7,0.54,master,1953.0,0.61,0.1,20,0.67,0.4,0.45,0,0,0,1,0,0.1715,0.343,0,Successful Borrower
U01950,24,Bachelor's,Unemployed,2130.0,2,A01950,6,rent,11,0.3,bachelor,1138.0,0.65,0.1,53,0.8,0.34,0.35,0,0,0,1,0,0.2426,0.2575,1,Defaulted
U01951,22,Bachelor's,Student,2797.0,2,A01951,7,rent,16,0.56,bachelor,1465.0,0.78,0.16,18,0.56,0.58,0.7,0,0,0,2,2,0.0,0.498,1,Defaulted
U01952,25,Bachelor's,Employed,10994.0,2,A01952,41,rent,13,0.64,bachelor,3643.0,0.41,0.07,242,0.82,0.28,0.21,0,0,0,2,0,0.174,0.196,0,Successful Borrower
U01953,21,Master's,Self-Employed,7653.0,3,A01953,29,rent,7,0.59,master,1553.0,0.49,0.15,195,0.75,0.34,0.41,0,0,0,3,1,0.039,0.2975,0,Successful Borrower
U01954,21,Bachelor's,Employed,8352.0,1,A01954,7,owner,1,0.64,bachelor,5736.0,0.53,0.17,105,0.67,0.44,0.39,0,0,0,3,0,0.0829,0.3485,0,Successful Borrower
U01955,22,Bachelor's,Self-Employed,9024.0,2,A01955,36,owner,2,0.64,bachelor,4149.0,0.64,0.21,216,0.7,0.34,0.49,0,0,0,3,2,0.0,0.344,1,Defaulted
U01956,21,High School,Employed,9077.0,3,A01956,40,rent,18,0.61,highschool,2580.0,0.48,0.02,174,0.98,0.15,0.12,0,0,0,3,1,0.079,0.0775,0,Successful Borrower
U01957,24,Bachelor's,Student,2018.0,3,A01957,7,rent,8,0.46,bachelor,300.0,0.85,0.02,41,0.92,0.22,0.2,0,0,0,3,0,0.0,0.136,0,Successful Borrower
U01958,20,Master's,Student,5154.0,2,A01958,12,rent,18,0.76,master,3089.0,0.74,0.15,79,0.71,0.3,0.36,0,0,0,2,0,0.0353,0.289,0,Successful Borrower
U01959,21,Bachelor's,Self-Employed,8379.0,3,A01959,30,owner,1,0.48,bachelor,1062.0,0.54,0.15,240,0.87,0.19,0.22,0,0,0,2,0,0.1723,0.1705,0,Successful Borrower
U01960,20,Bachelor's,Student,3046.0,2,A01960,0,rent,4,0.45,bachelor,1651.0,0.77,0.15,23,0.63,0.51,0.52,0,0,0,2,2,0.0,0.4095,1,Defaulted
U01961,22,Master's,Employed,10851.0,1,A01961,12,rent,4,0.44,master,2811.0,0.6,0.04,261,0.72,0.41,0.36,0,0,0,2,0,0.1523,0.2965,0,Successful Borrower
U01962,25,Master's,Unemployed,2522.0,3,A01962,3,rent,4,0.34,master,1980.0,0.53,0.22,64,0.61,0.44,0.47,0,0,0,2,0,0.1042,0.397,1,Defaulted
U01963,25,Master's,Employed,9173.0,2,A01963,11,none,3,0.43,master,2885.0,0.48,0.07,161,0.88,0.31,0.22,0,0,0,3,1,0.0,0.185,0,Successful Borrower
U01964,21,Diploma,Student,4019.0,1,A01964,9,rent,21,0.55,cert,1785.0,0.65,0.06,84,0.75,0.31,0.42,0,0,0,2,0,0.109,0.279,0,Successful Borrower
U01965,24,Bachelor's,Employed,8961.0,3,A01965,46,owner,2,0.38,bachelor,2406.0,0.64,0.09,210,0.79,0.3,0.46,0,0,0,3,0,0.0,0.277,0,Successful Borrower
U01966,21,Bachelor's,Self-Employed,8575.0,1,A01966,6,owner,4,0.53,bachelor,2416.0,0.55,0.08,211,0.93,0.22,0.19,0,0,0,3,1,0.1528,0.139,0,Successful Borrower
U01967,24,Bachelor's,Employed,10904.0,3,A01967,60,owner,1,0.46,bachelor,6380.0,0.4,0.2,119,0.7,0.31,0.57,0,0,0,2,1,0.1403,0.355,1,Defaulted
U01968,20,Bachelor's,Student,5098.0,1,A01968,9,rent,23,0.49,bachelor,2196.0,0.84,0.03,124,0.91,0.17,0.24,0,0,0,3,1,0.1059,0.1385,0,Successful Borrower
U01969,24,Bachelor's,Unemployed,2562.0,2,A01969,6,rent,14,0.3,bachelor,1571.0,0.68,0.16,88,0.72,0.41,0.33,0,0,0,2,0,0.0755,0.307,0,Successful Borrower
U01970,24,Master's,Employed,8443.0,2,A01970,48,rent,4,0.49,master,3013.0,0.56,0.03,207,0.83,0.13,0.23,0,0,0,2,1,0.0,0.154,0,Successful Borrower
U01971,25,Bachelor's,Student,2317.0,3,A01971,7,owner,4,0.57,bachelor,1008.0,0.67,0.09,115,0.78,0.41,0.39,0,0,0,3,0,0.1334,0.2905,0,Successful Borrower
U01972,21,Diploma,Self-Employed,6041.0,1,A01972,8,owner,0,0.41,cert,3215.0,0.47,0.2,118,0.72,0.31,0.4,0,0,0,3,1,0.148,0.3055,1,Defaulted
U01973,25,Bachelor's,Self-Employed,7689.0,2,A01973,21,rent,7,0.37,bachelor,4805.0,0.52,0.24,99,0.61,0.37,0.61,0,0,0,1,2,0.0749,0.4175,1,Defaulted
U01974,21,Bachelor's,Self-Employed,7560.0,2,A01974,28,owner,0,0.37,bachelor,4722.0,0.41,0.25,82,0.58,0.42,0.53,0,0,0,2,0,0.0391,0.422,1,Defaulted
U01975,26,High School,Employed,8284.0,3,A01975,53,none,2,0.57,highschool,2930.0,0.53,0.07,211,0.8,0.24,0.34,0,0,0,1,1,0.2034,0.2255,0,Successful Borrower
U01976,26,Bachelor's,Employed,10840.0,1,A01976,44,owner,0,0.47,bachelor,4552.0,0.6,0.07,206,0.85,0.22,0.2,0,0,0,2,0,0.1253,0.168,0,Successful Borrower
U01977,23,Diploma,Employed,9463.0,3,A01977,59,owner,2,0.71,cert,2379.0,0.66,0.04,243,0.96,0.24,0.22,0,0,0,3,1,0.1023,0.135,0,Successful Borrower
U01978,20,Master's,Employed,6819.0,3,A01978,29,rent,4,0.63,master,3433.0,0.5,0.14,90,0.7,0.35,0.55,0,0,0,3,0,0.2488,0.351,0,Successful Borrower
U01979,21,Diploma,Self-Employed,11832.0,2,A01979,37,owner,4,0.63,cert,6974.0,0.53,0.29,147,0.59,0.48,0.68,0,0,0,3,1,0.1693,0.477,1,Defaulted
U01980,20,Bachelor's,Self-Employed,3148.0,2,A01980,22,rent,19,0.55,bachelor,2050.0,0.72,0.28,24,0.66,0.45,0.53,0,0,0,2,1,0.0274,0.406,1,Defaulted
U01981,23,Diploma,Self-Employed,11036.0,3,A01981,52,none,2,0.3,cert,3991.0,0.54,0.16,126,0.76,0.23,0.39,0,0,0,3,1,0.1178,0.263,0,Successful Borrower
U01982,25,Bachelor's,Employed,7294.0,1,A01982,23,owner,2,0.9,bachelor,2564.0,0.57,0.06,174,0.86,0.24,0.33,0,0,0,3,0,0.0745,0.2005,1,Defaulted
U01983,25,Bachelor's,Self-Employed,8178.0,2,A01983,26,rent,10,0.49,bachelor,2361.0,0.59,0.1,183,0.87,0.15,0.01,0,0,0,2,0,0.1118,0.1005,0,Successful Borrower
U01984,23,Master's,Employed,10530.0,2,A01984,52,rent,5,0.44,master,5861.0,0.55,0.13,154,0.73,0.4,0.46,0,0,0,3,0,0.0202,0.329,1,Defaulted
U01985,20,Bachelor's,Student,3348.0,2,A01985,4,rent,9,0.81,bachelor,1835.0,0.59,0.11,63,0.72,0.42,0.39,0,0,0,2,0,0.0954,0.317,0,Successful Borrower
U01986,20,Bachelor's,Employed,8119.0,3,A01986,59,rent,20,0.46,bachelor,3106.0,0.52,0.11,181,0.84,0.2,0.29,0,0,0,3,0,0.0475,0.195,1,Defaulted
U01987,24,Bachelor's,Employed,7650.0,3,A01987,43,rent,16,0.55,bachelor,3504.0,0.53,0.09,127,0.72,0.24,0.58,0,0,0,3,1,0.0861,0.3165,0,Successful Borrower
U01988,24,Bachelor's,Unemployed,3617.0,1,A01988,3,rent,12,0.44,bachelor,1532.0,0.52,0.13,68,0.91,0.39,0.12,0,0,0,2,1,0.234,0.1785,0,Successful Borrower
U01989,21,Bachelor's,Employed,10819.0,3,A01989,41,owner,1,0.58,bachelor,4557.0,0.74,0.11,241,0.76,0.34,0.45,0,0,0,2,1,0.0077,0.298,0,Successful Borrower
U01990,21,Master's,Student,3431.0,2,A01990,11,rent,19,0.48,master,1591.0,0.53,0.11,105,0.76,0.31,0.38,0,0,0,3,0,0.2637,0.273,0,Successful Borrower
U01991,26,High School,Employed,7372.0,2,A01991,17,owner,0,0.65,highschool,1787.0,0.61,0.1,224,0.78,0.35,0.29,0,0,1,2,1,0.0389,0.252,1,Defaulted
U01992,24,Master's,Student,3901.0,3,A01992,9,none,0,0.59,master,1474.0,0.68,0.05,100,0.87,0.26,0.25,0,0,0,3,0,0.0016,0.1805,0,Successful Borrower
U01993,24,Bachelor's,Self-Employed,8667.0,2,A01993,31,rent,5,0.37,bachelor,4538.0,0.76,0.14,108,0.73,0.33,0.42,0,0,0,2,0,0.0201,0.303,0,Successful Borrower
U01994,25,Bachelor's,Employed,8440.0,2,A01994,14,rent,5,0.5,bachelor,3646.0,0.61,0.06,99,0.79,0.27,0.5,0,0,0,3,1,0.0534,0.275,0,Successful Borrower
U01995,20,Diploma,Self-Employed,9773.0,2,A01995,5,rent,20,0.53,cert,5045.0,0.61,0.2,136,0.68,0.33,0.48,0,0,0,2,2,0.05,0.3445,1,Defaulted
U01996,23,Master's,Unemployed,3236.0,1,A01996,3,rent,9,0.75,master,1639.0,0.75,0.22,34,0.56,0.52,0.65,0,0,0,1,2,0.0303,0.4795,1,Defaulted
U01997,22,Master's,Unemployed,1858.0,2,A01997,3,rent,12,0.49,master,753.0,0.61,0.19,60,0.63,0.44,0.54,1,0,0,2,0,0.0941,0.403,0,Successful Borrower
U01998,25,High School,Employed,9476.0,3,A01998,15,rent,15,0.5,highschool,1565.0,0.55,0.04,237,0.88,0.2,0.34,0,0,0,3,0,0.0244,0.183,0,Successful Borrower
U01999,21,Master's,Self-Employed,5711.0,1,A01999,56,owner,3,0.66,master,2081.0,0.71,0.2,118,0.66,0.35,0.38,0,0,0,3,1,0.0759,0.3315,1,Defaulted
U02000,26,Diploma,Employed,7708.0,3,A02000,44,owner,2,0.4,cert,1741.0,0.56,0.02,203,1.0,0.14,0.14,0,0,0,3,0,0.0773,0.073,0,Successful Borrower
U02001,24,Bachelor's,Employed,8035.0,3,A02001,42,owner,2,0.54,bachelor,4828.0,0.66,0.08,148,0.85,0.28,0.32,0,0,0,3,0,0.016,0.2145,0,Successful Borrower
U02002,23,Master's,Employed,12221.0,2,A02002,45,rent,7,0.69,master,4174.0,0.52,0.08,280,0.83,0.28,0.39,0,0,0,3,0,0.3187,0.239,0,Successful Borrower
U02003,21,Diploma,Employed,8836.0,2,A02003,19,rent,20,0.67,cert,4861.0,0.61,0.14,168,0.65,0.5,0.49,0,0,0,2,2,0.1771,0.391,1,Defaulted
U02004,23,High School,Employed,6551.0,1,A02004,53,rent,18,0.62,highschool,2539.0,0.5,0.07,76,0.83,0.3,0.34,0,0,0,1,1,0.1274,0.23,0,Successful Borrower
U02005,23,Bachelor's,Employed,6663.0,1,A02005,40,rent,13,0.49,bachelor,1577.0,0.62,0.05,171,0.93,0.34,0.31,0,0,0,3,0,0.0,0.1945,0,Successful Borrower
U02006,23,Master's,Student,3304.0,2,A02006,5,rent,20,0.43,master,1209.0,0.47,0.04,126,0.89,0.22,0.05,0,0,0,3,1,0.0863,0.112,0,Successful Borrower
U02007,22,Diploma,Self-Employed,8992.0,3,A02007,49,owner,0,0.7,cert,3004.0,0.4,0.12,197,0.88,0.16,0.2,0,0,0,2,0,0.0462,0.15,0,Successful Borrower
U02008,23,Master's,Unemployed,1785.0,1,A02008,1,rent,15,0.93,master,965.0,0.75,0.15,0,0.57,0.62,0.55,0,0,0,1,0,0.0721,0.4655,1,Defaulted
U02009,20,Bachelor's,Employed,6474.0,2,A02009,10,rent,7,0.59,bachelor,2611.0,0.67,0.1,129,0.68,0.39,0.55,0,1,0,1,0,0.0,0.362,1,Defaulted
U02010,23,Bachelor's,Self-Employed,8602.0,2,A02010,56,owner,1,0.42,bachelor,2708.0,0.65,0.12,211,0.79,0.31,0.3,0,0,0,3,0,0.0962,0.244,0,Successful Borrower
U02011,22,Diploma,Student,3013.0,2,A02011,7,owner,3,0.32,cert,1711.0,0.66,0.12,28,0.62,0.41,0.62,0,0,0,1,2,0.1995,0.4085,1,Defaulted
U02012,20,Bachelor's,Employed,7786.0,1,A02012,32,rent,10,0.49,bachelor,3044.0,0.64,0.15,148,0.74,0.33,0.49,0,0,0,1,0,0.0985,0.3185,1,Defaulted
U02013,26,Bachelor's,Student,3270.0,1,A02013,1,rent,23,0.4,bachelor,1586.0,0.8,0.07,0,0.81,0.35,0.46,0,0,0,1,1,0.1605,0.2795,0,Successful Borrower
U02014,21,Bachelor's,Self-Employed,8750.0,3,A02014,49,owner,3,0.53,bachelor,4517.0,0.5,0.15,149,0.72,0.26,0.52,0,0,0,2,1,0.1285,0.3155,0,Successful Borrower
U02015,21,Diploma,Employed,10053.0,2,A02015,25,none,1,0.54,cert,1414.0,0.48,0.05,342,0.92,0.16,0.27,0,0,0,3,0,0.1266,0.143,0,Successful Borrower
U02016,24,High School,Employed,8916.0,1,A02016,45,rent,6,0.68,highschool,1347.0,0.65,0.06,288,0.92,0.17,0.26,0,0,0,3,1,0.1726,0.1445,0,Successful Borrower
U02017,23,Diploma,Employed,6963.0,2,A02017,38,owner,2,0.52,cert,3153.0,0.66,0.03,133,0.83,0.29,0.29,0,0,0,2,0,0.1066,0.209,1,Defaulted
U02018,22,Master's,Employed,5985.0,3,A02018,50,owner,4,0.45,master,2856.0,0.64,0.03,133,0.94,0.14,0.19,0,0,0,3,0,0.0,0.108,0,Successful Borrower
U02019,21,Bachelor's,Student,2899.0,3,A02019,3,rent,10,0.3,bachelor,1214.0,0.64,0.13,97,0.69,0.36,0.44,0,0,0,2,0,0.1857,0.328,1,Defaulted
U02020,23,Bachelor's,Self-Employed,5581.0,2,A02020,9,rent,22,0.36,bachelor,1038.0,0.61,0.15,97,0.82,0.15,0.29,0,0,0,2,0,0.0,0.1955,0,Successful Borrower
U02021,21,Bachelor's,Self-Employed,11748.0,3,A02021,25,rent,8,0.41,bachelor,2622.0,0.52,0.14,225,0.8,0.34,0.21,0,0,0,2,1,0.1099,0.2285,0,Successful Borrower
U02022,26,High School,Employed,8189.0,1,A02022,34,rent,17,0.56,highschool,4889.0,0.71,0.18,74,0.57,0.5,0.6,0,0,0,2,2,0.0,0.4525,1,Defaulted
U02023,20,Diploma,Employed,9490.0,3,A02023,53,owner,1,0.53,cert,3277.0,0.48,0.13,313,0.79,0.26,0.34,0,0,0,2,0,0.0638,0.243,0,Successful Borrower
U02024,23,High School,Unemployed,2571.0,2,A02024,0,rent,15,0.37,highschool,1399.0,0.71,0.17,51,0.72,0.41,0.4,0,0,0,0,0,0.196,0.326,0,Successful Borrower
U02025,26,High School,Student,6282.0,3,A02025,3,none,0,0.5,highschool,2716.0,0.66,0.06,154,0.85,0.24,0.25,0,0,0,2,0,0.1146,0.184,0,Successful Borrower
U02026,24,Master's,Student,2919.0,2,A02026,8,rent,5,0.59,master,1547.0,0.56,0.14,89,0.79,0.27,0.43,0,0,0,2,1,0.0043,0.2695,1,Defaulted
U02027,22,High School,Employed,6979.0,3,A02027,45,rent,12,0.59,highschool,3096.0,0.55,0.11,127,0.79,0.34,0.46,0,0,0,3,2,0.0959,0.29,0,Successful Borrower
U02028,23,Master's,Self-Employed,7857.0,1,A02028,14,rent,23,0.5,master,2710.0,0.56,0.14,144,0.83,0.24,0.33,0,0,0,2,0,0.115,0.223,0,Successful Borrower
U02029,20,Diploma,Unemployed,1917.0,1,A02029,3,rent,9,0.45,cert,868.0,0.72,0.17,111,0.62,0.4,0.57,0,0,0,2,1,0.1162,0.401,1,Defaulted
U02030,24,High School,Employed,8719.0,1,A02030,20,rent,12,0.82,highschool,1999.0,0.54,0.05,175,0.98,0.1,0.25,0,0,0,1,2,0.1183,0.102,0,Successful Borrower
U02031,24,Bachelor's,Student,1392.0,1,A02031,7,rent,14,0.3,bachelor,944.0,0.58,0.23,8,0.56,0.56,0.61,0,0,0,1,3,0.0151,0.481,1,Defaulted
U02032,25,PhD,Unemployed,3122.0,2,A02032,0,none,0,0.57,phd,1232.0,0.71,0.12,84,0.76,0.41,0.32,0,0,0,2,1,0.0792,0.2845,1,Defaulted
U02033,24,Bachelor's,Employed,5880.0,3,A02033,6,rent,7,0.46,bachelor,3880.0,0.75,0.13,79,0.76,0.37,0.54,0,0,0,2,0,0.0,0.331,0,Successful Borrower
U02034,23,High School,Student,4584.0,1,A02034,1,rent,17,0.66,highschool,1916.0,0.79,0.04,108,0.8,0.36,0.34,0,0,0,3,0,0.2561,0.251,0,Successful Borrower
U02035,24,Bachelor's,Employed,7004.0,1,A02035,52,owner,2,0.5,bachelor,2166.0,0.73,0.05,166,0.94,0.09,0.35,0,0,0,3,0,0.1533,0.1385,0,Successful Borrower
U02036,21,High School,Employed,7936.0,1,A02036,48,rent,15,0.75,highschool,1931.0,0.59,0.02,226,1.0,0.16,0.0,0,0,0,3,0,0.0741,0.043,0,Successful Borrower
U02037,26,High School,Student,4481.0,2,A02037,8,owner,0,0.56,highschool,2293.0,0.59,0.13,73,0.65,0.39,0.48,0,0,0,2,0,0.1001,0.3595,0,Successful Borrower
U02038,22,Diploma,Employed,10742.0,3,A02038,15,none,0,0.65,cert,4520.0,0.45,0.08,241,0.83,0.26,0.42,0,0,0,2,1,0.0177,0.2415,0,Successful Borrower
U02039,20,Diploma,Employed,7946.0,2,A02039,24,owner,4,0.68,cert,4080.0,0.47,0.07,195,0.92,0.2,0.21,0,0,0,2,0,0.1078,0.141,0,Successful Borrower
U02040,24,Bachelor's,Student,3830.0,3,A02040,11,none,0,0.5,bachelor,1927.0,0.5,0.09,48,0.86,0.22,0.22,0,0,0,1,0,0.0436,0.1725,0,Successful Borrower
U02041,21,High School,Employed,7764.0,2,A02041,24,rent,11,0.61,highschool,3219.0,0.51,0.07,198,0.8,0.32,0.26,0,0,0,3,0,0.0349,0.2255,0,Successful Borrower
U02042,24,Bachelor's,Unemployed,2852.0,3,A02042,1,rent,18,0.65,bachelor,474.0,0.62,0.1,115,0.83,0.35,0.15,0,0,0,3,0,0.0733,0.1995,0,Successful Borrower
U02043,26,Bachelor's,Employed,7204.0,2,A02043,51,rent,5,0.55,bachelor,1463.0,0.56,0.02,180,1.0,0.11,0.08,0,0,0,3,0,0.1461,0.0505,0,Successful Borrower
U02044,23,Master's,Unemployed,4853.0,2,A02044,6,none,0,0.82,master,2871.0,0.54,0.25,39,0.61,0.47,0.53,0,0,0,1,1,0.009,0.424,1,Defaulted
U02045,25,Master's,Employed,8257.0,3,A02045,36,rent,9,0.53,master,1285.0,0.52,0.02,244,0.92,0.05,0.2,0,0,0,3,1,0.0,0.0935,0,Successful Borrower
U02046,26,Diploma,Employed,8109.0,2,A02046,44,rent,7,0.43,cert,2291.0,0.51,0.11,241,0.81,0.27,0.41,0,0,0,1,0,0.061,0.253,0,Successful Borrower
U02047,24,Bachelor's,Self-Employed,8944.0,2,A02047,41,rent,12,0.45,bachelor,1334.0,0.64,0.12,222,0.82,0.3,0.32,0,0,0,3,0,0.0,0.236,0,Successful Borrower
U02048,22,Bachelor's,Self-Employed,9845.0,3,A02048,60,rent,17,0.72,bachelor,3072.0,0.63,0.13,242,0.87,0.19,0.2,0,0,0,3,2,0.0845,0.1625,0,Successful Borrower
U02049,25,Bachelor's,Employed,8730.0,1,A02049,50,rent,19,0.66,bachelor,1815.0,0.79,0.05,226,0.9,0.17,0.39,0,0,0,3,0,0.0966,0.1825,0,Successful Borrower
U02050,23,Bachelor's,Unemployed,4236.0,2,A02050,1,rent,15,0.56,bachelor,1137.0,0.64,0.11,119,0.83,0.37,0.3,0,0,0,2,0,0.0985,0.2435,0,Successful Borrower
U02051,25,Bachelor's,Employed,7011.0,2,A02051,27,none,1,0.38,bachelor,2256.0,0.51,0.05,169,0.82,0.26,0.44,0,0,0,2,0,0.1305,0.2455,1,Defaulted
U02052,21,Master's,Unemployed,2969.0,2,A02052,0,owner,4,0.42,master,503.0,0.69,0.13,85,0.79,0.45,0.4,0,0,1,1,0,0.0582,0.3055,0,Successful Borrower
U02053,23,High School,Unemployed,3372.0,2,A02053,6,rent,4,0.51,highschool,1274.0,0.76,0.06,38,0.79,0.43,0.32,0,0,0,2,1,0.1211,0.27,0,Successful Borrower
U02054,22,Diploma,Employed,12286.0,3,A02054,56,rent,15,0.57,cert,1629.0,0.58,0.02,293,0.96,0.23,0.23,0,0,0,2,1,0.0082,0.132,0,Successful Borrower
U02055,24,Bachelor's,Student,3945.0,2,A02055,4,rent,13,0.51,bachelor,2594.0,0.7,0.06,73,0.64,0.49,0.52,0,0,0,0,1,0.0,0.3875,1,Defaulted
U02056,24,Diploma,Self-Employed,9080.0,2,A02056,33,owner,3,0.43,cert,3647.0,0.69,0.15,162,0.83,0.21,0.25,0,0,0,3,0,0.0796,0.197,0,Successful Borrower
U02057,22,Bachelor's,Student,3258.0,3,A02057,0,rent,13,0.75,bachelor,2408.0,0.77,0.17,54,0.63,0.42,0.57,0,0,0,1,1,0.098,0.4025,0,Successful Borrower
U02058,23,Bachelor's,Student,2686.0,1,A02058,2,owner,2,0.43,bachelor,1540.0,0.69,0.16,40,0.66,0.41,0.53,0,0,0,1,0,0.028,0.378,1,Defaulted
U02059,22,Bachelor's,Employed,8041.0,3,A02059,16,owner,1,0.58,bachelor,4294.0,0.57,0.14,176,0.64,0.35,0.52,0,0,0,3,0,0.1271,0.3645,0,Successful Borrower
U02060,24,Bachelor's,Unemployed,2393.0,2,A02060,0,rent,24,0.42,bachelor,1418.0,0.63,0.19,26,0.77,0.35,0.34,0,0,0,2,0,0.0331,0.2815,0,Successful Borrower
U02061,26,Bachelor's,Unemployed,3022.0,2,A02061,0,rent,16,0.35,bachelor,1586.0,0.59,0.16,48,0.72,0.47,0.29,0,0,0,1,0,0.1849,0.312,0,Successful Borrower
U02062,21,Bachelor's,Self-Employed,8215.0,3,A02062,23,owner,2,0.57,bachelor,3437.0,0.55,0.14,170,0.82,0.27,0.28,0,0,0,3,0,0.2259,0.2215,0,Successful Borrower
U02063,24,Bachelor's,Employed,8043.0,2,A02063,10,rent,20,0.56,bachelor,3016.0,0.49,0.04,216,0.81,0.36,0.27,0,0,0,3,0,0.0501,0.23,0,Successful Borrower
U02064,25,Bachelor's,Employed,10891.0,3,A02064,40,rent,17,0.75,bachelor,4234.0,0.51,0.1,256,0.77,0.3,0.35,0,0,0,3,1,0.1541,0.258,0,Successful Borrower
U02065,26,Bachelor's,Employed,11036.0,3,A02065,32,owner,4,0.71,bachelor,2522.0,0.45,0.04,259,0.91,0.2,0.13,0,0,0,2,1,0.1615,0.12,0,Successful Borrower
U02066,22,Bachelor's,Employed,11640.0,3,A02066,35,none,3,0.72,bachelor,4040.0,0.51,0.11,264,0.75,0.29,0.39,0,0,0,2,0,0.1034,0.274,0,Successful Borrower
U02067,22,High School,Employed,9521.0,2,A02067,54,owner,3,0.44,highschool,3108.0,0.61,0.1,210,0.82,0.28,0.36,0,0,1,1,0,0.001,0.238,1,Defaulted
U02068,21,Diploma,Student,4806.0,2,A02068,9,rent,4,0.4,cert,2241.0,0.65,0.08,112,0.8,0.37,0.37,0,0,0,2,0,0.0866,0.267,1,Defaulted
U02069,21,Bachelor's,Student,3621.0,1,A02069,8,rent,23,0.47,bachelor,1599.0,0.69,0.12,48,0.72,0.38,0.36,0,0,0,2,1,0.0544,0.301,0,Successful Borrower
U02070,26,High School,Employed,9424.0,3,A02070,57,rent,18,0.8,highschool,4832.0,0.5,0.12,142,0.79,0.33,0.37,0,0,0,0,0,0.0025,0.2665,0,Successful Borrower
U02071,23,Diploma,Employed,11763.0,3,A02071,8,owner,3,0.59,cert,5104.0,0.56,0.05,217,0.93,0.14,0.28,0,0,0,3,1,0.0877,0.137,0,Successful Borrower
U02072,22,Diploma,Student,3852.0,1,A02072,9,rent,14,0.78,cert,2069.0,0.8,0.15,100,0.7,0.43,0.5,0,0,0,3,1,0.1307,0.36,1,Defaulted
U02073,25,Bachelor's,Student,1200.0,2,A02073,7,rent,19,0.67,bachelor,300.0,0.6,0.17,30,0.67,0.47,0.54,0,0,1,0,1,0.0633,0.3935,1,Defaulted
U02074,26,Diploma,Employed,4722.0,3,A02074,11,rent,21,0.32,cert,2012.0,0.69,0.08,80,0.9,0.25,0.2,0,0,0,3,0,0.0888,0.1595,0,Successful Borrower
U02075,24,Bachelor's,Student,2994.0,3,A02075,2,rent,22,0.66,bachelor,838.0,0.75,0.07,91,0.76,0.33,0.38,0,0,0,3,1,0.0092,0.272,1,Defaulted
U02076,20,Diploma,Student,2531.0,3,A02076,2,none,4,0.45,cert,1220.0,0.71,0.11,113,0.76,0.38,0.27,0,0,0,2,0,0.0758,0.263,1,Defaulted
U02077,21,PhD,Employed,8132.0,3,A02077,45,rent,8,0.74,phd,4173.0,0.61,0.07,138,0.72,0.33,0.52,0,0,0,3,0,0.0,0.321,0,Successful Borrower
U02078,20,Diploma,Unemployed,3135.0,2,A02078,3,rent,11,0.42,cert,2104.0,0.58,0.23,32,0.65,0.44,0.55,0,0,0,1,3,0.0558,0.4045,0,Successful Borrower
U02079,20,High School,Employed,8252.0,2,A02079,16,owner,1,0.3,highschool,3059.0,0.59,0.04,210,0.84,0.25,0.3,0,0,0,1,0,0.0,0.1995,0,Successful Borrower
U02080,26,Bachelor's,Student,5045.0,2,A02080,8,rent,21,0.49,bachelor,1871.0,0.63,0.07,126,0.72,0.36,0.48,0,0,0,3,0,0.1386,0.3185,0,Successful Borrower
U02081,21,Bachelor's,Self-Employed,7062.0,1,A02081,49,rent,15,0.52,bachelor,3453.0,0.51,0.25,83,0.65,0.37,0.42,0,0,0,2,1,0.0969,0.3575,0,Successful Borrower
U02082,22,Diploma,Employed,5304.0,3,A02082,42,rent,18,0.6,cert,2678.0,0.7,0.04,132,0.91,0.2,0.23,0,0,0,3,0,0.1669,0.145,0,Successful Borrower
U02083,26,Bachelor's,Student,4398.0,3,A02083,0,rent,10,0.62,bachelor,2698.0,0.62,0.14,56,0.79,0.31,0.31,0,0,0,2,0,0.0908,0.2495,0,Successful Borrower
U02084,26,Bachelor's,Employed,7313.0,3,A02084,51,none,1,0.46,bachelor,2149.0,0.69,0.08,215,0.83,0.31,0.31,0,0,0,2,1,0.0,0.2265,0,Successful Borrower
U02085,20,Bachelor's,Self-Employed,9508.0,1,A02085,60,owner,3,0.63,bachelor,4062.0,0.57,0.09,146,0.83,0.28,0.35,0,0,0,3,0,0.2594,0.2305,0,Successful Borrower
U02086,20,Bachelor's,Employed,6311.0,2,A02086,18,none,0,0.63,bachelor,2876.0,0.5,0.09,152,0.85,0.24,0.3,0,0,0,3,1,0.0,0.201,0,Successful Borrower
U02087,22,Bachelor's,Self-Employed,10556.0,3,A02087,54,rent,9,0.45,bachelor,3592.0,0.61,0.16,243,0.74,0.31,0.39,0,0,0,3,0,0.1359,0.29,0,Successful Borrower
U02088,26,Bachelor's,Student,3424.0,1,A02088,11,rent,19,0.58,bachelor,2305.0,0.66,0.2,72,0.59,0.51,0.58,0,0,0,2,3,0.1136,0.446,1,Defaulted
U02089,21,Master's,Employed,6613.0,2,A02089,9,rent,5,0.49,master,2773.0,0.67,0.03,166,0.75,0.37,0.4,0,0,0,1,0,0.0,0.2845,1,Defaulted
U02090,26,High School,Employed,8500.0,2,A02090,37,rent,13,0.59,highschool,4158.0,0.78,0.12,131,0.74,0.32,0.4,0,0,0,2,1,0.0573,0.289,1,Defaulted
U02091,24,Diploma,Employed,6022.0,3,A02091,51,none,1,0.49,cert,1909.0,0.79,0.04,234,0.9,0.16,0.14,0,0,0,3,0,0.0732,0.116,0,Successful Borrower
U02092,21,High School,Employed,5422.0,2,A02092,6,owner,0,0.54,highschool,939.0,0.61,0.03,153,1.0,0.08,0.09,0,0,0,3,0,0.0924,0.047,0,Successful Borrower
U02093,20,Bachelor's,Unemployed,2266.0,2,A02093,1,rent,16,0.47,bachelor,1177.0,0.65,0.22,25,0.57,0.48,0.6,0,1,0,2,2,0.1152,0.4535,0,Successful Borrower
U02094,24,Bachelor's,Self-Employed,12221.0,3,A02094,37,owner,2,0.5,bachelor,1298.0,0.45,0.11,322,1.0,0.09,0.06,0,0,0,3,0,0.08,0.054,0,Successful Borrower
U02095,26,Bachelor's,Employed,5739.0,2,A02095,6,rent,11,0.72,bachelor,2784.0,0.76,0.14,115,0.69,0.28,0.55,0,0,0,3,0,0.0478,0.337,0,Successful Borrower
U02096,21,Bachelor's,Student,2990.0,2,A02096,6,rent,6,0.4,bachelor,1814.0,0.73,0.05,17,0.76,0.29,0.42,0,0,0,3,1,0.0987,0.269,0,Successful Borrower
U02097,22,Master's,Employed,8348.0,1,A02097,37,rent,5,0.58,master,3974.0,0.6,0.08,134,0.93,0.12,0.33,0,0,0,3,0,0.1407,0.149,0,Successful Borrower
U02098,22,Bachelor's,Employed,7673.0,3,A02098,17,rent,6,0.3,bachelor,3203.0,0.63,0.02,186,0.95,0.17,0.22,0,0,0,2,0,0.2214,0.118,0,Successful Borrower
U02099,21,Bachelor's,Unemployed,2553.0,2,A02099,3,rent,12,0.76,bachelor,940.0,0.67,0.1,91,0.63,0.42,0.52,0,0,0,1,1,0.0798,0.3795,0,Successful Borrower
U02100,22,Bachelor's,Employed,6688.0,2,A02100,9,rent,24,0.5,bachelor,2940.0,0.69,0.09,158,0.89,0.21,0.28,0,0,0,2,0,0.0878,0.1745,0,Successful Borrower
U02101,21,Diploma,Employed,7744.0,2,A02101,56,owner,4,0.35,cert,4945.0,0.73,0.14,38,0.62,0.39,0.51,0,0,0,2,1,0.1868,0.379,0,Successful Borrower
U02102,21,High School,Employed,9697.0,1,A02102,25,owner,4,0.53,highschool,2919.0,0.52,0.13,248,0.69,0.39,0.5,0,0,0,2,0,0.0135,0.3505,1,Defaulted
U02103,24,High School,Self-Employed,9179.0,2,A02103,4,owner,0,0.37,highschool,5056.0,0.58,0.22,63,0.71,0.38,0.55,1,0,0,1,1,0.0234,0.367,0,Successful Borrower
U02104,23,Diploma,Self-Employed,8919.0,1,A02104,13,owner,1,0.54,cert,4245.0,0.51,0.22,162,0.56,0.38,0.65,0,0,0,3,1,0.064,0.4445,1,Defaulted
U02105,21,Bachelor's,Student,2654.0,3,A02105,4,rent,15,0.61,bachelor,1112.0,0.66,0.05,104,0.79,0.44,0.37,0,0,0,2,2,0.1309,0.2835,1,Defaulted
U02106,20,Diploma,Student,3122.0,3,A02106,7,rent,21,0.39,cert,1490.0,0.71,0.19,37,0.75,0.28,0.37,0,0,0,2,0,0.089,0.2785,1,Defaulted
U02107,20,Bachelor's,Self-Employed,6251.0,1,A02107,7,rent,18,0.5,bachelor,3245.0,0.72,0.25,115,0.62,0.36,0.54,0,0,0,2,1,0.0313,0.3955,0,Successful Borrower
U02108,21,High School,Self-Employed,9075.0,3,A02108,17,none,2,0.45,highschool,4792.0,0.57,0.16,180,0.83,0.27,0.33,1,0,0,2,1,0.0,0.2335,0,Successful Borrower
U02109,23,Bachelor's,Unemployed,1733.0,1,A02109,3,rent,6,0.75,bachelor,680.0,0.7,0.11,97,0.77,0.44,0.36,0,0,0,2,0,0.0844,0.297,0,Successful Borrower
U02110,21,Master's,Self-Employed,9951.0,2,A02110,60,none,1,0.3,master,4173.0,0.52,0.14,142,0.89,0.2,0.31,0,1,0,3,1,0.0006,0.187,0,Successful Borrower
U02111,24,Master's,Employed,6713.0,3,A02111,15,owner,0,0.4,master,3152.0,0.68,0.1,186,0.74,0.29,0.42,0,0,0,3,1,0.0378,0.2835,1,Defaulted
U02112,20,Bachelor's,Employed,8720.0,2,A02112,21,rent,9,0.38,bachelor,3677.0,0.74,0.03,192,0.86,0.29,0.34,0,0,0,3,1,0.0704,0.211,0,Successful Borrower
U02113,26,High School,Student,3528.0,2,A02113,5,rent,5,0.46,highschool,1663.0,0.55,0.1,85,0.71,0.36,0.55,0,0,0,1,1,0.0416,0.344,0,Successful Borrower
U02114,24,Bachelor's,Employed,4963.0,1,A02114,46,rent,4,0.58,bachelor,1961.0,0.58,0.09,172,0.85,0.29,0.37,0,0,0,2,0,0.0505,0.231,0,Successful Borrower
U02115,22,Master's,Self-Employed,7930.0,3,A02115,45,rent,6,0.63,master,1312.0,0.58,0.14,210,0.95,0.07,0.23,0,0,0,3,1,0.1151,0.1135,0,Successful Borrower
U02116,20,Master's,Employed,8030.0,2,A02116,35,owner,4,0.57,master,3232.0,0.55,0.02,206,0.92,0.12,0.22,0,0,0,3,1,0.123,0.116,0,Successful Borrower
U02117,25,Diploma,Employed,9065.0,2,A02117,30,none,3,0.52,cert,1887.0,0.64,0.05,270,0.89,0.16,0.29,0,0,0,2,1,0.2037,0.1585,1,Defaulted
U02118,23,High School,Unemployed,3245.0,2,A02118,1,none,1,0.62,highschool,1110.0,0.44,0.17,86,0.7,0.41,0.38,0,0,1,2,0,0.0237,0.328,0,Successful Borrower
U02119,21,Bachelor's,Unemployed,1911.0,2,A02119,4,rent,9,0.35,bachelor,373.0,0.72,0.14,101,0.84,0.32,0.38,0,0,0,1,0,0.0759,0.252,0,Successful Borrower
U02120,22,Bachelor's,Employed,5980.0,1,A02120,36,owner,2,0.43,bachelor,1770.0,0.75,0.03,183,0.97,0.26,0.17,0,0,0,3,0,0.1366,0.1225,0,Successful Borrower
U02121,21,Master's,Employed,8117.0,2,A02121,43,rent,7,0.56,master,2007.0,0.53,0.02,193,0.96,0.21,0.05,0,0,0,2,0,0.0,0.082,0,Successful Borrower
U02122,23,Master's,Employed,7957.0,3,A02122,39,rent,24,0.58,master,2634.0,0.68,0.07,207,0.9,0.21,0.37,0,0,0,3,0,0.023,0.1905,0,Successful Borrower
U02123,25,Master's,Employed,7838.0,1,A02123,44,rent,16,0.62,master,2604.0,0.55,0.11,191,0.57,0.43,0.53,0,0,0,3,1,0.2197,0.407,0,Successful Borrower
U02124,21,Bachelor's,Student,3101.0,2,A02124,3,rent,14,0.65,bachelor,1686.0,0.75,0.12,110,0.67,0.36,0.33,0,0,0,3,0,0.2326,0.306,1,Defaulted
U02125,26,Bachelor's,Employed,7621.0,3,A02125,23,rent,16,0.58,bachelor,2570.0,0.75,0.04,177,0.91,0.21,0.23,0,0,0,2,0,0.0648,0.1475,0,Successful Borrower
U02126,23,Bachelor's,Employed,9302.0,2,A02126,20,owner,1,0.68,bachelor,2589.0,0.57,0.06,244,0.88,0.28,0.21,0,0,0,3,1,0.0371,0.1735,0,Successful Borrower
U02127,21,Diploma,Employed,6126.0,1,A02127,34,owner,2,0.5,cert,1899.0,0.59,0.07,173,0.8,0.26,0.33,0,0,0,3,0,0.1637,0.228,0,Successful Borrower
U02128,25,Bachelor's,Employed,7590.0,1,A02128,40,owner,3,0.7,bachelor,1527.0,0.75,0.02,280,1.0,0.13,0.12,0,0,0,2,0,0.1215,0.0655,0,Successful Borrower
U02129,20,Bachelor's,Unemployed,2210.0,2,A02129,5,rent,13,0.41,bachelor,753.0,0.66,0.12,110,0.75,0.42,0.32,0,0,0,3,0,0.1055,0.2905,1,Defaulted
U02130,21,Bachelor's,Employed,8837.0,1,A02130,42,rent,8,0.61,bachelor,5633.0,0.64,0.12,128,0.66,0.42,0.54,0,0,0,2,0,0.0474,0.377,1,Defaulted
U02131,21,Diploma,Employed,8315.0,2,A02131,26,rent,6,0.53,cert,1705.0,0.43,0.03,274,0.94,0.14,0.17,0,0,0,3,0,0.0884,0.103,0,Successful Borrower
U02132,26,Bachelor's,Employed,10110.0,2,A02132,57,none,4,0.63,bachelor,3458.0,0.3,0.05,216,0.92,0.23,0.29,0,0,0,3,0,0.0415,0.1655,0,Successful Borrower
U02133,22,Master's,Employed,8964.0,3,A02133,51,rent,17,0.7,master,3871.0,0.51,0.08,202,0.86,0.25,0.27,0,0,0,1,1,0.0191,0.191,0,Successful Borrower
U02134,20,Bachelor's,Employed,6033.0,1,A02134,6,rent,22,0.65,bachelor,2684.0,0.59,0.06,122,0.79,0.21,0.35,0,0,0,2,0,0.0,0.2225,0,Successful Borrower
U02135,24,High School,Employed,7760.0,1,A02135,21,rent,13,0.41,highschool,3443.0,0.54,0.1,128,0.77,0.31,0.5,0,0,0,2,1,0.0,0.298,0,Successful Borrower
U02136,23,Diploma,Self-Employed,8009.0,2,A02136,5,rent,11,0.59,cert,3824.0,0.65,0.13,116,0.92,0.12,0.25,0,0,0,3,0,0.069,0.14,0,Successful Borrower
U02137,22,Diploma,Employed,9749.0,1,A02137,29,none,1,0.75,cert,2336.0,0.62,0.03,275,0.92,0.19,0.33,0,0,0,3,1,0.1129,0.1625,0,Successful Borrower
U02138,21,Bachelor's,Self-Employed,11948.0,3,A02138,51,owner,3,0.4,bachelor,4086.0,0.62,0.17,231,0.69,0.3,0.46,0,0,0,2,1,0.18,0.324,0,Successful Borrower
U02139,25,Master's,Employed,8513.0,3,A02139,50,owner,0,0.6,master,1761.0,0.57,0.06,217,1.0,0.09,0.19,0,0,1,3,0,0.1649,0.079,0,Successful Borrower
U02140,25,Bachelor's,Student,3758.0,3,A02140,0,none,2,0.4,bachelor,2320.0,0.72,0.14,90,0.65,0.37,0.56,0,0,0,2,0,0.0993,0.376,0,Successful Borrower
U02141,26,Diploma,Employed,8984.0,3,A02141,41,none,0,0.42,cert,2651.0,0.53,0.08,145,0.8,0.22,0.33,0,0,0,3,0,0.0277,0.2195,0,Successful Borrower
U02142,22,High School,Student,3548.0,3,A02142,11,rent,12,0.58,highschool,1237.0,0.67,0.02,116,0.83,0.19,0.38,0,0,0,2,0,0.0032,0.205,1,Defaulted
U02143,23,High School,Unemployed,2602.0,1,A02143,6,none,4,0.34,highschool,1275.0,0.67,0.15,35,0.74,0.4,0.32,0,0,0,3,0,0.1489,0.2935,0,Successful Borrower
U02144,22,Bachelor's,Employed,10983.0,3,A02144,11,rent,14,0.53,bachelor,3658.0,0.45,0.11,264,0.72,0.26,0.44,0,0,0,2,0,0.1784,0.2895,1,Defaulted
U02145,26,Master's,Student,4217.0,3,A02145,2,rent,8,0.66,master,1992.0,0.61,0.1,53,0.78,0.36,0.38,0,0,0,1,1,0.1299,0.277,1,Defaulted
U02146,26,Bachelor's,Self-Employed,11150.0,1,A02146,38,rent,12,0.65,bachelor,2496.0,0.42,0.1,241,0.89,0.19,0.23,0,0,0,3,0,0.0,0.1585,0,Successful Borrower
U02147,26,Bachelor's,Self-Employed,8952.0,3,A02147,55,rent,22,0.49,bachelor,3304.0,0.58,0.11,243,0.78,0.28,0.34,0,0,0,1,0,0.08,0.2485,0,Successful Borrower
U02148,20,Bachelor's,Employed,8844.0,3,A02148,31,rent,4,0.48,bachelor,1989.0,0.61,0.02,222,0.96,0.18,0.12,0,0,0,2,0,0.0619,0.092,0,Successful Borrower
U02149,21,Bachelor's,Self-Employed,9054.0,2,A02149,31,owner,2,0.38,bachelor,2727.0,0.5,0.21,181,0.59,0.42,0.62,0,0,1,2,2,0.1062,0.435,0,Successful Borrower
U02150,26,Diploma,Employed,7278.0,1,A02150,7,rent,14,0.69,cert,2907.0,0.58,0.07,220,0.79,0.34,0.44,0,0,0,3,1,0.0011,0.279,0,Successful Borrower
U02151,23,Bachelor's,Student,3778.0,3,A02151,7,none,0,0.5,bachelor,1128.0,0.41,0.1,35,0.75,0.28,0.37,0,0,0,2,0,0.0,0.265,0,Successful Borrower
U02152,20,Bachelor's,Employed,10231.0,2,A02152,59,owner,3,0.31,bachelor,2550.0,0.56,0.03,263,0.94,0.12,0.18,0,0,0,2,1,0.1012,0.1005,0,Successful Borrower
U02153,23,Bachelor's,Self-Employed,8821.0,2,A02153,43,none,1,0.42,bachelor,2776.0,0.73,0.13,195,0.81,0.19,0.29,0,0,0,3,1,0.1227,0.206,0,Successful Borrower
U02154,22,Bachelor's,Self-Employed,10996.0,2,A02154,43,rent,20,0.49,bachelor,5585.0,0.54,0.16,178,0.7,0.36,0.52,0,0,0,2,1,0.024,0.349,1,Defaulted
U02155,25,Diploma,Employed,8315.0,2,A02155,25,owner,3,0.6,cert,3865.0,0.43,0.07,149,0.67,0.45,0.49,0,0,0,2,2,0.1522,0.361,0,Successful Borrower
U02156,21,Bachelor's,Self-Employed,5219.0,2,A02156,26,rent,20,0.3,bachelor,3416.0,0.72,0.28,0,0.56,0.51,0.73,0,0,0,1,3,0.0682,0.506,1,Defaulted
U02157,22,Diploma,Self-Employed,7783.0,1,A02157,36,rent,19,0.62,cert,2157.0,0.54,0.14,158,0.88,0.23,0.33,0,0,0,3,0,0.0857,0.203,0,Successful Borrower
U02158,20,Bachelor's,Unemployed,2071.0,2,A02158,0,rent,6,0.34,bachelor,1001.0,0.75,0.17,85,0.69,0.39,0.41,0,0,0,2,1,0.015,0.334,0,Successful Borrower
U02159,25,Diploma,Employed,7532.0,2,A02159,60,rent,5,0.52,cert,2809.0,0.51,0.13,144,0.63,0.48,0.56,0,0,0,2,1,0.0116,0.409,1,Defaulted
U02160,22,PhD,Employed,6541.0,3,A02160,42,rent,21,0.55,phd,1251.0,0.59,0.09,216,0.82,0.24,0.36,0,0,0,3,1,0.1569,0.2265,1,Defaulted
U02161,25,Bachelor's,Student,3444.0,3,A02161,10,none,4,0.47,bachelor,844.0,0.57,0.04,69,0.86,0.29,0.26,0,0,0,2,0,0.0402,0.1925,0,Successful Borrower
U02162,21,Diploma,Self-Employed,6449.0,2,A02162,26,rent,21,0.64,cert,2150.0,0.72,0.11,157,0.8,0.25,0.36,0,0,0,2,1,0.0038,0.239,0,Successful Borrower
U02163,26,PhD,Employed,9026.0,2,A02163,14,owner,3,0.76,phd,4995.0,0.59,0.12,92,0.68,0.37,0.53,0,0,0,3,0,0.1148,0.355,0,Successful Borrower
U02164,20,Bachelor's,Employed,7163.0,2,A02164,32,rent,12,0.65,bachelor,1907.0,0.73,0.05,192,0.96,0.18,0.27,0,0,0,1,1,0.1678,0.134,0,Successful Borrower
U02165,22,Bachelor's,Self-Employed,7265.0,2,A02165,44,owner,3,0.45,bachelor,2598.0,0.53,0.16,188,0.69,0.39,0.43,0,0,0,3,0,0.1588,0.3375,0,Successful Borrower
U02166,22,Bachelor's,Employed,6568.0,2,A02166,56,rent,16,0.33,bachelor,891.0,0.71,0.02,188,0.93,0.25,0.17,0,0,0,2,2,0.1501,0.1325,0,Successful Borrower
U02167,22,Bachelor's,Self-Employed,8794.0,3,A02167,11,owner,3,0.65,bachelor,5388.0,0.69,0.26,21,0.63,0.43,0.56,0,0,0,1,1,0.0982,0.416,0,Successful Borrower
U02168,22,Diploma,Employed,8021.0,2,A02168,14,owner,0,0.3,cert,3244.0,0.69,0.02,180,0.8,0.25,0.42,0,0,0,3,1,0.03,0.2405,0,Successful Borrower
U02169,21,Master's,Employed,8633.0,2,A02169,28,rent,17,0.45,master,3016.0,0.65,0.03,234,0.92,0.24,0.11,0,0,0,3,1,0.1108,0.12,0,Successful Borrower
U02170,23,Bachelor's,Self-Employed,7098.0,3,A02170,47,owner,2,0.64,bachelor,3174.0,0.58,0.21,105,0.65,0.36,0.57,0,0,0,3,2,0.0617,0.3865,0,Successful Borrower
U02171,24,Master's,Self-Employed,11046.0,1,A02171,42,owner,1,0.37,master,4114.0,0.49,0.16,240,0.78,0.29,0.37,0,0,0,3,2,0.1585,0.266,0,Successful Borrower
U02172,21,Diploma,Employed,8975.0,2,A02172,15,rent,4,0.32,cert,2476.0,0.64,0.09,152,0.91,0.23,0.29,0,0,0,1,2,0.1136,0.175,0,Successful Borrower
U02173,25,High School,Student,2848.0,2,A02173,0,rent,5,0.48,highschool,1440.0,0.67,0.07,0,0.62,0.45,0.5,0,0,0,2,1,0.1586,0.381,0,Successful Borrower
U02174,22,Diploma,Employed,8555.0,2,A02174,29,owner,3,0.72,cert,1568.0,0.52,0.05,239,0.89,0.18,0.23,0,0,0,3,0,0.1058,0.1485,0,Successful Borrower
U02175,23,Bachelor's,Student,3258.0,2,A02175,10,rent,21,0.32,bachelor,1924.0,0.68,0.2,56,0.63,0.43,0.39,0,0,0,2,1,0.1236,0.3645,0,Successful Borrower
U02176,23,Diploma,Employed,10389.0,3,A02176,59,rent,6,0.67,cert,2475.0,0.61,0.05,236,0.89,0.25,0.3,0,0,0,3,1,0.1455,0.1835,0,Successful Borrower
U02177,25,Bachelor's,Employed,8955.0,1,A02177,45,rent,11,0.73,bachelor,3027.0,0.57,0.11,233,0.94,0.13,0.28,0,0,0,3,1,0.0027,0.14,0,Successful Borrower
U02178,24,Diploma,Student,3182.0,1,A02178,3,rent,12,0.55,cert,1594.0,0.83,0.04,104,0.88,0.25,0.24,0,0,0,3,0,0.0,0.1705,0,Successful Borrower
U02179,20,High School,Self-Employed,8304.0,2,A02179,38,rent,10,0.7,highschool,3775.0,0.5,0.14,101,0.76,0.32,0.52,0,0,0,1,1,0.0,0.315,0,Successful Borrower
U02180,23,High School,Employed,8677.0,3,A02180,6,rent,21,0.63,highschool,3308.0,0.7,0.07,255,0.95,0.18,0.28,0,0,0,2,1,0.0843,0.143,0,Successful Borrower
U02181,20,Master's,Self-Employed,8222.0,2,A02181,18,rent,14,0.63,master,4098.0,0.37,0.21,140,0.68,0.36,0.46,0,0,0,2,1,0.0,0.3485,0,Successful Borrower
U02182,22,PhD,Student,2329.0,1,A02182,4,none,2,0.57,phd,1510.0,0.62,0.06,68,0.74,0.38,0.41,0,0,0,1,1,0.0657,0.2975,0,Successful Borrower
U02183,22,High School,Employed,7683.0,3,A02183,9,rent,4,0.69,highschool,4928.0,0.59,0.15,125,0.64,0.41,0.36,0,0,0,2,0,0.1058,0.341,0,Successful Borrower
U02184,25,Bachelor's,Self-Employed,8199.0,2,A02184,46,none,1,0.38,bachelor,2881.0,0.45,0.15,111,0.73,0.33,0.41,0,0,0,2,0,0.0637,0.302,1,Defaulted
U02185,21,Bachelor's,Student,4716.0,3,A02185,3,rent,9,0.44,bachelor,1807.0,0.64,0.1,165,0.75,0.39,0.25,0,0,0,3,1,0.0,0.2625,1,Defaulted
U02186,21,High School,Unemployed,3791.0,3,A02186,2,owner,4,0.71,highschool,1767.0,0.56,0.13,116,0.78,0.37,0.38,0,0,0,1,1,0.0699,0.284,1,Defaulted
U02187,26,Bachelor's,Employed,7643.0,3,A02187,38,rent,22,0.45,bachelor,2625.0,0.62,0.04,188,0.93,0.15,0.04,0,0,0,2,0,0.1293,0.078,0,Successful Borrower
U02188,20,Bachelor's,Employed,7259.0,3,A02188,45,rent,23,0.57,bachelor,2397.0,0.61,0.02,193,1.0,0.15,0.11,0,0,0,3,1,0.0768,0.068,0,Successful Borrower
U02189,24,Bachelor's,Employed,10009.0,2,A02189,22,owner,1,0.37,bachelor,1925.0,0.49,0.07,264,0.91,0.22,0.19,0,0,0,3,1,0.1577,0.1445,0,Successful Borrower
U02190,24,Bachelor's,Employed,8483.0,2,A02190,14,rent,6,0.69,bachelor,2271.0,0.68,0.04,196,0.86,0.31,0.35,0,0,0,2,1,0.0,0.22,0,Successful Borrower
U02191,21,Master's,Employed,9838.0,3,A02191,57,none,1,0.55,master,4424.0,0.59,0.11,201,0.73,0.32,0.41,0,0,0,3,0,0.2565,0.2935,0,Successful Borrower
U02192,25,Master's,Employed,7445.0,2,A02192,7,owner,4,0.49,master,2591.0,0.62,0.11,165,0.79,0.23,0.38,0,0,0,2,0,0.1833,0.2425,0,Successful Borrower
U02193,21,PhD,Employed,6907.0,2,A02193,34,rent,8,0.44,phd,1821.0,0.64,0.08,149,0.8,0.28,0.3,0,0,0,3,0,0.0683,0.227,0,Successful Borrower
U02194,22,Master's,Employed,7343.0,3,A02194,57,none,4,0.45,master,2622.0,0.53,0.08,154,0.94,0.2,0.21,0,0,0,2,1,0.1161,0.1355,0,Successful Borrower
U02195,20,Diploma,Employed,5693.0,3,A02195,58,rent,24,0.51,cert,2228.0,0.64,0.07,111,0.89,0.16,0.29,0,0,0,2,0,0.1561,0.1615,0,Successful Borrower
U02196,23,Bachelor's,Employed,9572.0,3,A02196,37,owner,2,0.51,bachelor,4107.0,0.69,0.07,236,0.79,0.3,0.39,0,0,0,3,0,0.0337,0.2565,0,Successful Borrower
U02197,21,Diploma,Self-Employed,9626.0,3,A02197,6,owner,4,0.43,cert,4335.0,0.63,0.19,152,0.67,0.42,0.54,0,0,0,3,1,0.0845,0.384,1,Defaulted
U02198,21,Bachelor's,Student,3499.0,3,A02198,10,rent,8,0.73,bachelor,2109.0,0.55,0.14,65,0.72,0.28,0.33,0,0,0,3,0,0.0715,0.2715,0,Successful Borrower
U02199,26,Diploma,Employed,8609.0,1,A02199,23,rent,8,0.52,cert,4734.0,0.66,0.13,165,0.62,0.31,0.61,0,0,0,3,1,0.1169,0.3825,0,Successful Borrower
U02200,23,Diploma,Self-Employed,7956.0,1,A02200,12,rent,17,0.34,cert,3656.0,0.55,0.19,155,0.71,0.27,0.45,0,0,0,2,0,0.0326,0.31,0,Successful Borrower
U02201,22,Bachelor's,Unemployed,3006.0,1,A02201,2,none,0,0.62,bachelor,2164.0,0.71,0.24,24,0.63,0.52,0.62,0,0,0,1,2,0.0,0.4505,0,Successful Borrower
U02202,20,High School,Student,2098.0,2,A02202,4,rent,13,0.46,highschool,510.0,0.56,0.06,88,0.82,0.25,0.29,0,0,0,2,0,0.067,0.207,0,Successful Borrower
U02203,21,Bachelor's,Employed,6530.0,2,A02203,14,rent,15,0.73,bachelor,2749.0,0.66,0.07,154,0.91,0.22,0.21,0,0,0,3,1,0.2313,0.1495,0,Successful Borrower
U02204,24,Bachelor's,Self-Employed,8887.0,2,A02204,27,none,3,0.36,bachelor,2472.0,0.51,0.15,209,0.79,0.32,0.39,0,0,0,3,0,0.0354,0.2735,0,Successful Borrower
U02205,25,High School,Employed,8507.0,2,A02205,26,owner,2,0.42,highschool,3600.0,0.65,0.09,215,0.81,0.22,0.39,0,0,0,2,0,0.0284,0.2325,0,Successful Borrower
U02206,24,Master's,Unemployed,3195.0,1,A02206,2,rent,19,0.64,master,2330.0,0.5,0.21,55,0.56,0.59,0.67,0,0,0,0,3,0.0552,0.5005,0,Successful Borrower
U02207,23,Bachelor's,Student,3159.0,3,A02207,3,rent,20,0.45,bachelor,1633.0,0.59,0.12,89,0.87,0.2,0.37,0,0,0,2,1,0.0,0.206,1,Defaulted
U02208,25,Bachelor's,Employed,8612.0,3,A02208,33,rent,4,0.5,bachelor,3170.0,0.7,0.03,241,0.82,0.28,0.43,0,0,0,1,1,0.0329,0.245,0,Successful Borrower
U02209,24,Bachelor's,Employed,8362.0,3,A02209,42,none,0,0.3,bachelor,2700.0,0.54,0.1,169,0.76,0.37,0.46,0,0,0,3,0,0.1205,0.3065,0,Successful Borrower
U02210,25,Bachelor's,Employed,12262.0,1,A02210,58,owner,4,0.55,bachelor,5332.0,0.45,0.15,225,0.69,0.44,0.5,0,0,0,2,1,0.1441,0.366,1,Defaulted
U02211,24,Bachelor's,Self-Employed,5329.0,1,A02211,55,rent,19,0.62,bachelor,2116.0,0.71,0.19,113,0.85,0.29,0.41,0,0,0,3,1,0.0943,0.256,0,Successful Borrower
U02212,26,Diploma,Student,5468.0,2,A02212,11,rent,24,0.44,cert,2571.0,0.56,0.07,119,0.73,0.29,0.4,0,0,0,3,1,0.0524,0.2775,0,Successful Borrower
U02213,20,Bachelor's,Unemployed,1484.0,2,A02213,5,rent,15,0.6,bachelor,1422.0,0.58,0.3,0,0.56,0.75,0.68,0,0,0,2,1,0.1135,0.5565,0,Successful Borrower
U02214,24,Bachelor's,Employed,5296.0,2,A02214,23,rent,19,0.6,bachelor,3159.0,0.71,0.1,66,0.73,0.4,0.65,0,0,0,2,1,0.0613,0.372,0,Successful Borrower
U02215,26,Bachelor's,Student,4495.0,1,A02215,11,owner,4,0.57,bachelor,2655.0,0.56,0.19,19,0.6,0.5,0.52,0,0,0,1,1,0.0,0.4235,1,Defaulted
U02216,24,High School,Employed,7299.0,1,A02216,43,rent,11,0.67,highschool,2243.0,0.61,0.05,186,0.87,0.18,0.31,0,0,0,2,1,0.104,0.1755,0,Successful Borrower
U02217,21,High School,Self-Employed,10052.0,3,A02217,5,rent,22,0.62,highschool,4058.0,0.6,0.15,200,0.79,0.23,0.39,0,0,0,3,0,0.0963,0.251,0,Successful Borrower
U02218,23,Diploma,Employed,10777.0,3,A02218,39,owner,1,0.62,cert,2614.0,0.4,0.06,249,0.94,0.18,0.26,0,0,0,3,0,0.1077,0.14,0,Successful Borrower
U02219,22,Bachelor's,Student,5232.0,3,A02219,7,rent,10,0.55,bachelor,2683.0,0.53,0.19,34,0.68,0.42,0.5,0,0,0,1,0,0.1121,0.3705,1,Defaulted
U02220,21,Master's,Employed,8552.0,2,A02220,48,rent,14,0.59,master,2240.0,0.55,0.1,207,0.77,0.29,0.36,0,0,0,3,0,0.169,0.258,0,Successful Borrower
U02221,23,Diploma,Student,3763.0,3,A02221,0,rent,14,0.3,cert,656.0,0.7,0.06,141,0.94,0.24,0.24,0,0,0,3,0,0.0917,0.15,1,Defaulted
U02222,20,Diploma,Student,2570.0,1,A02222,6,rent,14,0.5,cert,1627.0,0.65,0.25,3,0.57,0.54,0.58,0,0,0,1,3,0.1383,0.468,1,Defaulted
U02223,21,Bachelor's,Student,3272.0,2,A02223,12,rent,11,0.57,bachelor,2092.0,0.59,0.11,0,0.68,0.53,0.59,1,1,0,1,2,0.0158,0.4085,1,Defaulted
U02224,20,Bachelor's,Student,2928.0,3,A02224,9,owner,2,0.68,bachelor,1378.0,0.71,0.07,28,0.83,0.28,0.35,0,0,0,2,0,0.0,0.2275,0,Successful Borrower
U02225,22,Bachelor's,Employed,7863.0,2,A02225,25,rent,7,0.52,bachelor,2285.0,0.62,0.08,137,0.82,0.28,0.22,0,0,0,3,0,0.0559,0.2,0,Successful Borrower
U02226,20,Master's,Employed,5318.0,3,A02226,42,owner,2,0.32,master,2769.0,0.77,0.16,156,0.74,0.33,0.54,0,0,0,2,1,0.146,0.3325,1,Defaulted
U02227,22,Bachelor's,Student,3007.0,2,A02227,3,rent,13,0.46,bachelor,1600.0,0.73,0.1,88,0.75,0.39,0.32,0,0,0,2,1,0.0461,0.28,0,Successful Borrower
U02228,21,Master's,Student,5017.0,3,A02228,11,rent,22,0.3,master,2404.0,0.66,0.07,133,0.78,0.3,0.39,0,0,0,3,1,0.2459,0.26,0,Successful Borrower
U02229,21,Bachelor's,Employed,11261.0,3,A02229,39,owner,0,0.45,bachelor,3218.0,0.38,0.03,306,0.8,0.35,0.32,0,0,0,3,1,0.0985,0.242,1,Defaulted
U02230,21,Bachelor's,Employed,5086.0,2,A02230,29,rent,21,0.46,bachelor,2169.0,0.62,0.15,155,0.8,0.2,0.26,0,0,0,3,1,0.1432,0.2075,0,Successful Borrower
U02231,22,Master's,Employed,7347.0,3,A02231,34,rent,6,0.32,master,2204.0,0.68,0.04,211,0.91,0.24,0.25,0,0,0,3,1,0.137,0.16,0,Successful Borrower
U02232,24,Master's,Student,3733.0,2,A02232,12,rent,5,0.36,master,1540.0,0.54,0.09,56,0.67,0.42,0.43,0,0,0,2,1,0.2159,0.3415,1,Defaulted
U02233,22,Bachelor's,Employed,8049.0,2,A02233,34,rent,9,0.49,bachelor,2144.0,0.61,0.03,204,1.0,0.05,0.0,0,0,0,3,1,0.0957,0.017,0,Successful Borrower
U02234,22,Master's,Employed,9226.0,1,A02234,53,rent,5,0.92,master,4656.0,0.58,0.1,149,0.75,0.38,0.49,0,0,0,3,0,0.0446,0.32,1,Defaulted
U02235,21,Bachelor's,Employed,11076.0,2,A02235,39,owner,2,0.47,bachelor,6025.0,0.68,0.15,199,0.69,0.42,0.53,0,0,0,2,1,0.0863,0.3685,0,Successful Borrower
U02236,23,Bachelor's,Employed,8143.0,2,A02236,43,owner,2,0.41,bachelor,2958.0,0.55,0.05,213,0.86,0.2,0.19,0,0,0,3,0,0.1033,0.154,0,Successful Borrower
U02237,20,Bachelor's,Self-Employed,8786.0,2,A02237,4,rent,20,0.32,bachelor,2318.0,0.59,0.08,273,0.99,0.13,0.13,0,0,0,3,0,0.215,0.0805,0,Successful Borrower
U02238,20,High School,Unemployed,2690.0,3,A02238,3,rent,4,0.37,highschool,531.0,0.61,0.12,92,0.8,0.39,0.25,0,0,0,2,0,0.1115,0.248,0,Successful Borrower
U02239,24,Master's,Unemployed,3139.0,2,A02239,6,none,0,0.56,master,2116.0,0.51,0.17,40,0.75,0.37,0.39,0,0,0,1,0,0.0791,0.303,0,Successful Borrower
U02240,21,Bachelor's,Employed,7608.0,3,A02240,47,owner,3,0.5,bachelor,3746.0,0.55,0.11,103,0.79,0.33,0.3,0,0,0,3,0,0.1019,0.2475,0,Successful Borrower
U02241,23,High School,Employed,5534.0,2,A02241,24,none,3,0.64,highschool,2294.0,0.61,0.08,186,0.78,0.28,0.47,0,0,0,2,1,0.1705,0.2765,1,Defaulted
U02242,26,PhD,Self-Employed,10181.0,1,A02242,25,rent,5,0.32,phd,4277.0,0.51,0.18,223,0.86,0.26,0.26,0,0,0,3,0,0.1045,0.206,0,Successful Borrower
U02243,23,Bachelor's,Employed,8405.0,3,A02243,19,owner,4,0.61,bachelor,3829.0,0.68,0.1,182,0.77,0.27,0.44,0,0,0,3,0,0.0279,0.273,1,Defaulted
U02244,23,Bachelor's,Student,4180.0,1,A02244,7,rent,19,0.34,bachelor,2090.0,0.4,0.04,64,0.78,0.31,0.33,0,0,0,1,1,0.0,0.243,0,Successful Borrower
U02245,23,Diploma,Student,3780.0,3,A02245,8,rent,17,0.56,cert,1514.0,0.69,0.08,103,0.8,0.29,0.29,0,0,0,2,0,0.2169,0.227,0,Successful Borrower
U02246,23,Diploma,Unemployed,2395.0,2,A02246,0,rent,4,0.3,cert,892.0,0.66,0.15,21,0.62,0.43,0.48,0,1,0,2,0,0.0628,0.383,1,Defaulted
U02247,26,Master's,Employed,8141.0,1,A02247,31,rent,12,0.67,master,2446.0,0.57,0.06,172,0.89,0.21,0.36,0,0,0,3,0,0.0087,0.19,0,Successful Borrower
U02248,25,Bachelor's,Self-Employed,9128.0,3,A02248,21,owner,3,0.57,bachelor,3627.0,0.52,0.2,213,0.67,0.29,0.4,0,0,0,2,0,0.1265,0.318,0,Successful Borrower
U02249,20,Bachelor's,Student,3977.0,2,A02249,11,rent,6,0.51,bachelor,1228.0,0.76,0.05,100,0.81,0.28,0.34,0,0,0,2,0,0.2059,0.229,0,Successful Borrower
U02250,22,High School,Employed,9375.0,1,A02250,6,owner,1,0.44,highschool,4513.0,0.63,0.14,149,0.68,0.38,0.48,0,0,0,3,0,0.1687,0.348,1,Defaulted
U02251,26,Master's,Employed,7992.0,2,A02251,18,owner,2,0.76,master,2771.0,0.55,0.09,189,0.81,0.23,0.35,0,0,0,2,1,0.0167,0.225,0,Successful Borrower
U02252,23,PhD,Unemployed,2686.0,1,A02252,1,none,3,0.45,phd,1112.0,0.6,0.13,93,0.74,0.43,0.3,0,0,0,3,0,0.0772,0.293,1,Defaulted
U02253,23,Master's,Employed,5275.0,3,A02253,29,rent,6,0.62,master,2458.0,0.69,0.04,133,0.8,0.29,0.37,0,0,0,2,1,0.0,0.241,0,Successful Borrower
U02254,23,Bachelor's,Employed,9211.0,2,A02254,41,owner,3,0.36,bachelor,3167.0,0.48,0.08,206,0.79,0.36,0.36,0,0,0,3,0,0.1316,0.2655,0,Successful Borrower
U02255,23,Bachelor's,Student,1797.0,3,A02255,9,none,2,0.38,bachelor,604.0,0.55,0.04,36,0.68,0.48,0.43,0,0,0,1,1,0.1512,0.3455,1,Defaulted
U02256,21,Diploma,Student,3514.0,3,A02256,9,rent,4,0.44,cert,1650.0,0.65,0.09,91,0.71,0.33,0.36,0,0,0,3,1,0.1456,0.2875,0,Successful Borrower
U02257,20,PhD,Employed,9216.0,2,A02257,47,owner,3,0.65,phd,4152.0,0.54,0.04,204,0.88,0.21,0.34,0,0,0,2,1,0.0,0.1855,0,Successful Borrower
U02258,23,Bachelor's,Student,3690.0,1,A02258,12,rent,24,0.39,bachelor,2525.0,0.62,0.1,24,0.8,0.31,0.42,0,0,0,1,0,0.1053,0.2675,0,Successful Borrower
U02259,26,Bachelor's,Employed,9269.0,2,A02259,27,rent,4,0.52,bachelor,2930.0,0.64,0.06,211,0.83,0.32,0.33,0,0,1,3,1,0.1501,0.231,0,Successful Borrower
U02260,21,Bachelor's,Employed,7569.0,2,A02260,21,rent,11,0.74,bachelor,3593.0,0.6,0.05,109,0.88,0.25,0.25,0,0,0,2,0,0.0183,0.1745,0,Successful Borrower
U02261,24,Bachelor's,Employed,6936.0,2,A02261,7,rent,12,0.64,bachelor,3301.0,0.49,0.08,177,0.91,0.25,0.25,0,0,0,3,1,0.141,0.1685,0,Successful Borrower
U02262,22,High School,Unemployed,2532.0,1,A02262,3,rent,16,0.74,highschool,1774.0,0.53,0.15,96,0.74,0.45,0.46,0,0,0,3,0,0.1504,0.341,1,Defaulted
U02263,20,Bachelor's,Employed,8157.0,2,A02263,36,rent,16,0.57,bachelor,5012.0,0.58,0.18,118,0.6,0.47,0.61,0,0,0,3,1,0.1157,0.437,1,Defaulted
U02264,23,Master's,Student,3464.0,1,A02264,9,rent,21,0.53,master,1655.0,0.68,0.15,71,0.75,0.34,0.45,0,0,0,2,0,0.1326,0.3075,1,Defaulted
U02265,26,Bachelor's,Employed,9789.0,1,A02265,29,rent,20,0.36,bachelor,3202.0,0.61,0.11,223,0.7,0.35,0.51,0,0,0,3,0,0.1459,0.3365,1,Defaulted
U02266,21,Master's,Employed,7519.0,2,A02266,7,rent,6,0.72,master,3362.0,0.59,0.09,108,0.86,0.29,0.4,0,0,0,1,0,0.0203,0.235,1,Defaulted
U02267,21,Diploma,Student,4143.0,2,A02267,10,rent,14,0.58,cert,1172.0,0.5,0.06,65,0.95,0.22,0.18,0,0,0,3,0,0.0813,0.1265,0,Successful Borrower
U02268,23,Bachelor's,Employed,9776.0,3,A02268,11,rent,24,0.46,bachelor,1592.0,0.58,0.05,311,0.84,0.27,0.28,0,1,0,3,0,0.1132,0.201,1,Defaulted
U02269,26,Bachelor's,Employed,7710.0,3,A02269,33,owner,3,0.42,bachelor,1341.0,0.5,0.03,194,1.0,0.22,0.14,0,0,1,3,1,0.1273,0.0945,0,Successful Borrower
U02270,20,High School,Self-Employed,8690.0,3,A02270,41,none,1,0.45,highschool,1933.0,0.69,0.12,196,0.77,0.3,0.29,0,0,0,1,1,0.1229,0.246,0,Successful Borrower
U02271,22,Bachelor's,Self-Employed,7738.0,2,A02271,25,rent,11,0.3,bachelor,2263.0,0.64,0.11,236,0.95,0.21,0.1,0,1,0,3,0,0.0648,0.1115,0,Successful Borrower
U02272,25,PhD,Student,4246.0,1,A02272,2,none,0,0.54,phd,1552.0,0.66,0.08,116,0.74,0.33,0.45,0,0,0,3,0,0.1019,0.298,0,Successful Borrower
U02273,26,Bachelor's,Self-Employed,10240.0,2,A02273,60,rent,19,0.62,bachelor,3841.0,0.57,0.17,224,0.8,0.19,0.32,0,0,0,3,1,0.0348,0.223,0,Successful Borrower
U02274,25,Master's,Self-Employed,9060.0,2,A02274,42,rent,8,0.3,master,4289.0,0.3,0.23,127,0.62,0.39,0.54,1,0,0,1,2,0.0,0.4,0,Successful Borrower
U02275,25,High School,Student,5541.0,2,A02275,6,rent,24,0.55,highschool,2324.0,0.71,0.04,99,0.88,0.21,0.13,0,0,0,2,0,0.1845,0.133,0,Successful Borrower
U02276,25,Bachelor's,Employed,8647.0,1,A02276,16,rent,19,0.44,bachelor,516.0,0.43,0.02,252,1.0,0.05,0.0,0,0,0,3,1,0.1035,0.0155,0,Successful Borrower
U02277,20,Bachelor's,Student,3498.0,3,A02277,2,rent,4,0.51,bachelor,1447.0,0.76,0.09,95,0.75,0.3,0.37,0,0,0,3,0,0.1201,0.2685,0,Successful Borrower
U02278,23,Bachelor's,Employed,8150.0,2,A02278,40,owner,1,0.32,bachelor,4014.0,0.66,0.06,198,0.83,0.16,0.37,0,0,0,3,0,0.0312,0.201,0,Successful Borrower
U02279,23,Bachelor's,Unemployed,3469.0,2,A02279,0,rent,6,0.78,bachelor,1459.0,0.56,0.09,83,0.94,0.27,0.24,0,0,0,2,0,0.0157,0.162,0,Successful Borrower
U02280,26,High School,Self-Employed,9447.0,2,A02280,39,rent,21,0.5,highschool,4236.0,0.61,0.17,165,0.67,0.35,0.61,0,0,1,3,2,0.1002,0.381,1,Defaulted
U02281,26,Bachelor's,Self-Employed,11148.0,1,A02281,44,owner,3,0.63,bachelor,4889.0,0.46,0.18,213,0.64,0.39,0.56,1,0,0,2,0,0.0337,0.3905,1,Defaulted
U02282,21,Master's,Unemployed,3158.0,2,A02282,2,owner,2,0.5,master,1638.0,0.66,0.16,40,0.72,0.32,0.49,0,0,0,1,0,0.0948,0.3245,0,Successful Borrower
U02283,20,Bachelor's,Employed,7442.0,1,A02283,56,rent,19,0.49,bachelor,3156.0,0.67,0.09,201,0.99,0.1,0.09,0,0,0,3,1,0.1062,0.0645,0,Successful Borrower
U02284,20,High School,Self-Employed,7301.0,2,A02284,53,owner,1,0.3,highschool,3991.0,0.54,0.23,62,0.63,0.37,0.49,0,0,0,2,1,0.1576,0.379,1,Defaulted
U02285,22,High School,Employed,6764.0,2,A02285,34,owner,1,0.5,highschool,4298.0,0.67,0.17,91,0.7,0.39,0.53,0,0,0,2,1,0.0587,0.3605,1,Defaulted
U02286,21,Bachelor's,Self-Employed,5928.0,2,A02286,3,rent,9,0.45,bachelor,907.0,0.63,0.11,230,0.87,0.15,0.2,0,0,0,3,1,0.1229,0.1495,0,Successful Borrower
U02287,25,High School,Employed,10845.0,2,A02287,23,owner,4,0.77,highschool,2813.0,0.45,0.05,283,0.91,0.21,0.22,0,0,0,2,0,0.119,0.1465,0,Successful Borrower
U02288,26,Bachelor's,Student,3897.0,2,A02288,3,rent,24,0.76,bachelor,2745.0,0.48,0.14,32,0.57,0.38,0.58,0,0,0,1,0,0.0944,0.4115,1,Defaulted
U02289,26,Bachelor's,Self-Employed,7999.0,1,A02289,17,owner,1,0.7,bachelor,3850.0,0.81,0.16,182,0.81,0.15,0.39,0,0,0,3,1,0.116,0.2255,0,Successful Borrower
U02290,25,Bachelor's,Employed,9894.0,2,A02290,38,none,3,0.42,bachelor,5129.0,0.61,0.08,142,0.8,0.25,0.42,0,0,0,2,0,0.0674,0.2495,1,Defaulted
U02291,24,PhD,Unemployed,3855.0,2,A02291,4,rent,23,0.44,phd,1757.0,0.45,0.14,78,0.75,0.29,0.39,0,0,0,0,0,0.0,0.2785,0,Successful Borrower
U02292,22,Bachelor's,Self-Employed,4812.0,3,A02292,23,none,2,0.3,bachelor,1958.0,0.57,0.14,114,0.85,0.23,0.28,0,0,0,3,0,0.0289,0.201,0,Successful Borrower
U02293,22,Bachelor's,Self-Employed,12990.0,1,A02293,50,owner,4,0.57,bachelor,3637.0,0.56,0.13,260,0.81,0.22,0.31,0,0,0,2,0,0.1393,0.2185,0,Successful Borrower
U02294,26,Bachelor's,Self-Employed,9149.0,3,A02294,45,rent,18,0.3,bachelor,2724.0,0.7,0.11,163,0.87,0.2,0.21,0,0,0,3,0,0.0458,0.1645,0,Successful Borrower
U02295,24,Bachelor's,Student,4213.0,3,A02295,2,rent,13,0.44,bachelor,1953.0,0.58,0.1,121,0.7,0.33,0.41,0,0,0,3,1,0.0,0.305,0,Successful Borrower
U02296,23,Bachelor's,Employed,10876.0,2,A02296,20,rent,19,0.37,bachelor,5948.0,0.59,0.11,216,0.78,0.29,0.46,0,0,0,3,1,0.0,0.281,1,Defaulted
U02297,21,Bachelor's,Employed,6719.0,2,A02297,54,rent,7,0.46,bachelor,4761.0,0.47,0.13,82,0.69,0.35,0.5,0,0,0,1,0,0.0,0.3405,0,Successful Borrower
U02298,25,Bachelor's,Employed,8850.0,2,A02298,58,rent,19,0.71,bachelor,2864.0,0.46,0.06,185,0.88,0.33,0.34,0,0,0,2,1,0.04,0.2185,0,Successful Borrower
U02299,20,Master's,Self-Employed,8117.0,3,A02299,11,rent,4,0.46,master,2261.0,0.69,0.12,195,0.72,0.34,0.42,0,1,0,2,1,0.0,0.306,0,Successful Borrower
U02300,25,Bachelor's,Employed,9731.0,2,A02300,17,owner,0,0.49,bachelor,3486.0,0.59,0.1,257,0.89,0.26,0.25,0,0,0,2,1,0.1147,0.181,0,Successful Borrower
U02301,26,Diploma,Employed,10404.0,2,A02301,53,owner,4,0.6,cert,4263.0,0.47,0.07,256,0.7,0.35,0.46,0,0,0,3,1,0.1601,0.318,0,Successful Borrower
U02302,23,Master's,Employed,8292.0,2,A02302,50,owner,4,0.49,master,4359.0,0.65,0.16,140,0.59,0.39,0.62,0,0,0,1,1,0.1135,0.42,1,Defaulted
U02303,22,Bachelor's,Self-Employed,9741.0,2,A02303,34,owner,2,0.52,bachelor,5086.0,0.41,0.14,156,0.68,0.38,0.53,0,0,0,3,0,0.1076,0.3605,1,Defaulted
U02304,23,Bachelor's,Employed,9014.0,2,A02304,45,rent,6,0.47,bachelor,2817.0,0.75,0.13,234,0.71,0.31,0.49,0,0,0,3,0,0.0755,0.321,0,Successful Borrower
U02305,20,Bachelor's,Student,4479.0,2,A02305,8,rent,19,0.4,bachelor,2065.0,0.68,0.06,81,0.77,0.33,0.45,0,0,0,1,1,0.0,0.2845,0,Successful Borrower
U02306,26,Bachelor's,Employed,8697.0,2,A02306,37,rent,11,0.55,bachelor,2572.0,0.58,0.07,182,0.84,0.32,0.33,0,0,0,2,1,0.0504,0.229,0,Successful Borrower
U02307,21,High School,Student,4343.0,3,A02307,8,owner,3,0.48,highschool,2866.0,0.63,0.04,76,0.88,0.21,0.08,0,0,0,2,1,0.0964,0.1205,0,Successful Borrower
U02308,21,Bachelor's,Employed,6272.0,2,A02308,36,rent,9,0.46,bachelor,3688.0,0.45,0.14,75,0.69,0.39,0.56,0,0,0,1,1,0.0751,0.367,1,Defaulted
U02309,26,Bachelor's,Student,2601.0,1,A02309,10,none,1,0.72,bachelor,1100.0,0.8,0.06,74,0.9,0.19,0.24,0,0,0,3,0,0.0654,0.1515,0,Successful Borrower
U02310,20,Bachelor's,Employed,7871.0,1,A02310,37,none,2,0.48,bachelor,4291.0,0.76,0.13,160,0.6,0.42,0.54,0,0,0,1,0,0.0026,0.3995,1,Defaulted
U02311,22,Diploma,Unemployed,1883.0,2,A02311,5,rent,17,0.55,cert,1047.0,0.67,0.21,58,0.56,0.49,0.56,0,0,0,1,1,0.0234,0.448,1,Defaulted
U02312,25,Master's,Student,2703.0,2,A02312,6,rent,10,0.45,master,1391.0,0.5,0.15,48,0.66,0.46,0.43,0,0,0,2,0,0.1686,0.364,1,Defaulted
U02313,23,Bachelor's,Employed,7165.0,2,A02313,49,rent,17,0.43,bachelor,3634.0,0.71,0.02,179,0.8,0.32,0.39,0,0,0,1,1,0.0341,0.2505,0,Successful Borrower
U02314,21,PhD,Unemployed,2952.0,2,A02314,0,rent,14,0.67,phd,1735.0,0.6,0.25,61,0.68,0.5,0.47,0,0,0,1,3,0.1397,0.392,1,Defaulted
U02315,21,High School,Employed,8297.0,2,A02315,39,rent,21,0.42,highschool,2489.0,0.61,0.1,248,0.85,0.22,0.26,0,0,0,2,0,0.077,0.1875,0,Successful Borrower
U02316,20,Master's,Employed,7064.0,1,A02316,6,rent,14,0.55,master,2286.0,0.57,0.06,181,0.88,0.21,0.22,0,0,0,2,0,0.0957,0.1585,0,Successful Borrower
U02317,23,Master's,Employed,4559.0,2,A02317,22,rent,4,0.57,master,1826.0,0.53,0.05,109,0.89,0.31,0.3,0,0,0,3,1,0.0644,0.1985,0,Successful Borrower
U02318,24,High School,Employed,8303.0,3,A02318,24,rent,7,0.61,highschool,3125.0,0.43,0.05,166,0.86,0.24,0.36,0,0,0,3,0,0.0865,0.2065,0,Successful Borrower
U02319,26,Bachelor's,Employed,8897.0,3,A02319,45,none,4,0.48,bachelor,4111.0,0.59,0.09,169,0.72,0.3,0.47,0,0,0,3,0,0.0,0.304,0,Successful Borrower
U02320,23,Diploma,Student,4864.0,2,A02320,8,none,1,0.53,cert,2304.0,0.56,0.05,57,0.86,0.24,0.37,0,0,0,0,0,0.0998,0.209,0,Successful Borrower
U02321,23,Bachelor's,Unemployed,2254.0,3,A02321,0,rent,6,0.42,bachelor,878.0,0.55,0.17,47,0.71,0.48,0.54,0,0,0,2,0,0.1627,0.382,0,Successful Borrower
U02322,22,Bachelor's,Employed,9607.0,3,A02322,43,owner,2,0.5,bachelor,2611.0,0.64,0.1,258,0.79,0.33,0.38,0,0,0,2,0,0.0534,0.266,0,Successful Borrower
U02323,20,Bachelor's,Employed,7538.0,3,A02323,31,rent,4,0.46,bachelor,3544.0,0.45,0.13,135,0.72,0.3,0.4,0,0,0,2,1,0.075,0.2925,0,Successful Borrower
U02324,23,Master's,Student,3085.0,2,A02324,0,rent,13,0.44,master,1544.0,0.59,0.05,103,0.92,0.24,0.14,0,0,0,3,1,0.1577,0.1305,0,Successful Borrower
U02325,20,Master's,Self-Employed,11868.0,3,A02325,59,rent,18,0.72,master,4719.0,0.54,0.13,198,0.85,0.19,0.41,0,0,0,3,0,0.0935,0.222,0,Successful Borrower
U02326,20,Master's,Employed,7661.0,2,A02326,13,rent,10,0.52,master,2079.0,0.53,0.09,148,0.8,0.22,0.3,0,0,0,3,0,0.0,0.2135,1,Defaulted
U02327,20,High School,Employed,7383.0,2,A02327,7,none,0,0.68,highschool,2614.0,0.62,0.08,153,0.71,0.35,0.48,0,0,0,3,0,0.1109,0.321,0,Successful Borrower
U02328,26,Master's,Student,4126.0,1,A02328,7,rent,17,0.43,master,2528.0,0.7,0.06,96,0.92,0.19,0.19,0,0,0,3,0,0.1073,0.132,0,Successful Borrower
U02329,22,High School,Employed,9552.0,3,A02329,35,none,2,0.57,highschool,6118.0,0.56,0.15,92,0.71,0.28,0.57,0,0,0,3,1,0.0956,0.3365,0,Successful Borrower
U02330,24,Diploma,Employed,8893.0,2,A02330,43,rent,12,0.58,cert,1510.0,0.41,0.02,202,0.98,0.24,0.06,0,0,0,3,1,0.1167,0.085,0,Successful Borrower
U02331,23,High School,Student,3685.0,1,A02331,10,rent,12,0.54,highschool,1642.0,0.41,0.09,62,0.78,0.36,0.44,0,0,0,1,1,0.1676,0.2905,0,Successful Borrower
U02332,22,Diploma,Unemployed,2568.0,1,A02332,6,rent,4,0.62,cert,1013.0,0.61,0.21,70,0.69,0.47,0.42,0,0,0,2,2,0.1586,0.3625,0,Successful Borrower
U02333,22,Diploma,Employed,8516.0,2,A02333,33,none,2,0.46,cert,2792.0,0.66,0.09,237,0.74,0.37,0.46,0,0,0,3,1,0.0703,0.312,0,Successful Borrower
U02334,23,Bachelor's,Self-Employed,9385.0,1,A02334,50,owner,3,0.53,bachelor,5802.0,0.58,0.24,106,0.56,0.37,0.65,0,0,0,2,2,0.0728,0.445,1,Defaulted
U02335,20,Bachelor's,Student,4628.0,2,A02335,0,rent,9,0.59,bachelor,2280.0,0.54,0.11,76,0.69,0.39,0.4,0,0,0,1,0,0.1069,0.3225,1,Defaulted
U02336,22,Master's,Self-Employed,10727.0,1,A02336,18,rent,20,0.7,master,4271.0,0.49,0.21,166,0.61,0.45,0.47,0,0,0,3,0,0.1534,0.398,1,Defaulted
U02337,25,Bachelor's,Employed,9417.0,2,A02337,18,none,2,0.55,bachelor,5100.0,0.41,0.09,147,0.84,0.29,0.35,0,0,0,2,0,0.062,0.2295,1,Defaulted
U02338,25,Master's,Self-Employed,7205.0,3,A02338,27,owner,3,0.3,master,4041.0,0.45,0.19,139,0.82,0.21,0.44,0,0,0,2,1,0.1079,0.254,0,Successful Borrower
U02339,25,Bachelor's,Student,5829.0,3,A02339,5,owner,3,0.3,bachelor,2293.0,0.61,0.08,78,0.74,0.32,0.52,0,0,0,2,1,0.0988,0.313,0,Successful Borrower
U02340,23,Master's,Employed,8708.0,1,A02340,33,rent,15,0.3,master,3396.0,0.52,0.13,153,0.78,0.35,0.47,0,0,0,2,1,0.2452,0.3015,0,Successful Borrower
U02341,26,Master's,Student,3736.0,1,A02341,8,rent,15,0.58,master,2404.0,0.57,0.18,46,0.69,0.39,0.49,0,0,0,1,0,0.1458,0.3555,1,Defaulted
U02342,24,Bachelor's,Employed,11245.0,2,A02342,38,rent,15,0.35,bachelor,5724.0,0.38,0.06,182,0.91,0.15,0.17,0,0,0,3,0,0.0905,0.1205,0,Successful Borrower
U02343,24,High School,Employed,7399.0,2,A02343,20,rent,9,0.75,highschool,2283.0,0.69,0.05,209,0.95,0.12,0.19,0,0,0,3,0,0.1352,0.1025,0,Successful Borrower
U02344,20,Bachelor's,Unemployed,2813.0,1,A02344,4,rent,24,0.67,bachelor,608.0,0.59,0.08,92,0.88,0.32,0.15,0,0,0,2,0,0.0816,0.1715,0,Successful Borrower
U02345,21,Diploma,Employed,10326.0,3,A02345,16,rent,6,0.58,cert,5117.0,0.49,0.06,173,0.8,0.32,0.33,0,0,0,3,1,0.0799,0.2415,1,Defaulted
U02346,25,High School,Self-Employed,11641.0,2,A02346,53,rent,21,0.44,highschool,3450.0,0.53,0.12,245,0.79,0.27,0.28,0,0,0,3,1,0.0,0.229,0,Successful Borrower
U02347,20,Diploma,Unemployed,2240.0,3,A02347,3,rent,12,0.49,cert,579.0,0.65,0.16,110,0.67,0.49,0.61,0,0,0,2,1,0.0249,0.4145,1,Defaulted
U02348,26,Diploma,Employed,9355.0,1,A02348,26,owner,4,0.54,cert,3792.0,0.71,0.11,246,0.76,0.36,0.49,1,0,0,3,0,0.0599,0.313,0,Successful Borrower
U02349,20,Bachelor's,Student,2517.0,2,A02349,1,rent,11,0.4,bachelor,1967.0,0.76,0.16,25,0.73,0.35,0.43,0,0,0,0,0,0.0226,0.3135,1,Defaulted
U02350,23,Diploma,Student,3679.0,3,A02350,3,rent,14,0.56,cert,1737.0,0.63,0.15,73,0.7,0.41,0.53,0,0,0,1,1,0.0698,0.3625,0,Successful Borrower
U02351,25,Master's,Employed,9745.0,2,A02351,41,rent,8,0.45,master,3493.0,0.46,0.1,296,0.87,0.23,0.25,0,0,0,2,1,0.1868,0.1805,0,Successful Borrower
U02352,24,Master's,Employed,7071.0,2,A02352,24,rent,20,0.53,master,4974.0,0.61,0.16,76,0.61,0.44,0.55,0,0,0,1,1,0.2137,0.408,0,Successful Borrower
U02353,21,High School,Student,3072.0,2,A02353,3,none,1,0.44,highschool,1301.0,0.85,0.05,90,0.69,0.32,0.32,0,0,0,2,1,0.0278,0.276,0,Successful Borrower
U02354,23,Master's,Employed,9645.0,2,A02354,58,none,0,0.48,master,3366.0,0.53,0.03,198,0.89,0.18,0.23,0,0,0,1,0,0.1429,0.1455,0,Successful Borrower
U02355,24,Bachelor's,Self-Employed,8131.0,2,A02355,37,none,3,0.52,bachelor,2656.0,0.68,0.08,137,0.81,0.26,0.35,0,0,0,3,0,0.1137,0.231,0,Successful Borrower
U02356,24,Bachelor's,Student,4368.0,2,A02356,12,rent,10,0.61,bachelor,3237.0,0.66,0.22,49,0.56,0.45,0.68,0,0,0,1,2,0.0369,0.4695,0,Successful Borrower
U02357,25,Master's,Self-Employed,7645.0,2,A02357,31,rent,19,0.57,master,2351.0,0.66,0.16,233,0.92,0.21,0.26,0,0,0,3,1,0.0612,0.1695,0,Successful Borrower
U02358,20,Master's,Student,3513.0,1,A02358,6,none,3,0.53,master,1425.0,0.58,0.11,101,0.68,0.37,0.42,0,0,0,3,0,0.2346,0.326,1,Defaulted
U02359,25,Bachelor's,Employed,8986.0,2,A02359,53,owner,0,0.3,bachelor,4929.0,0.44,0.12,119,0.64,0.35,0.49,0,0,0,2,0,0.0065,0.354,1,Defaulted
U02360,22,Bachelor's,Self-Employed,7997.0,2,A02360,17,rent,17,0.45,bachelor,3488.0,0.53,0.18,135,0.84,0.22,0.37,0,0,0,2,1,0.0299,0.2305,0,Successful Borrower
U02361,25,Master's,Student,4213.0,2,A02361,8,rent,5,0.43,master,1838.0,0.83,0.09,126,0.7,0.29,0.59,0,0,0,3,0,0.1231,0.3385,0,Successful Borrower
U02362,26,Master's,Employed,9899.0,3,A02362,33,none,0,0.34,master,5667.0,0.6,0.13,161,0.74,0.37,0.36,0,0,0,3,0,0.0,0.293,0,Successful Borrower
U02363,23,Master's,Unemployed,2866.0,3,A02363,6,rent,15,0.3,master,1372.0,0.75,0.12,98,0.79,0.28,0.26,0,0,0,3,0,0.1397,0.2265,0,Successful Borrower
U02364,23,Master's,Unemployed,2516.0,1,A02364,0,rent,8,0.71,master,1676.0,0.66,0.13,0,0.67,0.5,0.36,0,0,0,2,2,0.0659,0.35,1,Defaulted
U02365,21,High School,Employed,9823.0,2,A02365,50,owner,2,0.44,highschool,2761.0,0.59,0.02,257,0.97,0.11,0.16,0,0,0,3,0,0.0838,0.081,0,Successful Borrower
U02366,20,PhD,Self-Employed,6881.0,1,A02366,17,rent,10,0.44,phd,2947.0,0.58,0.13,116,0.74,0.29,0.32,0,0,0,2,0,0.0,0.263,0,Successful Borrower
U02367,23,Master's,Self-Employed,5793.0,2,A02367,5,rent,14,0.49,master,1524.0,0.65,0.12,125,0.81,0.2,0.5,0,0,0,2,0,0.0784,0.2595,0,Successful Borrower
U02368,23,Bachelor's,Student,4236.0,3,A02368,7,rent,9,0.61,bachelor,2348.0,0.75,0.13,85,0.67,0.35,0.52,0,0,0,0,0,0.0649,0.3525,1,Defaulted
U02369,21,Master's,Employed,10605.0,3,A02369,33,rent,15,0.45,master,7066.0,0.62,0.2,81,0.58,0.53,0.6,0,0,0,1,3,0.094,0.4595,1,Defaulted
U02370,21,Bachelor's,Employed,6085.0,1,A02370,32,owner,3,0.51,bachelor,3224.0,0.56,0.16,117,0.77,0.33,0.35,0,0,0,2,0,0.1854,0.2745,0,Successful Borrower
U02371,25,Master's,Student,3766.0,3,A02371,0,owner,1,0.35,master,1756.0,0.65,0.06,126,0.92,0.24,0.29,0,0,0,3,0,0.062,0.1695,0,Successful Borrower
U02372,20,Bachelor's,Employed,9197.0,3,A02372,44,none,1,0.46,bachelor,3011.0,0.55,0.1,201,0.87,0.29,0.35,0,0,0,2,0,0.002,0.2205,0,Successful Borrower
U02373,23,Diploma,Unemployed,2769.0,2,A02373,2,rent,19,0.45,cert,1600.0,0.51,0.12,70,0.83,0.26,0.15,0,0,0,2,0,0.047,0.18,0,Successful Borrower
U02374,21,Bachelor's,Unemployed,2051.0,2,A02374,2,rent,10,0.36,bachelor,928.0,0.75,0.13,66,0.67,0.39,0.46,0,0,0,1,0,0.1064,0.3475,0,Successful Borrower
U02375,24,Bachelor's,Unemployed,2799.0,2,A02375,0,owner,4,0.51,bachelor,1359.0,0.65,0.11,61,0.73,0.36,0.44,0,0,0,1,1,0.0587,0.311,0,Successful Borrower
U02376,22,Diploma,Self-Employed,7816.0,2,A02376,49,rent,10,0.48,cert,3286.0,0.33,0.2,142,0.77,0.3,0.5,0,0,0,3,1,0.1352,0.3105,0,Successful Borrower
U02377,24,Bachelor's,Self-Employed,8820.0,2,A02377,39,rent,11,0.3,bachelor,2852.0,0.41,0.19,181,0.7,0.33,0.39,0,0,0,2,1,0.2231,0.3135,1,Defaulted
U02378,25,Bachelor's,Unemployed,3885.0,2,A02378,6,none,4,0.31,bachelor,1267.0,0.49,0.15,117,0.8,0.33,0.33,0,0,0,3,0,0.107,0.2575,0,Successful Borrower
U02379,21,Master's,Unemployed,3642.0,3,A02379,4,none,4,0.69,master,2273.0,0.72,0.16,82,0.64,0.48,0.51,0,0,0,2,1,0.0,0.3975,1,Defaulted
U02380,25,Diploma,Employed,8473.0,3,A02380,12,owner,1,0.3,cert,3858.0,0.48,0.09,134,0.72,0.36,0.39,0,0,0,1,0,0.0065,0.299,0,Successful Borrower
U02381,26,Diploma,Self-Employed,9786.0,2,A02381,46,rent,23,0.49,cert,4448.0,0.68,0.18,203,0.72,0.28,0.46,0,0,0,2,0,0.1012,0.31,0,Successful Borrower
U02382,24,Master's,Employed,7696.0,1,A02382,60,owner,3,0.49,master,2207.0,0.59,0.04,228,0.95,0.3,0.27,0,0,0,3,1,0.0585,0.166,0,Successful Borrower
U02383,24,PhD,Self-Employed,6535.0,2,A02383,21,rent,22,0.52,phd,2714.0,0.65,0.18,173,0.71,0.35,0.49,0,0,0,3,0,0.1265,0.3385,1,Defaulted
U02384,22,Bachelor's,Student,3459.0,2,A02384,9,rent,19,0.3,bachelor,711.0,0.42,0.05,142,0.89,0.28,0.25,0,0,0,2,2,0.1009,0.1785,0,Successful Borrower
U02385,22,Diploma,Employed,7577.0,3,A02385,8,rent,16,0.52,cert,3671.0,0.7,0.07,193,0.76,0.27,0.39,0,0,0,3,0,0.0,0.2595,0,Successful Borrower
U02386,24,Bachelor's,Unemployed,1654.0,1,A02386,1,rent,22,0.49,bachelor,1410.0,0.65,0.19,21,0.58,0.5,0.71,0,0,1,2,2,0.0724,0.478,1,Defaulted
U02387,25,Master's,Student,4709.0,1,A02387,12,none,0,0.47,master,2298.0,0.76,0.11,135,0.7,0.35,0.43,0,0,0,2,0,0.1573,0.3165,1,Defaulted
U02388,21,Bachelor's,Student,4834.0,3,A02388,10,rent,9,0.72,bachelor,1074.0,0.43,0.08,146,0.91,0.23,0.28,0,0,0,3,0,0.1729,0.171,0,Successful Borrower
U02389,23,Bachelor's,Employed,9942.0,1,A02389,57,owner,0,0.49,bachelor,2600.0,0.48,0.09,299,0.89,0.17,0.3,0,0,0,2,1,0.0769,0.1695,0,Successful Borrower
U02390,25,Bachelor's,Student,2769.0,2,A02390,12,none,2,0.55,bachelor,1202.0,0.71,0.15,50,0.63,0.49,0.52,0,0,0,3,1,0.0137,0.4045,1,Defaulted
U02391,25,Bachelor's,Student,3529.0,3,A02391,6,none,0,0.49,bachelor,2377.0,0.63,0.16,0,0.64,0.38,0.6,0,0,0,2,0,0.0491,0.395,1,Defaulted
U02392,24,Bachelor's,Employed,9372.0,2,A02392,58,rent,24,0.38,bachelor,5068.0,0.42,0.14,111,0.72,0.3,0.52,0,0,0,2,0,0.0526,0.324,0,Successful Borrower
U02393,25,Bachelor's,Employed,9130.0,2,A02393,19,rent,7,0.47,bachelor,2559.0,0.63,0.06,165,0.9,0.28,0.3,0,0,0,3,0,0.1412,0.189,0,Successful Borrower
U02394,22,Bachelor's,Employed,8652.0,3,A02394,38,owner,2,0.47,bachelor,3722.0,0.71,0.07,252,0.82,0.26,0.35,0,0,0,3,1,0.1062,0.226,1,Defaulted
U02395,20,Bachelor's,Employed,8660.0,3,A02395,21,none,3,0.6,bachelor,3750.0,0.57,0.11,127,0.67,0.4,0.56,0,0,0,3,1,0.142,0.372,1,Defaulted
U02396,24,Master's,Self-Employed,12491.0,1,A02396,7,rent,6,0.54,master,3687.0,0.41,0.13,277,0.85,0.16,0.35,0,0,0,3,1,0.0468,0.1995,0,Successful Borrower
U02397,25,High School,Student,2658.0,2,A02397,4,rent,16,0.47,highschool,923.0,0.55,0.05,56,0.76,0.31,0.38,0,0,0,2,0,0.0358,0.264,0,Successful Borrower
U02398,21,Diploma,Employed,7085.0,3,A02398,34,rent,11,0.58,cert,2809.0,0.57,0.06,189,0.9,0.19,0.28,0,0,0,3,2,0.1113,0.1615,0,Successful Borrower
U02399,24,Diploma,Self-Employed,10293.0,2,A02399,47,rent,5,0.53,cert,2656.0,0.67,0.16,174,0.74,0.33,0.36,0,0,0,2,0,0.1663,0.2875,1,Defaulted
U02400,20,High School,Employed,5645.0,3,A02400,39,owner,1,0.72,highschool,2987.0,0.72,0.02,82,0.85,0.24,0.21,0,0,0,1,1,0.0237,0.168,1,Defaulted
U02401,22,Bachelor's,Self-Employed,7132.0,2,A02401,43,rent,23,0.48,bachelor,3028.0,0.67,0.17,168,0.72,0.22,0.46,0,0,0,3,2,0.179,0.2935,0,Successful Borrower
U02402,20,Bachelor's,Student,3642.0,1,A02402,4,rent,11,0.76,bachelor,2032.0,0.64,0.11,87,0.78,0.27,0.29,0,0,0,0,1,0.0,0.2335,1,Defaulted
U02403,26,Bachelor's,Employed,8562.0,1,A02403,28,rent,15,0.76,bachelor,2957.0,0.53,0.13,149,0.67,0.36,0.44,0,0,1,2,0,0.0967,0.335,0,Successful Borrower
U02404,24,Diploma,Student,4327.0,1,A02404,12,rent,8,0.41,cert,1991.0,0.5,0.16,76,0.74,0.35,0.27,0,0,0,1,1,0.0882,0.27,1,Defaulted
U02405,25,Master's,Student,4425.0,3,A02405,11,rent,17,0.61,master,2515.0,0.68,0.11,94,0.7,0.41,0.42,0,0,0,3,0,0.0728,0.329,0,Successful Borrower
U02406,24,Bachelor's,Self-Employed,8702.0,3,A02406,28,rent,6,0.37,bachelor,4992.0,0.64,0.21,54,0.7,0.27,0.47,0,0,0,0,1,0.1123,0.3215,1,Defaulted
U02407,20,High School,Student,2388.0,1,A02407,1,none,3,0.42,highschool,368.0,0.73,0.03,69,0.93,0.19,0.07,0,0,0,2,0,0.0745,0.094,0,Successful Borrower
U02408,20,Diploma,Employed,9812.0,3,A02408,18,owner,1,0.3,cert,2692.0,0.65,0.04,241,0.88,0.22,0.24,0,0,0,3,0,0.0401,0.163,0,Successful Borrower
U02409,25,Bachelor's,Student,5133.0,2,A02409,11,rent,7,0.39,bachelor,2019.0,0.6,0.11,98,0.77,0.25,0.28,0,0,0,0,1,0.0592,0.2295,0,Successful Borrower
U02410,20,Bachelor's,Employed,11673.0,3,A02410,48,rent,7,0.55,bachelor,1441.0,0.66,0.07,286,0.89,0.29,0.23,0,0,0,2,2,0.1333,0.179,0,Successful Borrower
U02411,26,Master's,Student,5718.0,3,A02411,0,rent,11,0.44,master,2019.0,0.65,0.12,85,0.76,0.28,0.46,0,0,0,2,0,0.0913,0.287,1,Defaulted
U02412,25,Bachelor's,Student,4479.0,3,A02412,11,rent,8,0.44,bachelor,2209.0,0.51,0.13,40,0.61,0.45,0.54,0,0,0,2,0,0.0245,0.4035,1,Defaulted
U02413,26,Bachelor's,Employed,5776.0,1,A02413,11,owner,4,0.51,bachelor,2684.0,0.59,0.09,60,0.83,0.21,0.36,0,0,0,1,0,0.0689,0.2155,0,Successful Borrower
U02414,26,Bachelor's,Employed,8301.0,3,A02414,16,owner,1,0.42,bachelor,3954.0,0.71,0.06,176,0.8,0.32,0.39,0,0,0,3,0,0.0839,0.2565,0,Successful Borrower
U02415,22,High School,Student,1850.0,2,A02415,9,rent,16,0.53,highschool,790.0,0.62,0.03,36,0.84,0.27,0.27,0,0,0,0,1,0.0,0.1955,0,Successful Borrower
U02416,22,High School,Employed,5550.0,2,A02416,13,rent,21,0.52,highschool,1411.0,0.57,0.04,159,0.85,0.3,0.36,0,0,0,2,0,0.1495,0.2235,0,Successful Borrower
U02417,21,Diploma,Student,3275.0,1,A02417,11,rent,4,0.65,cert,1516.0,0.47,0.07,134,0.83,0.32,0.33,0,0,0,2,0,0.0996,0.2325,0,Successful Borrower
U02418,24,Master's,Employed,3294.0,2,A02418,8,rent,23,0.47,master,2264.0,0.69,0.09,88,0.77,0.39,0.36,0,0,0,3,0,0.2923,0.2815,0,Successful Borrower
U02419,26,Diploma,Employed,5785.0,3,A02419,16,rent,13,0.5,cert,2659.0,0.64,0.07,170,0.79,0.31,0.29,0,0,0,2,0,0.106,0.234,0,Successful Borrower
U02420,20,Diploma,Unemployed,3128.0,2,A02420,0,rent,10,0.56,cert,2818.0,0.68,0.23,7,0.56,0.48,0.63,0,0,0,2,2,0.0941,0.466,0,Successful Borrower
U02421,21,Bachelor's,Self-Employed,6949.0,1,A02421,27,owner,4,0.76,bachelor,2334.0,0.63,0.13,136,0.88,0.19,0.36,0,0,0,3,0,0.002,0.199,0,Successful Borrower
U02422,21,Bachelor's,Employed,9845.0,1,A02422,22,owner,4,0.51,bachelor,5124.0,0.6,0.11,195,0.75,0.34,0.3,0,0,0,1,1,0.0852,0.264,0,Successful Borrower
U02423,23,Diploma,Self-Employed,11435.0,2,A02423,42,owner,4,0.36,cert,3595.0,0.45,0.15,236,0.76,0.27,0.47,0,0,0,3,0,0.1572,0.2915,0,Successful Borrower
U02424,24,Bachelor's,Self-Employed,7186.0,3,A02424,11,owner,1,0.56,bachelor,2668.0,0.68,0.17,172,0.74,0.36,0.48,0,0,0,3,1,0.0896,0.3265,1,Defaulted
U02425,25,Bachelor's,Self-Employed,10039.0,2,A02425,35,owner,0,0.49,bachelor,4670.0,0.73,0.19,131,0.73,0.36,0.51,1,0,0,2,1,0.2324,0.3405,1,Defaulted
U02426,26,Diploma,Employed,11868.0,3,A02426,26,rent,23,0.52,cert,4372.0,0.67,0.04,256,0.88,0.2,0.31,0,0,0,3,0,0.2121,0.1755,1,Defaulted
U02427,23,Bachelor's,Student,1200.0,3,A02427,3,none,1,0.48,bachelor,301.0,0.51,0.11,0,0.71,0.49,0.48,0,0,0,1,1,0.071,0.3605,1,Defaulted
U02428,20,Master's,Student,5086.0,3,A02428,11,rent,12,0.58,master,2931.0,0.56,0.08,40,0.83,0.26,0.26,0,0,0,2,0,0.0,0.2015,0,Successful Borrower
U02429,21,Bachelor's,Employed,6517.0,1,A02429,14,rent,24,0.64,bachelor,3434.0,0.64,0.12,135,0.59,0.42,0.55,0,0,1,3,0,0.0662,0.404,1,Defaulted
U02430,23,Master's,Student,2813.0,2,A02430,0,rent,10,0.48,master,1369.0,0.58,0.05,73,0.9,0.21,0.31,0,0,0,2,1,0.1313,0.1725,0,Successful Borrower
U02431,22,Bachelor's,Student,4709.0,3,A02431,7,rent,4,0.55,bachelor,2258.0,0.65,0.05,113,0.77,0.25,0.34,0,0,0,3,0,0.0946,0.2355,0,Successful Borrower
U02432,23,Master's,Self-Employed,11485.0,1,A02432,49,none,1,0.43,master,1664.0,0.57,0.1,265,0.8,0.31,0.43,0,0,0,2,0,0.0332,0.27,0,Successful Borrower
U02433,22,Master's,Employed,8258.0,3,A02433,14,rent,13,0.37,master,4077.0,0.59,0.1,221,0.81,0.27,0.32,0,0,0,2,0,0.0258,0.229,0,Successful Borrower
U02434,25,High School,Employed,8356.0,2,A02434,34,owner,2,0.9,highschool,3727.0,0.46,0.08,205,0.83,0.2,0.37,0,0,0,2,0,0.1957,0.214,0,Successful Borrower
U02435,23,Bachelor's,Self-Employed,5270.0,2,A02435,29,rent,15,0.36,bachelor,2969.0,0.76,0.23,105,0.67,0.39,0.61,0,0,0,1,1,0.1507,0.4,1,Defaulted
U02436,26,Diploma,Employed,5841.0,3,A02436,25,rent,10,0.72,cert,3322.0,0.59,0.07,196,0.81,0.29,0.37,0,0,0,3,1,0.0157,0.242,1,Defaulted
U02437,20,Master's,Student,3734.0,1,A02437,2,rent,16,0.51,master,1558.0,0.74,0.09,106,0.79,0.33,0.35,0,0,0,3,0,0.0126,0.257,0,Successful Borrower
U02438,21,Bachelor's,Student,2775.0,2,A02438,3,rent,11,0.31,bachelor,1225.0,0.76,0.05,61,0.9,0.39,0.17,0,0,0,3,0,0.1487,0.1825,0,Successful Borrower
U02439,24,Bachelor's,Student,4211.0,2,A02439,2,none,3,0.43,bachelor,3115.0,0.76,0.13,37,0.71,0.38,0.53,0,0,0,2,0,0.0689,0.3485,1,Defaulted
U02440,20,Diploma,Employed,7284.0,2,A02440,10,rent,15,0.67,cert,3648.0,0.7,0.07,107,0.76,0.34,0.49,0,0,0,3,0,0.1273,0.302,1,Defaulted
U02441,21,Bachelor's,Unemployed,1200.0,2,A02441,2,rent,23,0.67,bachelor,469.0,0.63,0.16,9,0.8,0.33,0.35,0,0,0,1,1,0.1886,0.264,1,Defaulted
U02442,24,Bachelor's,Student,3466.0,1,A02442,12,rent,4,0.42,bachelor,1924.0,0.66,0.18,47,0.7,0.37,0.39,0,0,0,2,1,0.1736,0.322,1,Defaulted
U02443,24,Master's,Employed,7971.0,3,A02443,10,rent,20,0.66,master,3001.0,0.56,0.06,154,0.95,0.26,0.22,0,0,0,3,0,0.1351,0.1465,0,Successful Borrower
U02444,26,High School,Employed,10632.0,3,A02444,34,owner,1,0.6,highschool,5772.0,0.42,0.14,218,0.72,0.4,0.39,0,0,0,3,0,0.077,0.3165,1,Defaulted
U02445,22,Master's,Student,3012.0,3,A02445,7,rent,24,0.69,master,1041.0,0.56,0.08,119,0.87,0.3,0.19,0,0,0,3,1,0.0379,0.18,0,Successful Borrower
U02446,22,Bachelor's,Employed,6234.0,3,A02446,22,rent,17,0.7,bachelor,1268.0,0.61,0.02,149,0.92,0.21,0.26,0,0,0,3,0,0.0318,0.1485,0,Successful Borrower
U02447,22,Bachelor's,Employed,5834.0,2,A02447,25,rent,4,0.49,bachelor,3454.0,0.7,0.19,26,0.56,0.61,0.72,0,0,1,2,3,0.1669,0.515,1,Defaulted
U02448,25,High School,Employed,10065.0,3,A02448,54,none,1,0.52,highschool,2740.0,0.59,0.08,270,0.94,0.19,0.26,0,0,0,2,0,0.0977,0.1455,0,Successful Borrower
U02449,22,Diploma,Employed,5047.0,1,A02449,13,none,4,0.53,cert,1095.0,0.66,0.05,163,0.91,0.2,0.26,0,0,0,3,0,0.0696,0.154,1,Defaulted
U02450,24,Master's,Student,2738.0,3,A02450,2,rent,24,0.5,master,1138.0,0.63,0.03,82,0.77,0.42,0.38,0,0,0,1,1,0.0085,0.285,0,Successful Borrower
U02451,26,Bachelor's,Employed,6919.0,3,A02451,32,none,3,0.62,bachelor,3701.0,0.49,0.14,106,0.67,0.42,0.53,0,0,0,2,0,0.0892,0.374,0,Successful Borrower
U02452,23,Bachelor's,Student,3313.0,3,A02452,2,rent,13,0.58,bachelor,734.0,0.71,0.06,105,1.0,0.11,0.01,0,0,0,3,1,0.0668,0.039,0,Successful Borrower
U02453,26,Master's,Employed,10179.0,3,A02453,18,owner,0,0.67,master,1683.0,0.54,0.02,285,0.94,0.21,0.27,0,0,0,2,1,0.0529,0.144,0,Successful Borrower
U02454,25,Bachelor's,Self-Employed,7669.0,2,A02454,14,owner,3,0.53,bachelor,2884.0,0.52,0.18,115,0.66,0.36,0.47,0,0,0,3,1,0.1103,0.3535,0,Successful Borrower
U02455,23,High School,Unemployed,2671.0,2,A02455,6,none,0,0.6,highschool,1103.0,0.77,0.12,62,0.86,0.27,0.26,0,0,0,1,0,0.1403,0.1995,0,Successful Borrower
U02456,23,Diploma,Employed,8440.0,2,A02456,58,none,3,0.43,cert,2000.0,0.58,0.02,229,0.86,0.29,0.3,0,0,0,2,1,0.0997,0.1995,0,Successful Borrower
U02457,20,High School,Student,4156.0,3,A02457,5,owner,1,0.33,highschool,2957.0,0.67,0.16,32,0.7,0.37,0.56,0,0,0,2,0,0.1406,0.3615,1,Defaulted
U02458,25,Master's,Student,5108.0,1,A02458,0,rent,5,0.73,master,2990.0,0.54,0.05,47,0.8,0.23,0.26,0,0,0,2,1,0.185,0.2,1,Defaulted
U02459,22,Master's,Employed,8351.0,1,A02459,58,owner,2,0.65,master,5117.0,0.6,0.16,146,0.65,0.44,0.44,0,0,0,2,0,0.0648,0.3665,0,Successful Borrower
U02460,26,Bachelor's,Student,5008.0,1,A02460,3,rent,8,0.42,bachelor,3012.0,0.73,0.11,65,0.71,0.32,0.4,0,0,0,1,0,0.0718,0.298,0,Successful Borrower
U02461,26,Master's,Employed,9583.0,2,A02461,25,rent,19,0.51,master,3568.0,0.58,0.03,198,0.89,0.25,0.2,0,0,0,3,1,0.1143,0.1555,0,Successful Borrower
U02462,25,Bachelor's,Self-Employed,8776.0,3,A02462,8,rent,22,0.62,bachelor,4792.0,0.49,0.16,130,0.77,0.39,0.24,0,0,0,3,1,0.1816,0.262,0,Successful Borrower
U02463,26,Bachelor's,Student,3196.0,3,A02463,1,rent,12,0.41,bachelor,1326.0,0.69,0.06,39,0.76,0.35,0.24,0,0,0,2,0,0.1028,0.2405,0,Successful Borrower
U02464,22,Diploma,Student,3496.0,2,A02464,6,rent,6,0.5,cert,1502.0,0.58,0.06,67,0.81,0.24,0.37,0,0,0,1,0,0.0302,0.228,1,Defaulted
U02465,22,Diploma,Unemployed,3134.0,3,A02465,0,rent,5,0.7,cert,1244.0,0.5,0.11,87,0.8,0.34,0.42,0,0,0,1,1,0.0942,0.2765,0,Successful Borrower
U02466,24,Bachelor's,Employed,9287.0,2,A02466,33,rent,9,0.52,bachelor,2490.0,0.67,0.13,223,0.7,0.32,0.53,0,0,0,3,1,0.0937,0.337,1,Defaulted
U02467,23,Bachelor's,Employed,4341.0,1,A02467,30,none,3,0.51,bachelor,2922.0,0.56,0.08,86,0.84,0.29,0.32,0,0,0,2,0,0.0707,0.2205,0,Successful Borrower
U02468,26,Bachelor's,Student,3674.0,3,A02468,10,rent,24,0.61,bachelor,2226.0,0.75,0.06,59,0.84,0.2,0.43,0,0,0,1,0,0.1516,0.2225,0,Successful Borrower
U02469,22,High School,Student,3123.0,3,A02469,8,owner,2,0.58,highschool,1175.0,0.61,0.06,71,0.82,0.31,0.35,0,0,0,2,0,0.0681,0.237,0,Successful Borrower
U02470,20,Bachelor's,Employed,3494.0,3,A02470,28,rent,4,0.57,bachelor,1774.0,0.63,0.09,146,0.83,0.25,0.38,0,0,0,3,1,0.2596,0.2305,0,Successful Borrower
U02471,22,Bachelor's,Employed,8455.0,3,A02471,51,rent,20,0.53,bachelor,3786.0,0.62,0.11,178,0.66,0.43,0.63,0,1,0,1,2,0.0724,0.4005,1,Defaulted
U02472,21,Master's,Employed,8322.0,3,A02472,24,rent,5,0.55,master,4209.0,0.61,0.13,202,0.64,0.4,0.62,1,1,0,2,0,0.1252,0.4005,0,Successful Borrower
U02473,26,Bachelor's,Self-Employed,9943.0,2,A02473,28,rent,12,0.56,bachelor,4283.0,0.45,0.18,195,0.73,0.26,0.47,0,0,0,3,0,0.0627,0.304,0,Successful Borrower
U02474,23,Diploma,Student,4998.0,3,A02474,12,rent,12,0.36,cert,2045.0,0.64,0.05,140,0.83,0.23,0.45,0,0,0,3,0,0.0634,0.237,0,Successful Borrower
U02475,20,Bachelor's,Self-Employed,4226.0,2,A02475,39,none,2,0.3,bachelor,1610.0,0.76,0.13,71,0.74,0.35,0.32,0,0,0,2,0,0.0227,0.278,1,Defaulted
U02476,23,Bachelor's,Employed,8381.0,2,A02476,57,rent,13,0.38,bachelor,5557.0,0.59,0.18,81,0.67,0.49,0.57,0,0,0,1,0,0.0619,0.4075,1,Defaulted
U02477,21,High School,Employed,7814.0,2,A02477,8,rent,20,0.35,highschool,3771.0,0.7,0.13,127,0.6,0.45,0.6,0,0,0,2,1,0.0118,0.422,1,Defaulted
U02478,21,Bachelor's,Self-Employed,6108.0,3,A02478,6,owner,0,0.3,bachelor,3147.0,0.71,0.15,165,0.8,0.27,0.33,0,0,0,3,0,0.0,0.2425,0,Successful Borrower
U02479,24,Bachelor's,Self-Employed,6882.0,1,A02479,13,rent,20,0.3,bachelor,2683.0,0.5,0.13,139,0.79,0.2,0.33,0,0,0,3,0,0.214,0.2255,0,Successful Borrower
U02480,24,Bachelor's,Employed,7345.0,1,A02480,48,none,4,0.53,bachelor,3877.0,0.67,0.11,119,0.83,0.3,0.32,0,0,0,2,0,0.1365,0.231,0,Successful Borrower
U02481,25,Master's,Student,3236.0,2,A02481,5,rent,5,0.43,master,1554.0,0.65,0.07,63,0.82,0.35,0.36,0,0,0,1,0,0.0272,0.251,0,Successful Borrower
U02482,21,High School,Employed,7219.0,2,A02482,35,rent,20,0.38,highschool,4415.0,0.78,0.16,59,0.65,0.47,0.53,0,0,0,2,1,0.1505,0.3965,1,Defaulted
U02483,20,Bachelor's,Employed,6876.0,3,A02483,20,rent,20,0.4,bachelor,2043.0,0.46,0.07,208,0.92,0.27,0.37,0,0,0,3,0,0.0331,0.1985,0,Successful Borrower
U02484,25,High School,Unemployed,2348.0,2,A02484,6,rent,16,0.5,highschool,1201.0,0.81,0.23,48,0.68,0.48,0.62,0,0,0,2,2,0.1046,0.4215,1,Defaulted
U02485,21,High School,Employed,6655.0,2,A02485,53,owner,3,0.6,highschool,1815.0,0.64,0.02,188,1.0,0.07,0.14,0,0,0,3,0,0.0079,0.0555,0,Successful Borrower
U02486,24,Bachelor's,Employed,7374.0,2,A02486,30,rent,14,0.51,bachelor,2413.0,0.68,0.08,157,0.89,0.31,0.35,0,0,0,3,1,0.0383,0.2155,0,Successful Borrower
U02487,23,High School,Student,5277.0,2,A02487,10,rent,12,0.37,highschool,1936.0,0.68,0.05,146,0.86,0.22,0.25,0,0,0,2,0,0.0764,0.174,0,Successful Borrower
U02488,23,High School,Self-Employed,10385.0,1,A02488,35,rent,18,0.62,highschool,6040.0,0.43,0.27,71,0.56,0.49,0.76,0,0,0,2,2,0.1135,0.507,1,Defaulted
U02489,24,Bachelor's,Employed,8702.0,1,A02489,18,owner,0,0.5,bachelor,1667.0,0.66,0.02,260,1.0,0.09,0.17,0,0,0,3,0,0.0,0.068,0,Successful Borrower
U02490,24,Bachelor's,Self-Employed,8500.0,1,A02490,20,owner,1,0.38,bachelor,4683.0,0.81,0.18,99,0.64,0.47,0.53,0,0,0,2,1,0.0414,0.403,1,Defaulted
U02491,20,Bachelor's,Student,4555.0,2,A02491,1,none,3,0.5,bachelor,1767.0,0.67,0.05,73,0.84,0.21,0.27,0,0,0,1,1,0.0454,0.1835,0,Successful Borrower
U02492,25,Master's,Self-Employed,3793.0,3,A02492,8,owner,3,0.63,master,1169.0,0.63,0.13,184,0.78,0.26,0.41,0,0,0,3,0,0.0441,0.264,0,Successful Borrower
U02493,26,Diploma,Unemployed,2599.0,2,A02493,1,rent,9,0.4,cert,640.0,0.66,0.13,126,0.77,0.44,0.49,0,0,0,3,0,0.0671,0.3325,1,Defaulted
U02494,26,Master's,Student,3479.0,1,A02494,8,rent,23,0.68,master,2080.0,0.61,0.08,72,0.76,0.31,0.33,1,0,0,1,0,0.098,0.256,1,Defaulted
U02495,21,Bachelor's,Self-Employed,9039.0,1,A02495,15,none,4,0.46,bachelor,3953.0,0.68,0.15,164,0.75,0.31,0.4,0,0,0,3,2,0.0809,0.2875,0,Successful Borrower
U02496,24,PhD,Self-Employed,9698.0,1,A02496,12,rent,22,0.71,phd,4029.0,0.7,0.19,146,0.81,0.18,0.39,0,0,0,2,0,0.1437,0.2375,0,Successful Borrower
U02497,21,High School,Self-Employed,12483.0,2,A02497,26,rent,7,0.3,highschool,4744.0,0.56,0.21,236,0.74,0.27,0.38,0,0,0,3,1,0.0,0.285,1,Defaulted
U02498,26,Bachelor's,Employed,9599.0,1,A02498,42,rent,20,0.9,bachelor,5221.0,0.43,0.12,167,0.56,0.49,0.73,0,0,0,3,1,0.1108,0.477,1,Defaulted
U02499,24,Bachelor's,Self-Employed,7722.0,2,A02499,40,rent,17,0.65,bachelor,2344.0,0.51,0.15,102,0.83,0.23,0.31,0,0,0,3,0,0.1706,0.217,0,Successful Borrower
U02500,21,Bachelor's,Employed,6867.0,3,A02500,55,rent,20,0.41,bachelor,3786.0,0.64,0.08,118,0.72,0.29,0.35,0,0,0,3,0,0.0489,0.27,0,Successful Borrower
U02501,23,High School,Student,3523.0,1,A02501,10,rent,7,0.6,highschool,1688.0,0.71,0.06,46,0.79,0.23,0.26,0,0,0,2,0,0.1222,0.205,0,Successful Borrower
U02502,24,Bachelor's,Student,2475.0,2,A02502,5,rent,11,0.47,bachelor,1309.0,0.79,0.15,49,0.64,0.41,0.39,1,0,0,1,0,0.0831,0.3485,1,Defaulted
U02503,24,Bachelor's,Employed,8036.0,2,A02503,32,owner,1,0.33,bachelor,3690.0,0.69,0.11,154,0.81,0.34,0.39,0,0,0,2,0,0.0931,0.2655,0,Successful Borrower
U02504,22,Bachelor's,Self-Employed,9012.0,2,A02504,11,owner,3,0.43,bachelor,2532.0,0.54,0.11,200,0.84,0.19,0.29,0,0,0,2,0,0.0097,0.1925,0,Successful Borrower
U02505,21,Master's,Student,4612.0,2,A02505,11,rent,18,0.3,master,2884.0,0.61,0.08,69,0.88,0.22,0.2,0,0,0,1,0,0.0463,0.159,0,Successful Borrower
U02506,22,Bachelor's,Employed,7760.0,2,A02506,44,rent,24,0.47,bachelor,1938.0,0.48,0.03,129,0.91,0.24,0.18,0,0,0,3,0,0.0489,0.141,0,Successful Borrower
U02507,24,Bachelor's,Self-Employed,6010.0,2,A02507,50,rent,22,0.64,bachelor,2454.0,0.5,0.14,70,0.8,0.26,0.37,0,0,0,1,2,0.1146,0.2485,0,Successful Borrower
U02508,23,Diploma,Unemployed,2497.0,3,A02508,5,owner,1,0.47,cert,1755.0,0.75,0.12,101,0.82,0.28,0.27,0,0,0,3,1,0.117,0.2185,0,Successful Borrower
U02509,21,High School,Student,2467.0,3,A02509,9,rent,24,0.64,highschool,889.0,0.58,0.07,31,0.74,0.36,0.34,0,0,0,0,1,0.0,0.2765,1,Defaulted
U02510,26,Diploma,Employed,11007.0,1,A02510,51,rent,13,0.46,cert,3511.0,0.64,0.05,274,0.86,0.17,0.29,0,0,0,2,1,0.1626,0.1715,0,Successful Borrower
U02511,23,Bachelor's,Employed,6118.0,2,A02511,26,rent,16,0.42,bachelor,3093.0,0.58,0.18,92,0.62,0.51,0.56,0,0,1,3,2,0.1305,0.4275,1,Defaulted
U02512,21,Master's,Employed,6266.0,2,A02512,7,rent,4,0.31,master,3118.0,0.56,0.04,138,0.85,0.28,0.4,0,0,0,3,0,0.1658,0.2285,0,Successful Borrower
U02513,21,Bachelor's,Employed,7707.0,2,A02513,44,none,2,0.44,bachelor,3654.0,0.52,0.09,159,0.74,0.32,0.33,0,0,0,2,1,0.0571,0.267,1,Defaulted
U02514,24,Diploma,Self-Employed,9038.0,2,A02514,28,none,0,0.63,cert,2415.0,0.56,0.12,215,0.84,0.17,0.29,0,0,0,2,0,0.2152,0.189,0,Successful Borrower
U02515,26,High School,Employed,7035.0,2,A02515,23,owner,1,0.33,highschool,2598.0,0.6,0.06,145,0.82,0.37,0.39,0,0,0,3,1,0.0772,0.262,0,Successful Borrower
U02516,26,High School,Employed,7573.0,2,A02516,51,owner,0,0.65,highschool,3704.0,0.68,0.08,192,0.78,0.27,0.34,0,0,0,3,0,0.1222,0.2415,0,Successful Borrower
U02517,20,Diploma,Employed,9292.0,2,A02517,57,rent,10,0.6,cert,3283.0,0.53,0.04,167,0.98,0.09,0.27,0,0,0,2,0,0.0209,0.103,0,Successful Borrower
U02518,21,Bachelor's,Employed,8774.0,2,A02518,45,rent,14,0.35,bachelor,3075.0,0.51,0.09,205,0.88,0.22,0.23,0,0,0,2,0,0.0,0.168,1,Defaulted
U02519,23,Bachelor's,Self-Employed,4235.0,3,A02519,29,rent,4,0.73,bachelor,2658.0,0.6,0.29,68,0.56,0.48,0.67,0,0,0,1,3,0.1527,0.485,1,Defaulted
U02520,22,Bachelor's,Self-Employed,6814.0,1,A02520,20,rent,18,0.55,bachelor,3291.0,0.5,0.16,99,0.74,0.24,0.29,0,0,0,3,1,0.0137,0.2475,0,Successful Borrower
U02521,26,High School,Self-Employed,13275.0,3,A02521,26,owner,0,0.57,highschool,2668.0,0.41,0.18,276,0.69,0.3,0.49,0,0,0,3,0,0.1755,0.333,0,Successful Borrower
U02522,25,Bachelor's,Student,2483.0,3,A02522,0,rent,15,0.45,bachelor,987.0,0.63,0.1,65,0.79,0.33,0.54,0,0,0,2,0,0.0052,0.306,1,Defaulted
U02523,26,Master's,Student,4046.0,3,A02523,10,rent,15,0.3,master,2259.0,0.57,0.15,65,0.65,0.42,0.55,0,0,0,1,1,0.1115,0.3875,1,Defaulted
U02524,26,Bachelor's,Employed,5950.0,1,A02524,15,none,3,0.41,bachelor,2724.0,0.7,0.1,119,0.74,0.32,0.31,0,0,0,2,2,0.1425,0.2635,0,Successful Borrower
U02525,25,Master's,Employed,8073.0,3,A02525,8,rent,16,0.42,master,3304.0,0.55,0.07,129,0.84,0.24,0.26,0,0,0,2,0,0.1291,0.1915,0,Successful Borrower
U02526,22,Bachelor's,Employed,10468.0,3,A02526,48,rent,7,0.43,bachelor,4797.0,0.58,0.09,193,0.84,0.25,0.4,0,0,0,3,0,0.0944,0.232,0,Successful Borrower
U02527,22,Bachelor's,Employed,7746.0,2,A02527,59,owner,0,0.69,bachelor,2462.0,0.58,0.11,228,0.89,0.21,0.3,0,0,0,3,1,0.1635,0.1825,0,Successful Borrower
U02528,22,Bachelor's,Unemployed,2742.0,3,A02528,2,none,4,0.66,bachelor,951.0,0.71,0.16,73,0.58,0.41,0.68,0,0,0,2,1,0.0262,0.4435,1,Defaulted
U02529,25,Bachelor's,Employed,7566.0,2,A02529,9,owner,4,0.34,bachelor,1995.0,0.76,0.07,188,0.8,0.3,0.41,0,0,0,1,0,0.089,0.258,0,Successful Borrower
U02530,21,Bachelor's,Employed,7155.0,2,A02530,55,rent,21,0.46,bachelor,2725.0,0.84,0.06,161,0.85,0.25,0.35,0,0,0,2,0,0.0,0.2115,0,Successful Borrower
U02531,24,Master's,Student,2771.0,3,A02531,2,rent,18,0.3,master,667.0,0.74,0.02,38,0.85,0.36,0.16,0,0,0,1,0,0.0,0.1855,1,Defaulted
U02532,21,High School,Employed,8813.0,2,A02532,48,none,3,0.67,highschool,2691.0,0.68,0.05,213,0.87,0.3,0.31,0,0,0,3,0,0.1675,0.2055,0,Successful Borrower
U02533,20,Bachelor's,Employed,9292.0,1,A02533,48,owner,1,0.76,bachelor,3937.0,0.53,0.12,237,0.74,0.34,0.44,0,0,0,1,0,0.1373,0.304,1,Defaulted
U02534,26,Diploma,Student,2701.0,1,A02534,1,rent,17,0.72,cert,1006.0,0.68,0.06,32,0.93,0.13,0.15,0,0,0,3,0,0.0107,0.1035,0,Successful Borrower
U02535,22,High School,Unemployed,3056.0,3,A02535,6,none,3,0.79,highschool,1307.0,0.56,0.14,113,0.65,0.38,0.53,0,0,0,2,1,0.1507,0.371,1,Defaulted
U02536,23,Master's,Student,3189.0,2,A02536,5,rent,18,0.3,master,1391.0,0.46,0.06,76,0.84,0.24,0.4,0,0,0,3,1,0.1882,0.225,0,Successful Borrower
U02537,25,Master's,Self-Employed,10112.0,1,A02537,49,owner,4,0.38,master,2675.0,0.52,0.13,219,0.8,0.15,0.43,0,0,0,2,1,0.1048,0.2345,0,Successful Borrower
U02538,24,Bachelor's,Student,3609.0,2,A02538,8,rent,4,0.5,bachelor,963.0,0.65,0.06,68,0.82,0.23,0.39,0,0,0,1,0,0.0,0.227,1,Defaulted
U02539,21,Bachelor's,Self-Employed,8233.0,2,A02539,40,rent,10,0.48,bachelor,3733.0,0.55,0.13,135,0.77,0.33,0.38,0,0,0,3,1,0.0574,0.2775,0,Successful Borrower
U02540,22,Master's,Student,3874.0,2,A02540,3,rent,6,0.51,master,2105.0,0.76,0.09,42,0.74,0.37,0.4,0,0,0,1,0,0.0336,0.297,0,Successful Borrower
U02541,23,High School,Self-Employed,7185.0,1,A02541,47,rent,22,0.63,highschool,3534.0,0.78,0.13,131,0.84,0.19,0.19,0,0,0,2,1,0.0,0.1705,0,Successful Borrower
U02542,22,Diploma,Employed,9291.0,2,A02542,18,none,2,0.37,cert,2832.0,0.59,0.09,199,0.9,0.35,0.26,0,0,0,3,1,0.0588,0.201,0,Successful Borrower
U02543,25,High School,Student,2902.0,3,A02543,11,owner,4,0.61,highschool,1003.0,0.56,0.09,48,0.75,0.39,0.33,0,0,1,1,0,0.0,0.281,0,Successful Borrower
U02544,20,Diploma,Self-Employed,8844.0,2,A02544,58,rent,19,0.45,cert,5562.0,0.53,0.22,62,0.56,0.44,0.57,0,0,0,2,1,0.1302,0.4395,0,Successful Borrower
U02545,23,High School,Unemployed,3229.0,2,A02545,0,rent,19,0.57,highschool,1939.0,0.54,0.22,18,0.62,0.5,0.62,0,0,0,1,3,0.0,0.446,0,Successful Borrower
U02546,24,Master's,Self-Employed,10940.0,2,A02546,3,rent,20,0.54,master,3631.0,0.46,0.16,241,0.79,0.29,0.3,0,0,0,3,0,0.0946,0.245,1,Defaulted
U02547,21,Master's,Student,3866.0,2,A02547,12,rent,12,0.48,master,2227.0,0.76,0.13,38,0.65,0.4,0.48,0,0,0,1,0,0.0,0.362,1,Defaulted
U02548,25,Bachelor's,Student,4567.0,3,A02548,8,rent,7,0.68,bachelor,1629.0,0.71,0.15,54,0.65,0.4,0.65,0,0,0,3,1,0.0719,0.4075,1,Defaulted
U02549,25,Master's,Unemployed,2744.0,1,A02549,4,owner,2,0.46,master,1584.0,0.7,0.16,67,0.6,0.54,0.52,0,0,0,2,1,0.1181,0.429,1,Defaulted
U02550,26,Bachelor's,Student,3298.0,3,A02550,9,rent,5,0.75,bachelor,1352.0,0.64,0.04,81,0.72,0.39,0.49,0,0,0,1,0,0.0839,0.324,1,Defaulted
U02551,21,Bachelor's,Self-Employed,10500.0,1,A02551,10,rent,11,0.48,bachelor,5633.0,0.77,0.23,123,0.62,0.42,0.53,0,0,1,3,2,0.1072,0.405,0,Successful Borrower
U02552,21,Bachelor's,Employed,6819.0,3,A02552,23,owner,4,0.39,bachelor,2118.0,0.72,0.05,209,0.76,0.28,0.46,0,0,0,3,0,0.142,0.2765,1,Defaulted
U02553,22,Bachelor's,Unemployed,1200.0,2,A02553,1,none,4,0.74,bachelor,739.0,0.72,0.25,40,0.58,0.56,0.64,0,0,0,1,2,0.0614,0.4845,1,Defaulted
U02554,25,Diploma,Employed,8076.0,2,A02554,55,rent,12,0.33,cert,2947.0,0.55,0.04,164,0.9,0.2,0.19,0,0,0,3,0,0.164,0.1385,0,Successful Borrower
U02555,26,Bachelor's,Employed,9960.0,3,A02555,29,owner,4,0.6,bachelor,4242.0,0.57,0.09,211,0.85,0.31,0.42,0,0,0,3,0,0.0265,0.2485,0,Successful Borrower
U02556,24,Bachelor's,Student,3529.0,3,A02556,9,none,2,0.3,bachelor,2284.0,0.68,0.1,28,0.84,0.26,0.26,0,0,0,1,1,0.1515,0.201,0,Successful Borrower
U02557,22,Bachelor's,Employed,7991.0,3,A02557,8,rent,4,0.66,bachelor,1786.0,0.55,0.09,190,0.81,0.22,0.35,0,0,0,2,0,0.0006,0.2225,0,Successful Borrower
U02558,21,High School,Employed,8221.0,3,A02558,16,owner,2,0.67,highschool,2628.0,0.51,0.07,251,0.82,0.31,0.38,0,0,0,2,1,0.0029,0.246,0,Successful Borrower
U02559,23,Bachelor's,Employed,9667.0,3,A02559,57,rent,19,0.62,bachelor,5188.0,0.63,0.15,185,0.75,0.3,0.4,0,0,0,2,0,0.1166,0.285,1,Defaulted
U02560,20,PhD,Employed,8829.0,2,A02560,24,none,1,0.7,phd,4573.0,0.62,0.09,186,0.75,0.33,0.43,0,0,0,3,0,0.1022,0.291,1,Defaulted
U02561,25,Bachelor's,Self-Employed,6808.0,1,A02561,58,rent,17,0.68,bachelor,4607.0,0.57,0.19,107,0.73,0.23,0.32,0,0,0,3,0,0.1262,0.2605,0,Successful Borrower
U02562,26,Bachelor's,Employed,7415.0,2,A02562,36,rent,4,0.6,bachelor,2388.0,0.53,0.08,151,0.9,0.21,0.28,0,0,0,2,0,0.1451,0.1695,0,Successful Borrower
U02563,23,Bachelor's,Employed,8547.0,1,A02563,32,rent,18,0.57,bachelor,2873.0,0.65,0.07,99,0.75,0.39,0.45,0,0,0,3,1,0.1572,0.308,0,Successful Borrower
U02564,26,Master's,Employed,10482.0,3,A02564,37,none,2,0.61,master,4898.0,0.52,0.09,213,0.78,0.34,0.39,0,0,0,3,0,0.1133,0.273,1,Defaulted
U02565,23,Master's,Unemployed,3918.0,3,A02565,4,rent,23,0.3,master,2613.0,0.55,0.15,53,0.79,0.37,0.39,0,0,0,1,2,0.0714,0.286,0,Successful Borrower
U02566,22,Bachelor's,Student,3859.0,1,A02566,4,rent,23,0.7,bachelor,1835.0,0.67,0.09,96,0.81,0.27,0.28,0,0,0,3,2,0.1387,0.2175,0,Successful Borrower
U02567,21,Bachelor's,Employed,9540.0,1,A02567,47,owner,3,0.47,bachelor,3089.0,0.6,0.05,218,1.0,0.11,0.26,0,0,0,3,0,0.0515,0.1,0,Successful Borrower
U02568,23,Bachelor's,Employed,8503.0,3,A02568,34,owner,1,0.57,bachelor,3013.0,0.6,0.1,218,0.84,0.15,0.27,0,0,0,2,0,0.0004,0.176,0,Successful Borrower
U02569,22,Bachelor's,Employed,8370.0,2,A02569,8,rent,5,0.33,bachelor,2894.0,0.5,0.13,188,0.63,0.45,0.51,0,0,0,3,0,0.05,0.389,1,Defaulted
U02570,22,PhD,Student,4203.0,2,A02570,4,owner,1,0.6,phd,2256.0,0.66,0.07,179,0.81,0.25,0.27,0,0,0,3,0,0.0865,0.207,0,Successful Borrower
U02571,21,Master's,Student,3848.0,2,A02571,3,none,4,0.39,master,2443.0,0.64,0.15,49,0.63,0.43,0.46,0,0,0,1,1,0.1886,0.3745,0,Successful Borrower
U02572,23,Bachelor's,Student,1960.0,1,A02572,5,rent,16,0.57,bachelor,1446.0,0.66,0.08,52,0.84,0.33,0.31,0,0,0,1,1,0.0404,0.228,0,Successful Borrower
U02573,26,High School,Self-Employed,6592.0,1,A02573,11,owner,4,0.62,highschool,3932.0,0.67,0.23,56,0.56,0.5,0.63,0,0,0,0,3,0.0334,0.471,1,Defaulted
U02574,24,High School,Employed,10655.0,2,A02574,15,rent,18,0.47,highschool,5655.0,0.62,0.09,186,0.8,0.29,0.36,0,0,0,2,0,0.0829,0.246,0,Successful Borrower
U02575,20,Diploma,Employed,7201.0,2,A02575,39,rent,24,0.53,cert,3509.0,0.54,0.13,99,0.68,0.34,0.47,0,0,0,3,1,0.1251,0.334,1,Defaulted
U02576,22,High School,Employed,6185.0,3,A02576,18,none,1,0.49,highschool,2839.0,0.43,0.08,207,0.91,0.14,0.12,0,0,0,3,0,0.1775,0.1085,0,Successful Borrower
U02577,25,Bachelor's,Student,4688.0,2,A02577,5,rent,21,0.69,bachelor,1984.0,0.54,0.14,134,0.63,0.4,0.52,0,0,0,2,0,0.0857,0.3805,0,Successful Borrower
U02578,24,Diploma,Self-Employed,8796.0,2,A02578,5,rent,7,0.3,cert,4555.0,0.57,0.12,120,0.86,0.15,0.3,0,0,0,2,0,0.0623,0.1795,0,Successful Borrower
U02579,20,High School,Student,4150.0,3,A02579,6,rent,24,0.47,highschool,1989.0,0.55,0.13,69,0.56,0.5,0.58,0,0,0,3,1,0.1253,0.4435,1,Defaulted
U02580,26,Master's,Student,3088.0,2,A02580,5,rent,10,0.49,master,2073.0,0.68,0.15,47,0.56,0.5,0.59,0,0,0,2,0,0.0,0.449,1,Defaulted
U02581,26,High School,Employed,11665.0,2,A02581,17,rent,24,0.59,highschool,3334.0,0.68,0.06,301,0.85,0.31,0.3,0,0,0,1,0,0.0,0.214,0,Successful Borrower
U02582,20,Bachelor's,Employed,9174.0,2,A02582,9,owner,4,0.3,bachelor,5186.0,0.71,0.09,162,0.74,0.31,0.42,0,0,0,3,0,0.103,0.287,1,Defaulted
U02583,21,Master's,Unemployed,2944.0,2,A02583,6,rent,21,0.45,master,1501.0,0.6,0.14,62,0.79,0.38,0.34,1,0,0,0,0,0.0,0.2745,0,Successful Borrower
U02584,22,Bachelor's,Employed,6137.0,2,A02584,6,rent,7,0.49,bachelor,2395.0,0.62,0.1,168,0.73,0.38,0.5,0,0,0,1,2,0.1492,0.3295,1,Defaulted
U02585,21,Bachelor's,Employed,8289.0,2,A02585,18,owner,2,0.7,bachelor,1986.0,0.54,0.05,238,0.9,0.28,0.2,0,0,0,3,1,0.1651,0.1625,0,Successful Borrower
U02586,21,High School,Student,2419.0,2,A02586,2,rent,19,0.49,highschool,1199.0,0.68,0.14,70,0.62,0.39,0.4,0,0,0,2,0,0.2084,0.3515,1,Defaulted
U02587,23,Bachelor's,Unemployed,2971.0,1,A02587,1,rent,5,0.47,bachelor,1111.0,0.55,0.07,99,0.83,0.41,0.39,0,0,0,3,1,0.1646,0.27,0,Successful Borrower
U02588,24,Bachelor's,Employed,7996.0,2,A02588,26,none,3,0.63,bachelor,2797.0,0.7,0.02,191,1.0,0.09,0.1,0,0,0,3,1,0.0016,0.0505,0,Successful Borrower
U02589,21,Bachelor's,Employed,8865.0,1,A02589,31,owner,4,0.47,bachelor,3358.0,0.65,0.12,203,0.78,0.27,0.45,0,0,0,3,1,0.0123,0.275,0,Successful Borrower
U02590,20,High School,Student,4401.0,2,A02590,6,rent,17,0.72,highschool,2124.0,0.67,0.1,138,0.85,0.18,0.29,0,0,0,3,0,0.1334,0.185,0,Successful Borrower
U02591,24,Diploma,Employed,7903.0,1,A02591,58,rent,18,0.61,cert,3550.0,0.61,0.04,160,0.92,0.26,0.23,0,0,0,3,2,0.0682,0.1565,0,Successful Borrower
U02592,22,High School,Self-Employed,8052.0,3,A02592,15,rent,23,0.42,highschool,2042.0,0.53,0.14,185,0.74,0.28,0.44,0,0,0,2,0,0.1081,0.292,0,Successful Borrower
U02593,23,Diploma,Self-Employed,9211.0,2,A02593,54,rent,5,0.3,cert,2629.0,0.7,0.15,197,0.79,0.24,0.25,0,0,0,2,1,0.084,0.2185,0,Successful Borrower
U02594,22,Bachelor's,Employed,8382.0,1,A02594,45,owner,2,0.73,bachelor,1790.0,0.45,0.04,276,0.92,0.21,0.14,0,0,0,2,1,0.0067,0.1215,0,Successful Borrower
U02595,21,High School,Self-Employed,5858.0,1,A02595,55,rent,11,0.63,highschool,2164.0,0.51,0.18,106,0.69,0.26,0.41,0,0,0,1,1,0.0,0.303,0,Successful Borrower
U02596,26,High School,Employed,4354.0,1,A02596,10,rent,19,0.37,highschool,2197.0,0.56,0.1,60,0.8,0.27,0.35,0,0,0,1,0,0.1091,0.24,0,Successful Borrower
U02597,20,Diploma,Employed,8720.0,3,A02597,47,rent,17,0.43,cert,2639.0,0.54,0.06,206,0.87,0.24,0.35,0,0,0,3,0,0.1629,0.202,1,Defaulted
U02598,20,PhD,Employed,12167.0,2,A02598,44,owner,4,0.68,phd,1695.0,0.35,0.05,293,0.81,0.32,0.19,0,0,0,2,1,0.0631,0.2015,0,Successful Borrower
U02599,22,Bachelor's,Self-Employed,4736.0,2,A02599,40,rent,22,0.52,bachelor,2741.0,0.64,0.22,22,0.69,0.36,0.41,0,0,0,1,1,0.039,0.334,1,Defaulted
U02600,24,High School,Self-Employed,11254.0,1,A02600,27,owner,3,0.3,highschool,4747.0,0.52,0.18,211,0.79,0.18,0.39,0,0,0,3,1,0.0,0.243,0,Successful Borrower
U02601,23,High School,Student,4631.0,2,A02601,2,rent,13,0.63,highschool,2584.0,0.84,0.16,14,0.68,0.41,0.51,0,0,0,2,1,0.1204,0.366,0,Successful Borrower
U02602,24,Bachelor's,Employed,4018.0,2,A02602,13,rent,9,0.39,bachelor,1776.0,0.63,0.05,103,0.83,0.31,0.17,0,0,0,3,1,0.0119,0.187,0,Successful Borrower
U02603,25,Bachelor's,Student,3371.0,2,A02603,2,rent,20,0.35,bachelor,1197.0,0.71,0.05,62,0.8,0.33,0.32,0,0,0,2,0,0.1635,0.24,0,Successful Borrower
U02604,21,Master's,Employed,9031.0,3,A02604,26,rent,20,0.62,master,2811.0,0.51,0.08,198,0.92,0.22,0.21,0,0,0,3,0,0.1153,0.1475,0,Successful Borrower
U02605,21,Master's,Student,2181.0,3,A02605,11,rent,7,0.41,master,593.0,0.61,0.07,14,0.93,0.28,0.28,0,0,0,2,1,0.1086,0.175,0,Successful Borrower
U02606,23,Bachelor's,Student,3409.0,2,A02606,9,owner,4,0.3,bachelor,1847.0,0.66,0.07,131,0.78,0.3,0.35,0,0,0,3,2,0.1015,0.25,0,Successful Borrower
U02607,20,Bachelor's,Employed,6765.0,1,A02607,42,rent,16,0.53,bachelor,2905.0,0.7,0.09,118,0.87,0.21,0.22,0,0,0,3,1,0.1739,0.1665,0,Successful Borrower
U02608,26,Master's,Unemployed,4068.0,3,A02608,2,none,0,0.3,master,1996.0,0.48,0.17,72,0.63,0.39,0.54,0,0,0,2,1,0.0,0.3875,0,Successful Borrower
U02609,23,Bachelor's,Self-Employed,7810.0,2,A02609,20,rent,11,0.4,bachelor,3379.0,0.63,0.18,107,0.69,0.31,0.46,0,0,0,2,1,0.0211,0.328,1,Defaulted
U02610,24,Master's,Employed,10678.0,3,A02610,42,rent,7,0.42,master,4816.0,0.67,0.07,236,0.94,0.19,0.14,0,0,0,3,2,0.2071,0.114,0,Successful Borrower
U02611,25,Master's,Employed,11579.0,2,A02611,29,rent,11,0.31,master,4198.0,0.64,0.09,247,0.87,0.23,0.27,0,0,0,3,0,0.0,0.184,0,Successful Borrower
U02612,20,Bachelor's,Student,2468.0,2,A02612,5,rent,22,0.67,bachelor,374.0,0.7,0.02,56,0.89,0.2,0.23,0,0,0,2,1,0.045,0.149,0,Successful Borrower
U02613,26,Master's,Self-Employed,6045.0,3,A02613,39,rent,18,0.32,master,2139.0,0.53,0.18,181,0.74,0.29,0.39,0,0,0,3,1,0.1231,0.288,1,Defaulted
U02614,20,Bachelor's,Unemployed,1760.0,3,A02614,4,rent,4,0.62,bachelor,931.0,0.53,0.28,21,0.56,0.61,0.75,0,0,0,1,3,0.0055,0.536,1,Defaulted
U02615,23,Bachelor's,Student,4039.0,1,A02615,1,none,0,0.45,bachelor,1904.0,0.63,0.06,72,0.86,0.23,0.26,0,0,0,3,0,0.1765,0.1805,1,Defaulted
U02616,23,High School,Employed,9196.0,2,A02616,44,owner,3,0.56,highschool,5423.0,0.54,0.14,172,0.71,0.41,0.43,0,0,0,2,0,0.1529,0.3325,0,Successful Borrower
U02617,20,High School,Student,2013.0,3,A02617,12,rent,14,0.62,highschool,643.0,0.62,0.17,62,0.74,0.37,0.41,0,0,0,1,0,0.0759,0.3115,1,Defaulted
U02618,20,Bachelor's,Employed,7715.0,1,A02618,28,owner,0,0.53,bachelor,1475.0,0.44,0.07,227,0.92,0.23,0.28,0,0,0,3,0,0.1489,0.166,1,Defaulted
U02619,26,Bachelor's,Employed,9657.0,2,A02619,13,rent,22,0.5,bachelor,3336.0,0.49,0.1,262,0.75,0.29,0.44,0,1,0,2,3,0.0657,0.285,1,Defaulted
U02620,24,Master's,Self-Employed,10845.0,2,A02620,41,rent,11,0.65,master,4891.0,0.53,0.17,141,0.71,0.29,0.36,0,0,0,1,0,0.1488,0.2895,1,Defaulted
U02621,23,Bachelor's,Employed,7437.0,1,A02621,38,rent,11,0.44,bachelor,3990.0,0.51,0.06,166,0.77,0.37,0.49,0,0,0,3,0,0.0956,0.3045,1,Defaulted
U02622,24,Bachelor's,Unemployed,3619.0,3,A02622,0,none,0,0.6,bachelor,2433.0,0.78,0.24,67,0.6,0.49,0.44,0,0,0,2,1,0.1516,0.4085,1,Defaulted
U02623,21,High School,Student,4132.0,1,A02623,8,rent,21,0.64,highschool,2831.0,0.66,0.21,46,0.56,0.42,0.67,0,0,0,1,2,0.2124,0.458,1,Defaulted
U02624,26,Bachelor's,Self-Employed,6480.0,2,A02624,20,owner,2,0.6,bachelor,2628.0,0.52,0.13,175,0.8,0.27,0.45,0,0,0,2,0,0.068,0.2695,1,Defaulted
U02625,20,Bachelor's,Self-Employed,8501.0,2,A02625,27,rent,6,0.69,bachelor,3615.0,0.65,0.13,204,0.63,0.4,0.47,0,0,0,2,1,0.1185,0.3665,1,Defaulted
U02626,26,Diploma,Self-Employed,7480.0,2,A02626,14,rent,12,0.7,cert,4611.0,0.69,0.19,44,0.71,0.31,0.38,0,0,0,3,1,0.085,0.3025,1,Defaulted
U02627,24,High School,Student,2713.0,3,A02627,5,owner,0,0.54,highschool,918.0,0.46,0.07,103,0.78,0.41,0.36,0,0,0,2,0,0.2475,0.28,0,Successful Borrower
U02628,22,PhD,Self-Employed,11468.0,3,A02628,39,owner,0,0.6,phd,1938.0,0.6,0.12,270,0.82,0.17,0.27,0,0,0,3,0,0.0824,0.191,0,Successful Borrower
U02629,25,Bachelor's,Employed,7966.0,3,A02629,58,rent,15,0.75,bachelor,2243.0,0.63,0.04,167,0.95,0.19,0.17,0,0,0,3,0,0.0926,0.1135,0,Successful Borrower
U02630,24,High School,Employed,9638.0,1,A02630,43,rent,8,0.3,highschool,2793.0,0.62,0.12,178,0.88,0.24,0.39,0,0,0,3,0,0.2429,0.2175,1,Defaulted
U02631,25,High School,Unemployed,3522.0,3,A02631,1,rent,8,0.56,highschool,2475.0,0.5,0.19,56,0.6,0.52,0.56,0,0,1,0,1,0.0854,0.4385,1,Defaulted
U02632,26,High School,Student,4310.0,1,A02632,6,rent,18,0.44,highschool,1332.0,0.48,0.05,120,0.86,0.26,0.33,0,0,0,3,0,0.0233,0.204,0,Successful Borrower
U02633,26,Master's,Student,5130.0,1,A02633,6,rent,20,0.42,master,3352.0,0.68,0.12,60,0.88,0.26,0.2,0,0,0,2,2,0.0392,0.175,0,Successful Borrower
U02634,20,Bachelor's,Employed,8132.0,1,A02634,44,rent,23,0.78,bachelor,3237.0,0.61,0.08,191,0.88,0.26,0.31,0,0,0,2,0,0.2352,0.1965,0,Successful Borrower
U02635,24,Diploma,Employed,6894.0,1,A02635,17,rent,18,0.53,cert,4155.0,0.67,0.09,82,0.7,0.38,0.45,0,0,1,2,1,0.1537,0.326,0,Successful Borrower
U02636,24,Bachelor's,Employed,6886.0,1,A02636,28,owner,4,0.48,bachelor,2905.0,0.49,0.07,214,0.85,0.29,0.33,0,0,0,2,1,0.1716,0.218,0,Successful Borrower
U02637,20,Diploma,Employed,3927.0,3,A02637,48,owner,0,0.67,cert,1503.0,0.7,0.08,109,0.9,0.22,0.24,0,0,0,2,0,0.2162,0.162,0,Successful Borrower
U02638,25,High School,Student,3634.0,2,A02638,4,rent,13,0.48,highschool,2189.0,0.67,0.11,68,0.73,0.36,0.47,0,0,0,1,1,0.0428,0.3185,0,Successful Borrower
U02639,24,Bachelor's,Self-Employed,7497.0,1,A02639,12,rent,11,0.53,bachelor,2526.0,0.55,0.13,181,0.7,0.35,0.49,0,0,0,3,1,0.0383,0.3345,0,Successful Borrower
U02640,22,High School,Student,3397.0,2,A02640,12,rent,14,0.55,highschool,2717.0,0.69,0.21,0,0.56,0.66,0.79,0,1,0,2,3,0.0,0.548,1,Defaulted
U02641,20,Master's,Employed,5715.0,1,A02641,6,rent,14,0.5,master,2599.0,0.62,0.09,164,0.8,0.41,0.37,0,1,0,2,1,0.0961,0.2785,0,Successful Borrower
U02642,25,High School,Self-Employed,8844.0,1,A02642,52,rent,14,0.79,highschool,2047.0,0.83,0.14,184,0.87,0.19,0.16,0,0,0,1,0,0.053,0.154,0,Successful Borrower
U02643,21,Bachelor's,Student,2911.0,2,A02643,7,rent,22,0.47,bachelor,1630.0,0.68,0.07,89,0.88,0.26,0.25,0,0,0,1,0,0.0755,0.18,0,Successful Borrower
U02644,22,High School,Employed,9501.0,2,A02644,37,rent,6,0.33,highschool,3335.0,0.56,0.07,227,0.86,0.29,0.42,0,0,0,3,1,0.0,0.237,0,Successful Borrower
U02645,20,Bachelor's,Self-Employed,10553.0,2,A02645,53,rent,19,0.53,bachelor,1923.0,0.61,0.15,239,0.85,0.18,0.36,0,0,0,2,1,0.1292,0.21,0,Successful Borrower
U02646,21,PhD,Self-Employed,9819.0,3,A02646,23,owner,4,0.65,phd,5099.0,0.73,0.19,174,0.69,0.35,0.45,0,0,0,3,0,0.1044,0.337,0,Successful Borrower
U02647,20,High School,Self-Employed,11428.0,2,A02647,12,owner,0,0.68,highschool,3651.0,0.61,0.2,214,0.62,0.31,0.57,0,0,0,2,1,0.0364,0.383,1,Defaulted
U02648,21,Master's,Employed,5913.0,3,A02648,16,rent,9,0.5,master,2759.0,0.65,0.08,79,0.83,0.19,0.26,0,0,0,1,0,0.1002,0.184,0,Successful Borrower
U02649,24,Bachelor's,Employed,8656.0,2,A02649,34,none,2,0.32,bachelor,3758.0,0.48,0.04,203,0.99,0.17,0.13,0,0,0,3,1,0.0533,0.0845,0,Successful Borrower
U02650,25,Bachelor's,Self-Employed,6063.0,1,A02650,58,owner,0,0.62,bachelor,1908.0,0.61,0.13,155,0.89,0.16,0.23,0,0,0,1,1,0.0436,0.1555,0,Successful Borrower
U02651,21,Bachelor's,Student,3764.0,2,A02651,3,owner,2,0.34,bachelor,2795.0,0.6,0.13,53,0.69,0.47,0.39,0,0,0,1,1,0.0466,0.343,0,Successful Borrower
U02652,24,High School,Student,4079.0,3,A02652,9,rent,7,0.53,highschool,2472.0,0.72,0.11,65,0.72,0.37,0.43,0,0,0,2,1,0.1179,0.3145,1,Defaulted
U02653,20,Bachelor's,Employed,8726.0,3,A02653,44,rent,8,0.74,bachelor,2117.0,0.63,0.06,180,0.93,0.19,0.17,0,0,0,3,0,0.0055,0.1235,0,Successful Borrower
U02654,24,Bachelor's,Self-Employed,10661.0,2,A02654,48,none,0,0.35,bachelor,4675.0,0.64,0.14,187,0.75,0.32,0.4,0,0,0,1,0,0.0,0.2885,0,Successful Borrower
U02655,21,High School,Student,3817.0,2,A02655,10,rent,14,0.45,highschool,1369.0,0.6,0.16,88,0.65,0.41,0.57,0,0,0,2,1,0.065,0.3915,1,Defaulted
U02656,25,Master's,Student,4500.0,2,A02656,6,none,1,0.69,master,1935.0,0.62,0.04,94,0.77,0.29,0.34,0,0,0,1,0,0.0,0.244,0,Successful Borrower
U02657,24,Bachelor's,Self-Employed,5843.0,3,A02657,28,rent,12,0.32,bachelor,1357.0,0.6,0.14,131,0.88,0.25,0.36,0,0,0,3,0,0.1066,0.2155,1,Defaulted
U02658,23,Bachelor's,Employed,6137.0,3,A02658,8,owner,4,0.41,bachelor,1271.0,0.43,0.02,157,0.89,0.26,0.26,0,0,0,2,0,0.1716,0.1715,0,Successful Borrower
U02659,20,Bachelor's,Self-Employed,10746.0,2,A02659,34,owner,3,0.38,bachelor,2671.0,0.53,0.17,217,0.75,0.31,0.33,0,0,0,1,0,0.1088,0.273,0,Successful Borrower
U02660,25,High School,Employed,8119.0,2,A02660,45,rent,15,0.55,highschool,3860.0,0.58,0.13,132,0.81,0.29,0.28,0,0,0,3,0,0.0661,0.2285,1,Defaulted
U02661,26,High School,Self-Employed,8859.0,2,A02661,52,rent,23,0.4,highschool,3949.0,0.58,0.16,106,0.79,0.29,0.41,0,0,0,2,0,0.0489,0.2725,0,Successful Borrower
U02662,26,High School,Student,2904.0,3,A02662,10,none,1,0.57,highschool,926.0,0.68,0.05,71,0.69,0.46,0.43,0,0,0,1,1,0.0247,0.3385,1,Defaulted
U02663,25,Bachelor's,Self-Employed,10716.0,3,A02663,49,owner,2,0.57,bachelor,3087.0,0.58,0.15,283,0.71,0.33,0.42,0,0,0,2,1,0.0553,0.3115,1,Defaulted
U02664,21,Diploma,Self-Employed,10704.0,2,A02664,37,rent,10,0.51,cert,5444.0,0.58,0.24,111,0.61,0.4,0.54,0,0,0,2,0,0.0933,0.4075,1,Defaulted
U02665,25,Bachelor's,Self-Employed,12146.0,2,A02665,17,none,4,0.41,bachelor,2003.0,0.52,0.16,291,0.8,0.33,0.51,0,0,0,2,0,0.0888,0.304,0,Successful Borrower
U02666,24,High School,Self-Employed,8793.0,2,A02666,59,owner,3,0.36,highschool,2694.0,0.54,0.15,216,0.8,0.27,0.48,0,0,0,3,0,0.0095,0.28,1,Defaulted
U02667,26,Bachelor's,Student,4340.0,1,A02667,2,rent,12,0.64,bachelor,2903.0,0.62,0.21,23,0.56,0.56,0.55,0,0,0,0,2,0.0659,0.463,1,Defaulted
U02668,21,Bachelor's,Employed,8061.0,1,A02668,18,rent,13,0.83,bachelor,3187.0,0.43,0.09,174,0.77,0.31,0.47,0,0,0,3,0,0.1217,0.289,0,Successful Borrower
U02669,24,Diploma,Unemployed,3593.0,2,A02669,6,none,4,0.3,cert,1302.0,0.42,0.09,57,0.85,0.26,0.28,0,0,0,3,0,0.0994,0.201,0,Successful Borrower
U02670,22,Diploma,Employed,7635.0,1,A02670,29,rent,5,0.55,cert,4036.0,0.73,0.07,196,0.8,0.32,0.43,0,0,0,3,1,0.0565,0.268,0,Successful Borrower
U02671,26,Bachelor's,Student,4687.0,2,A02671,9,none,1,0.66,bachelor,2130.0,0.66,0.07,87,0.77,0.29,0.41,0,0,0,2,0,0.1082,0.266,0,Successful Borrower
U02672,20,Bachelor's,Self-Employed,7775.0,2,A02672,34,owner,1,0.4,bachelor,2727.0,0.68,0.12,215,0.92,0.09,0.24,0,0,0,3,0,0.0425,0.1285,0,Successful Borrower
U02673,25,High School,Self-Employed,6966.0,1,A02673,57,rent,22,0.5,highschool,2546.0,0.53,0.15,133,0.91,0.15,0.21,0,0,0,3,0,0.155,0.144,0,Successful Borrower
U02674,20,Diploma,Employed,8219.0,2,A02674,22,rent,17,0.63,cert,5405.0,0.57,0.23,72,0.56,0.41,0.74,0,0,0,1,3,0.1028,0.476,1,Defaulted
U02675,20,Diploma,Student,4445.0,2,A02675,11,rent,7,0.43,cert,1340.0,0.64,0.05,84,0.92,0.17,0.24,0,0,0,3,0,0.1197,0.138,0,Successful Borrower
U02676,24,PhD,Student,3678.0,1,A02676,9,rent,19,0.53,phd,1489.0,0.72,0.1,114,0.8,0.25,0.32,0,0,0,2,0,0.0241,0.2275,0,Successful Borrower
U02677,25,Bachelor's,Employed,7775.0,2,A02677,42,rent,7,0.34,bachelor,3057.0,0.47,0.08,156,0.75,0.29,0.43,0,0,0,1,2,0.1082,0.2795,0,Successful Borrower
U02678,23,Bachelor's,Employed,8761.0,3,A02678,48,owner,3,0.47,bachelor,3524.0,0.79,0.12,218,0.75,0.32,0.43,0,0,0,2,0,0.0273,0.293,0,Successful Borrower
U02679,21,Bachelor's,Self-Employed,8114.0,3,A02679,37,rent,9,0.67,bachelor,3883.0,0.46,0.1,165,0.81,0.25,0.37,0,0,0,3,0,0.0653,0.2365,0,Successful Borrower
U02680,20,PhD,Student,3981.0,2,A02680,8,owner,3,0.62,phd,2137.0,0.53,0.13,62,0.71,0.3,0.48,0,0,0,2,0,0.1275,0.316,0,Successful Borrower
U02681,24,High School,Self-Employed,3590.0,2,A02681,30,rent,16,0.49,highschool,1760.0,0.85,0.12,66,0.85,0.17,0.15,0,0,1,2,2,0.0609,0.1505,0,Successful Borrower
U02682,25,Bachelor's,Employed,5484.0,2,A02682,34,rent,7,0.67,bachelor,2539.0,0.74,0.12,92,0.77,0.27,0.36,0,0,0,2,0,0.1042,0.256,0,Successful Borrower
U02683,23,High School,Student,4181.0,2,A02683,12,rent,7,0.64,highschool,1546.0,0.59,0.1,66,0.72,0.26,0.48,0,0,0,1,1,0.0204,0.298,0,Successful Borrower
U02684,25,Master's,Employed,7680.0,2,A02684,48,owner,1,0.48,master,3332.0,0.42,0.06,186,0.77,0.26,0.42,0,0,0,3,0,0.0607,0.2595,1,Defaulted
U02685,26,High School,Employed,9095.0,3,A02685,40,none,2,0.5,highschool,3225.0,0.59,0.09,159,0.85,0.2,0.17,0,0,0,2,0,0.0431,0.1585,0,Successful Borrower
U02686,23,Bachelor's,Employed,7647.0,2,A02686,21,rent,17,0.83,bachelor,4050.0,0.6,0.09,134,0.76,0.23,0.28,0,0,0,2,0,0.0697,0.225,0,Successful Borrower
U02687,26,Master's,Employed,10825.0,2,A02687,18,owner,2,0.67,master,3489.0,0.52,0.09,272,0.79,0.21,0.4,0,0,0,2,0,0.1197,0.2395,0,Successful Borrower
U02688,20,Bachelor's,Employed,10142.0,1,A02688,43,none,1,0.39,bachelor,3214.0,0.48,0.12,190,0.73,0.37,0.55,0,0,0,3,0,0.0,0.3425,0,Successful Borrower
U02689,21,Master's,Self-Employed,8292.0,2,A02689,43,rent,7,0.3,master,2845.0,0.55,0.15,205,0.69,0.34,0.44,0,0,0,1,1,0.0091,0.326,1,Defaulted
U02690,22,Diploma,Employed,9820.0,2,A02690,17,rent,9,0.47,cert,3075.0,0.6,0.05,288,0.94,0.23,0.21,0,0,0,3,0,0.1004,0.1385,0,Successful Borrower
U02691,23,Diploma,Employed,8162.0,2,A02691,6,rent,14,0.74,cert,4406.0,0.79,0.2,135,0.58,0.4,0.71,0,0,0,3,2,0.0693,0.4545,1,Defaulted
U02692,24,Bachelor's,Self-Employed,7160.0,2,A02692,3,rent,4,0.5,bachelor,3116.0,0.49,0.17,73,0.68,0.31,0.54,0,0,0,3,0,0.0647,0.35,1,Defaulted
U02693,26,PhD,Employed,9301.0,2,A02693,25,rent,16,0.62,phd,3724.0,0.55,0.06,229,0.85,0.29,0.21,0,0,0,3,1,0.0798,0.1865,0,Successful Borrower
U02694,20,Diploma,Employed,7428.0,1,A02694,50,rent,21,0.61,cert,3076.0,0.57,0.09,132,0.73,0.33,0.42,0,0,0,1,0,0.1818,0.2955,1,Defaulted
U02695,25,PhD,Employed,10013.0,3,A02695,33,owner,4,0.55,phd,1575.0,0.51,0.06,242,0.88,0.22,0.38,0,0,0,2,0,0.0299,0.201,0,Successful Borrower
U02696,25,Diploma,Employed,8576.0,3,A02696,53,rent,8,0.53,cert,3535.0,0.64,0.05,172,0.95,0.19,0.23,0,0,0,3,1,0.0094,0.13,0,Successful Borrower
U02697,24,High School,Student,2414.0,2,A02697,4,none,1,0.31,highschool,1295.0,0.54,0.12,28,0.57,0.47,0.59,1,0,0,3,1,0.1015,0.4335,1,Defaulted
U02698,20,Bachelor's,Employed,5652.0,2,A02698,9,none,1,0.61,bachelor,1987.0,0.76,0.05,166,0.85,0.31,0.23,0,0,0,3,1,0.1691,0.195,0,Successful Borrower
U02699,26,Master's,Student,4373.0,2,A02699,11,owner,2,0.59,master,2098.0,0.62,0.04,131,0.87,0.24,0.23,0,0,0,3,1,0.0818,0.169,0,Successful Borrower
U02700,21,Bachelor's,Self-Employed,7175.0,3,A02700,37,rent,17,0.4,bachelor,3902.0,0.46,0.25,52,0.56,0.57,0.64,0,0,0,2,3,0.1361,0.494,1,Defaulted
U02701,21,Bachelor's,Employed,8745.0,3,A02701,37,rent,24,0.56,bachelor,4464.0,0.74,0.08,189,0.85,0.22,0.31,0,0,0,2,0,0.2379,0.197,0,Successful Borrower
U02702,23,PhD,Employed,8211.0,2,A02702,58,rent,12,0.55,phd,2285.0,0.62,0.06,220,0.99,0.11,0.24,0,0,0,2,0,0.1662,0.1,0,Successful Borrower
U02703,25,Bachelor's,Student,4630.0,3,A02703,4,rent,5,0.61,bachelor,1846.0,0.7,0.04,127,0.92,0.17,0.22,0,0,0,3,2,0.1079,0.1315,0,Successful Borrower
U02704,22,High School,Self-Employed,8936.0,1,A02704,49,rent,16,0.59,highschool,3663.0,0.5,0.19,200,0.58,0.49,0.69,0,1,0,3,1,0.0232,0.4705,1,Defaulted
U02705,20,PhD,Student,3504.0,1,A02705,7,rent,13,0.4,phd,1317.0,0.41,0.09,69,0.81,0.31,0.28,0,0,0,2,0,0.1239,0.2275,0,Successful Borrower
U02706,23,Bachelor's,Employed,12944.0,2,A02706,10,rent,5,0.68,bachelor,3665.0,0.51,0.09,317,0.79,0.3,0.21,0,0,0,3,1,0.1216,0.2145,0,Successful Borrower
U02707,21,High School,Student,3111.0,2,A02707,3,rent,7,0.64,highschool,1318.0,0.5,0.11,91,0.62,0.38,0.51,0,0,0,1,1,0.0197,0.372,0,Successful Borrower
U02708,24,Diploma,Employed,8885.0,1,A02708,56,rent,22,0.71,cert,3328.0,0.65,0.02,233,0.75,0.3,0.36,0,0,0,1,0,0.1404,0.2555,0,Successful Borrower
U02709,26,Master's,Student,3858.0,2,A02709,1,rent,12,0.3,master,2365.0,0.63,0.16,83,0.65,0.43,0.5,0,0,0,2,0,0.0501,0.379,1,Defaulted
U02710,25,Master's,Unemployed,2818.0,2,A02710,1,rent,14,0.58,master,1478.0,0.69,0.21,61,0.62,0.49,0.61,0,0,0,1,2,0.0544,0.4395,1,Defaulted
U02711,21,Bachelor's,Unemployed,1270.0,3,A02711,0,rent,7,0.42,bachelor,1085.0,0.76,0.3,18,0.56,0.74,0.8,0,0,0,0,3,0.0,0.584,0,Successful Borrower
U02712,20,Master's,Employed,9159.0,2,A02712,13,owner,2,0.78,master,2890.0,0.78,0.08,236,0.78,0.35,0.3,0,0,0,3,0,0.0799,0.2515,0,Successful Borrower
U02713,20,Master's,Student,2687.0,3,A02713,3,rent,13,0.44,master,1102.0,0.69,0.05,69,0.9,0.25,0.15,0,0,0,2,0,0.0,0.1425,0,Successful Borrower
U02714,22,Diploma,Unemployed,3734.0,3,A02714,6,rent,16,0.51,cert,1661.0,0.59,0.18,63,0.61,0.52,0.53,0,0,0,1,1,0.215,0.426,1,Defaulted
U02715,20,Bachelor's,Employed,5632.0,1,A02715,38,none,4,0.83,bachelor,2738.0,0.49,0.14,128,0.67,0.32,0.39,0,0,0,3,1,0.2322,0.314,0,Successful Borrower
U02716,25,Diploma,Unemployed,1777.0,1,A02716,4,none,2,0.64,cert,579.0,0.84,0.13,51,0.73,0.38,0.27,0,0,0,1,0,0.0681,0.2765,1,Defaulted
U02717,25,High School,Employed,9629.0,3,A02717,13,owner,1,0.65,highschool,2843.0,0.36,0.07,257,1.0,0.18,0.19,0,0,0,2,1,0.0,0.103,0,Successful Borrower
U02718,20,Bachelor's,Student,4484.0,3,A02718,9,rent,13,0.32,bachelor,2126.0,0.72,0.13,66,0.85,0.36,0.34,0,0,0,1,1,0.0501,0.247,0,Successful Borrower
U02719,26,Bachelor's,Employed,8940.0,2,A02719,24,rent,16,0.59,bachelor,3650.0,0.47,0.12,200,0.76,0.37,0.37,0,0,0,3,0,0.0365,0.287,0,Successful Borrower
U02720,26,Bachelor's,Self-Employed,9816.0,2,A02720,56,rent,14,0.3,bachelor,5214.0,0.42,0.22,94,0.58,0.35,0.5,0,1,0,2,3,0.0686,0.3925,1,Defaulted
U02721,25,Master's,Student,4684.0,3,A02721,4,rent,5,0.3,master,2265.0,0.72,0.09,102,0.71,0.35,0.56,0,0,0,3,1,0.1415,0.3425,1,Defaulted
U02722,26,Bachelor's,Student,3999.0,3,A02722,1,none,4,0.59,bachelor,2699.0,0.74,0.11,92,0.83,0.22,0.38,0,0,0,3,0,0.0276,0.226,0,Successful Borrower
U02723,24,High School,Student,3089.0,1,A02723,4,rent,7,0.64,highschool,2216.0,0.63,0.13,73,0.73,0.44,0.34,0,0,0,0,0,0.1549,0.309,0,Successful Borrower
U02724,23,Master's,Employed,4730.0,2,A02724,11,owner,2,0.48,master,2422.0,0.48,0.05,115,0.83,0.23,0.45,0,0,0,3,0,0.1513,0.237,0,Successful Borrower
U02725,24,Bachelor's,Student,3099.0,3,A02725,8,rent,13,0.3,bachelor,1106.0,0.69,0.05,66,0.83,0.28,0.39,0,0,0,1,0,0.0,0.2345,0,Successful Borrower
U02726,25,High School,Student,4092.0,1,A02726,3,rent,9,0.51,highschool,1871.0,0.76,0.1,115,0.73,0.35,0.45,0,0,0,3,0,0.0607,0.3095,1,Defaulted
U02727,20,Bachelor's,Employed,8956.0,3,A02727,34,rent,5,0.63,bachelor,3362.0,0.31,0.05,220,0.9,0.18,0.2,0,0,0,3,0,0.1019,0.1375,0,Successful Borrower
U02728,22,Bachelor's,Unemployed,3489.0,2,A02728,2,rent,14,0.55,bachelor,2054.0,0.81,0.2,43,0.59,0.47,0.58,0,0,0,2,0,0.0924,0.436,1,Defaulted
U02729,20,Bachelor's,Self-Employed,10459.0,1,A02729,27,owner,3,0.47,bachelor,4192.0,0.36,0.14,186,0.83,0.23,0.35,0,0,0,3,1,0.0586,0.2255,1,Defaulted
U02730,26,Bachelor's,Employed,5720.0,1,A02730,60,owner,0,0.45,bachelor,2686.0,0.51,0.1,140,0.78,0.23,0.48,0,0,0,1,0,0.1344,0.2695,0,Successful Borrower
U02731,26,Diploma,Employed,7084.0,2,A02731,27,rent,15,0.44,cert,2081.0,0.55,0.11,168,0.81,0.23,0.37,0,0,0,2,0,0.0,0.233,0,Successful Borrower
U02732,21,Master's,Employed,7722.0,1,A02732,34,rent,13,0.56,master,4113.0,0.5,0.15,158,0.59,0.49,0.63,0,0,0,2,1,0.3045,0.446,1,Defaulted
U02733,25,Master's,Student,4207.0,2,A02733,5,rent,22,0.4,master,532.0,0.67,0.04,106,0.9,0.23,0.15,0,0,0,3,0,0.0948,0.136,0,Successful Borrower
U02734,26,Bachelor's,Student,4580.0,2,A02734,11,rent,11,0.39,bachelor,3697.0,0.72,0.21,25,0.67,0.43,0.55,0,0,0,2,1,0.007,0.392,0,Successful Borrower
U02735,20,High School,Self-Employed,8563.0,2,A02735,49,none,3,0.41,highschool,2080.0,0.52,0.15,202,0.72,0.29,0.48,0,0,0,2,0,0.123,0.313,0,Successful Borrower
U02736,22,Master's,Employed,7493.0,2,A02736,35,owner,1,0.83,master,3392.0,0.53,0.09,189,0.75,0.36,0.58,0,0,0,3,0,0.0492,0.336,0,Successful Borrower
U02737,24,High School,Student,4370.0,1,A02737,10,rent,9,0.47,highschool,1199.0,0.64,0.03,153,0.88,0.3,0.18,0,0,0,2,0,0.0048,0.1665,0,Successful Borrower
U02738,24,Diploma,Self-Employed,10189.0,1,A02738,19,rent,4,0.66,cert,4429.0,0.6,0.22,167,0.62,0.32,0.55,0,0,0,3,1,0.1015,0.3835,1,Defaulted
U02739,21,Master's,Unemployed,2559.0,2,A02739,6,owner,3,0.47,master,1007.0,0.73,0.14,109,0.73,0.41,0.5,0,0,0,3,1,0.2109,0.343,1,Defaulted
U02740,21,High School,Employed,7693.0,3,A02740,6,none,0,0.32,highschool,2704.0,0.59,0.04,178,0.98,0.1,0.09,0,0,0,2,1,0.152,0.0605,0,Successful Borrower
U02741,22,Bachelor's,Self-Employed,10415.0,2,A02741,17,owner,4,0.42,bachelor,3856.0,0.5,0.11,244,0.89,0.18,0.21,0,0,0,3,0,0.0,0.1525,0,Successful Borrower
U02742,23,Master's,Self-Employed,8995.0,2,A02742,43,rent,17,0.42,master,3510.0,0.4,0.16,150,0.81,0.22,0.33,0,0,0,2,1,0.0547,0.228,1,Defaulted
U02743,26,Bachelor's,Self-Employed,14275.0,3,A02743,39,rent,8,0.34,bachelor,6533.0,0.58,0.21,160,0.63,0.4,0.5,0,0,0,3,1,0.0587,0.386,1,Defaulted
U02744,24,Bachelor's,Employed,6363.0,3,A02744,14,rent,4,0.51,bachelor,4234.0,0.49,0.21,59,0.57,0.52,0.62,0,0,0,0,3,0.0756,0.467,1,Defaulted
U02745,26,Master's,Student,3963.0,2,A02745,12,none,2,0.52,master,2268.0,0.54,0.14,82,0.64,0.36,0.61,0,1,0,2,1,0.0145,0.3895,1,Defaulted
U02746,20,Bachelor's,Employed,7089.0,2,A02746,8,rent,8,0.51,bachelor,2051.0,0.62,0.04,144,0.84,0.28,0.27,0,0,0,2,2,0.0,0.1995,0,Successful Borrower
U02747,22,High School,Unemployed,4696.0,2,A02747,4,rent,13,0.44,highschool,1952.0,0.54,0.09,68,0.83,0.34,0.21,0,0,0,1,0,0.0534,0.2105,0,Successful Borrower
U02748,23,Bachelor's,Employed,8279.0,2,A02748,32,rent,4,0.67,bachelor,4537.0,0.63,0.09,127,0.77,0.27,0.33,0,0,0,3,0,0.1566,0.244,0,Successful Borrower
U02749,20,Bachelor's,Student,4084.0,3,A02749,7,none,3,0.55,bachelor,2365.0,0.64,0.09,34,0.79,0.28,0.33,0,0,0,1,0,0.0738,0.2395,0,Successful Borrower
U02750,21,Bachelor's,Employed,8804.0,3,A02750,52,rent,24,0.74,bachelor,3210.0,0.34,0.06,167,0.93,0.21,0.1,0,0,0,3,0,0.0,0.111,0,Successful Borrower
U02751,21,Master's,Student,2655.0,3,A02751,8,rent,5,0.3,master,1343.0,0.71,0.09,57,0.82,0.27,0.23,0,0,0,1,1,0.1395,0.2015,0,Successful Borrower
U02752,26,Bachelor's,Employed,11602.0,2,A02752,57,rent,16,0.52,bachelor,4202.0,0.47,0.07,310,0.86,0.27,0.27,0,0,0,2,0,0.1025,0.1945,0,Successful Borrower
U02753,22,High School,Employed,10587.0,1,A02753,57,none,2,0.67,highschool,3592.0,0.61,0.09,225,0.85,0.15,0.35,0,0,0,2,1,0.0,0.191,0,Successful Borrower
U02754,25,Bachelor's,Employed,8841.0,2,A02754,9,none,1,0.63,bachelor,2286.0,0.53,0.04,228,0.83,0.34,0.27,0,0,0,3,0,0.1253,0.218,0,Successful Borrower
U02755,20,Master's,Self-Employed,9390.0,3,A02755,45,owner,3,0.54,master,3241.0,0.41,0.15,210,0.79,0.35,0.41,0,0,0,3,1,0.1024,0.286,0,Successful Borrower
U02756,26,Bachelor's,Student,3395.0,2,A02756,2,rent,18,0.59,bachelor,1284.0,0.65,0.16,110,0.68,0.3,0.5,0,0,0,3,0,0.1777,0.336,1,Defaulted
U02757,23,Bachelor's,Employed,10522.0,2,A02757,45,rent,22,0.53,bachelor,4681.0,0.68,0.13,217,0.68,0.41,0.59,0,1,0,2,0,0.0471,0.3815,0,Successful Borrower
U02758,26,Bachelor's,Student,5304.0,2,A02758,12,none,4,0.53,bachelor,1438.0,0.65,0.11,140,0.74,0.29,0.45,0,0,0,3,0,0.1371,0.2925,0,Successful Borrower
U02759,26,Bachelor's,Self-Employed,4690.0,2,A02759,54,rent,12,0.54,bachelor,1138.0,0.55,0.14,176,0.86,0.17,0.27,0,0,0,3,1,0.0713,0.18,1,Defaulted
U02760,25,Master's,Student,4987.0,1,A02760,7,rent,19,0.67,master,676.0,0.52,0.02,151,1.0,0.1,0.01,0,0,0,3,0,0.0461,0.0305,0,Successful Borrower
U02761,20,Master's,Employed,7009.0,1,A02761,6,owner,0,0.39,master,3495.0,0.67,0.16,138,0.67,0.39,0.58,0,0,0,3,1,0.1561,0.382,1,Defaulted
U02762,22,High School,Self-Employed,12375.0,2,A02762,20,owner,3,0.3,highschool,3713.0,0.53,0.2,171,0.72,0.24,0.5,0,0,0,2,1,0.0217,0.313,0,Successful Borrower
U02763,20,Bachelor's,Employed,7266.0,1,A02763,56,rent,9,0.43,bachelor,2076.0,0.48,0.04,178,0.89,0.21,0.3,0,0,0,3,1,0.0661,0.172,0,Successful Borrower
U02764,24,Bachelor's,Self-Employed,9630.0,2,A02764,11,owner,4,0.33,bachelor,3489.0,0.54,0.11,246,0.86,0.08,0.19,0,0,0,1,0,0.1504,0.133,0,Successful Borrower
U02765,24,Bachelor's,Employed,8260.0,2,A02765,53,owner,2,0.79,bachelor,1075.0,0.69,0.03,229,0.98,0.18,0.22,0,0,0,3,2,0.1263,0.1115,0,Successful Borrower
U02766,23,Bachelor's,Self-Employed,8346.0,3,A02766,5,rent,18,0.3,bachelor,2547.0,0.52,0.15,198,0.89,0.14,0.28,0,0,0,3,0,0.0667,0.166,0,Successful Borrower
U02767,24,Bachelor's,Student,2977.0,3,A02767,6,rent,9,0.49,bachelor,1383.0,0.68,0.08,60,0.77,0.29,0.41,0,0,0,2,0,0.052,0.2675,0,Successful Borrower
U02768,21,Bachelor's,Employed,6619.0,3,A02768,40,rent,14,0.48,bachelor,1021.0,0.55,0.03,162,0.91,0.17,0.17,0,0,0,3,1,0.1163,0.121,0,Successful Borrower
U02769,21,Diploma,Self-Employed,9105.0,2,A02769,24,rent,13,0.44,cert,4502.0,0.78,0.28,77,0.56,0.36,0.8,0,0,0,2,3,0.0549,0.486,1,Defaulted
U02770,26,Master's,Employed,7386.0,3,A02770,42,rent,13,0.38,master,3766.0,0.68,0.1,138,0.68,0.33,0.51,0,0,0,3,2,0.1566,0.337,0,Successful Borrower
U02771,22,Diploma,Employed,9776.0,1,A02771,32,owner,1,0.62,cert,3167.0,0.59,0.12,273,0.78,0.38,0.42,0,0,0,2,0,0.0,0.295,0,Successful Borrower
U02772,23,Bachelor's,Employed,5634.0,1,A02772,21,owner,4,0.41,bachelor,3089.0,0.57,0.13,114,0.56,0.49,0.61,0,0,0,3,1,0.1748,0.4485,1,Defaulted
U02773,25,Bachelor's,Employed,5525.0,2,A02773,11,rent,11,0.36,bachelor,2579.0,0.53,0.08,113,0.88,0.25,0.31,0,0,0,2,0,0.2239,0.194,0,Successful Borrower
U02774,26,Bachelor's,Self-Employed,10934.0,2,A02774,35,owner,0,0.54,bachelor,4117.0,0.5,0.15,193,0.71,0.3,0.44,0,0,0,2,1,0.1686,0.309,0,Successful Borrower
U02775,21,Bachelor's,Employed,7254.0,1,A02775,33,rent,10,0.57,bachelor,2904.0,0.64,0.11,188,0.75,0.26,0.44,0,0,0,2,0,0.0533,0.279,0,Successful Borrower
U02776,24,Diploma,Self-Employed,8889.0,2,A02776,56,none,2,0.5,cert,2780.0,0.72,0.19,212,0.73,0.26,0.45,0,0,0,3,0,0.0357,0.3005,1,Defaulted
U02777,21,Bachelor's,Employed,8856.0,2,A02777,29,owner,2,0.62,bachelor,2617.0,0.41,0.05,220,0.92,0.21,0.19,0,0,0,3,0,0.0864,0.1355,0,Successful Borrower
U02778,23,Bachelor's,Student,2229.0,2,A02778,4,rent,17,0.54,bachelor,1123.0,0.54,0.11,59,0.67,0.32,0.42,0,0,0,1,0,0.0301,0.317,1,Defaulted
U02779,22,Master's,Employed,9032.0,2,A02779,36,owner,0,0.66,master,2778.0,0.59,0.07,272,0.92,0.24,0.11,0,0,0,3,0,0.0,0.126,0,Successful Borrower
U02780,26,Bachelor's,Student,5360.0,2,A02780,12,owner,0,0.51,bachelor,2339.0,0.37,0.14,74,0.86,0.22,0.19,0,0,0,1,1,0.0905,0.1725,0,Successful Borrower
U02781,22,High School,Self-Employed,9485.0,2,A02781,46,rent,9,0.36,highschool,3412.0,0.66,0.12,114,0.72,0.32,0.46,0,0,0,3,0,0.0256,0.311,1,Defaulted
U02782,22,Master's,Self-Employed,6804.0,2,A02782,32,rent,6,0.48,master,1171.0,0.72,0.16,177,0.9,0.18,0.17,0,0,0,3,1,0.0362,0.1465,0,Successful Borrower
U02783,22,Bachelor's,Student,4914.0,3,A02783,1,rent,6,0.62,bachelor,1787.0,0.85,0.08,96,0.83,0.23,0.36,0,0,0,2,0,0.046,0.219,0,Successful Borrower
U02784,25,High School,Employed,9504.0,2,A02784,25,rent,20,0.65,highschool,3454.0,0.51,0.07,229,0.8,0.29,0.38,0,0,0,2,0,0.0716,0.248,0,Successful Borrower
U02785,22,Bachelor's,Self-Employed,6147.0,3,A02785,43,rent,11,0.61,bachelor,2131.0,0.71,0.18,172,0.57,0.48,0.72,0,0,0,2,1,0.0191,0.4775,1,Defaulted
U02786,22,Bachelor's,Unemployed,2953.0,1,A02786,4,none,3,0.6,bachelor,1671.0,0.6,0.18,47,0.61,0.44,0.64,0,0,0,1,1,0.0,0.4335,1,Defaulted
U02787,22,Bachelor's,Unemployed,2244.0,2,A02787,5,rent,4,0.44,bachelor,825.0,0.65,0.09,63,0.79,0.4,0.25,0,0,0,1,2,0.1022,0.2495,0,Successful Borrower
U02788,20,Bachelor's,Employed,6039.0,3,A02788,18,owner,1,0.51,bachelor,2281.0,0.59,0.12,98,0.84,0.28,0.33,0,0,0,2,0,0.0741,0.2265,0,Successful Borrower
U02789,21,Bachelor's,Unemployed,2340.0,1,A02789,0,rent,18,0.66,bachelor,1557.0,0.79,0.1,52,0.72,0.44,0.46,0,0,0,1,1,0.0355,0.338,1,Defaulted
U02790,24,High School,Unemployed,3266.0,2,A02790,4,rent,19,0.5,highschool,2176.0,0.66,0.18,91,0.56,0.5,0.65,0,0,0,1,3,0.0474,0.4685,1,Defaulted
U02791,20,Bachelor's,Self-Employed,8656.0,2,A02791,60,owner,0,0.73,bachelor,3583.0,0.58,0.15,220,0.79,0.27,0.36,0,0,0,3,0,0.1111,0.2535,0,Successful Borrower
U02792,26,Diploma,Self-Employed,7106.0,1,A02792,5,rent,9,0.63,cert,2652.0,0.66,0.11,126,0.82,0.24,0.32,0,0,0,3,0,0.148,0.2195,0,Successful Borrower
U02793,20,Diploma,Employed,8196.0,2,A02793,25,rent,22,0.4,cert,5202.0,0.72,0.15,118,0.74,0.31,0.41,0,0,0,3,0,0.0,0.2935,0,Successful Borrower
U02794,21,Bachelor's,Self-Employed,6233.0,1,A02794,9,rent,20,0.7,bachelor,1524.0,0.55,0.07,123,1.0,0.09,0.07,0,0,0,3,0,0.0519,0.0505,0,Successful Borrower
U02795,26,Diploma,Self-Employed,9265.0,3,A02795,23,rent,11,0.4,cert,1981.0,0.42,0.17,200,0.76,0.33,0.39,0,0,0,2,0,0.0839,0.2895,1,Defaulted
U02796,24,Bachelor's,Employed,8345.0,3,A02796,10,owner,0,0.6,bachelor,5097.0,0.54,0.12,139,0.69,0.33,0.62,0,0,0,2,2,0.0622,0.364,1,Defaulted
U02797,23,High School,Student,3411.0,1,A02797,6,rent,7,0.64,highschool,951.0,0.68,0.02,66,0.97,0.1,0.25,0,0,0,3,0,0.0607,0.101,0,Successful Borrower
U02798,20,Bachelor's,Employed,9404.0,3,A02798,24,owner,2,0.32,bachelor,2353.0,0.51,0.02,258,0.94,0.24,0.12,0,0,0,3,0,0.0883,0.114,0,Successful Borrower
U02799,25,Master's,Unemployed,2331.0,2,A02799,0,none,4,0.33,master,889.0,0.83,0.12,78,0.77,0.36,0.41,0,0,1,2,0,0.0705,0.291,1,Defaulted
U02800,20,Master's,Employed,8056.0,2,A02800,21,owner,3,0.74,master,1539.0,0.63,0.05,286,0.85,0.26,0.23,0,0,0,3,0,0.0598,0.1825,0,Successful Borrower
U02801,23,Diploma,Employed,8624.0,2,A02801,6,rent,16,0.77,cert,5192.0,0.43,0.09,143,0.82,0.2,0.4,0,0,0,3,0,0.1403,0.2265,0,Successful Borrower
U02802,22,Bachelor's,Student,1320.0,3,A02802,1,rent,19,0.3,bachelor,1063.0,0.53,0.2,0,0.56,0.58,0.59,0,0,0,0,3,0.0632,0.4765,1,Defaulted
U02803,23,Master's,Self-Employed,7778.0,1,A02803,16,rent,20,0.74,master,3786.0,0.78,0.15,151,0.74,0.34,0.44,0,0,0,3,0,0.0,0.3085,0,Successful Borrower
U02804,23,Bachelor's,Self-Employed,9761.0,1,A02804,13,owner,2,0.71,bachelor,3238.0,0.55,0.19,198,0.58,0.44,0.58,0,0,0,3,0,0.0265,0.4305,1,Defaulted
U02805,23,High School,Employed,6665.0,3,A02805,9,rent,9,0.67,highschool,3282.0,0.65,0.08,172,0.85,0.26,0.27,0,0,0,2,1,0.1202,0.197,0,Successful Borrower
U02806,21,Bachelor's,Self-Employed,8368.0,2,A02806,44,rent,4,0.54,bachelor,5112.0,0.73,0.25,70,0.56,0.58,0.69,0,0,0,1,1,0.0846,0.509,1,Defaulted
U02807,24,High School,Self-Employed,6898.0,2,A02807,18,rent,21,0.38,highschool,804.0,0.85,0.06,176,1.0,0.08,0.14,0,0,0,2,0,0.0188,0.064,0,Successful Borrower
U02808,21,Bachelor's,Self-Employed,5267.0,2,A02808,30,rent,20,0.64,bachelor,1884.0,0.6,0.16,170,0.8,0.3,0.32,0,0,0,3,0,0.1517,0.249,0,Successful Borrower
U02809,23,Master's,Employed,6507.0,2,A02809,44,rent,14,0.79,master,3214.0,0.6,0.11,162,0.69,0.39,0.6,0,0,0,1,1,0.1195,0.3725,1,Defaulted
U02810,20,Bachelor's,Unemployed,1387.0,2,A02810,5,none,4,0.34,bachelor,901.0,0.84,0.19,71,0.58,0.54,0.51,0,0,0,2,1,0.1583,0.438,0,Successful Borrower
U02811,20,Master's,Student,3245.0,2,A02811,1,rent,23,0.44,master,789.0,0.6,0.1,68,0.86,0.27,0.22,0,0,0,1,0,0.0872,0.1865,0,Successful Borrower
U02812,22,Bachelor's,Employed,10121.0,1,A02812,39,owner,2,0.66,bachelor,3020.0,0.56,0.02,236,0.95,0.17,0.23,0,0,0,3,1,0.0371,0.1205,0,Successful Borrower
U02813,23,Master's,Student,3846.0,3,A02813,4,none,4,0.48,master,1572.0,0.71,0.06,51,0.85,0.27,0.34,0,0,0,1,1,0.018,0.214,0,Successful Borrower
U02814,25,Bachelor's,Employed,6907.0,2,A02814,52,owner,4,0.32,bachelor,3690.0,0.55,0.17,135,0.67,0.47,0.59,0,0,0,2,0,0.1386,0.406,1,Defaulted
U02815,24,Diploma,Self-Employed,8465.0,2,A02815,37,rent,22,0.59,cert,2188.0,0.66,0.08,215,0.95,0.19,0.14,0,0,0,3,0,0.0,0.112,0,Successful Borrower
U02816,22,Bachelor's,Self-Employed,6730.0,1,A02816,35,owner,2,0.55,bachelor,2471.0,0.48,0.13,180,0.78,0.3,0.24,0,0,0,3,0,0.11,0.2315,0,Successful Borrower
U02817,20,High School,Employed,8495.0,2,A02817,33,rent,5,0.58,highschool,3257.0,0.6,0.08,188,0.77,0.28,0.43,0,0,0,2,2,0.0145,0.27,1,Defaulted
U02818,23,Bachelor's,Employed,9726.0,3,A02818,16,owner,2,0.46,bachelor,3189.0,0.58,0.05,263,0.92,0.21,0.27,0,0,0,3,0,0.0875,0.1555,0,Successful Borrower
U02819,26,Bachelor's,Self-Employed,7359.0,3,A02819,39,rent,18,0.45,bachelor,4070.0,0.54,0.19,142,0.78,0.17,0.39,0,0,0,3,0,0.1197,0.2455,0,Successful Borrower
U02820,22,High School,Employed,7725.0,2,A02820,28,rent,13,0.59,highschool,1879.0,0.45,0.07,196,0.85,0.32,0.09,0,0,0,3,0,0.1499,0.1655,0,Successful Borrower
U02821,25,Diploma,Self-Employed,7220.0,3,A02821,8,rent,7,0.38,cert,4679.0,0.66,0.24,47,0.69,0.39,0.53,0,0,0,1,0,0.1632,0.3745,1,Defaulted
U02822,20,Master's,Student,2885.0,2,A02822,9,none,0,0.49,master,1416.0,0.65,0.15,0,0.6,0.48,0.67,0,0,0,1,0,0.0969,0.45,1,Defaulted
U02823,21,Master's,Unemployed,1200.0,1,A02823,1,rent,22,0.73,master,445.0,0.73,0.14,55,0.57,0.62,0.45,0,0,0,3,2,0.0996,0.439,1,Defaulted
U02824,25,Bachelor's,Student,4269.0,1,A02824,9,owner,2,0.46,bachelor,1777.0,0.56,0.04,161,0.81,0.28,0.31,0,0,0,2,0,0.0,0.22,1,Defaulted
U02825,26,High School,Employed,8936.0,3,A02825,22,owner,0,0.58,highschool,2949.0,0.54,0.07,229,0.8,0.25,0.32,0,0,0,3,0,0.174,0.223,0,Successful Borrower
U02826,26,High School,Employed,6243.0,1,A02826,28,rent,17,0.54,highschool,2026.0,0.68,0.08,206,0.8,0.26,0.24,0,0,0,3,1,0.0937,0.207,0,Successful Borrower
U02827,22,Bachelor's,Self-Employed,9543.0,1,A02827,5,rent,5,0.54,bachelor,3355.0,0.48,0.11,199,0.88,0.24,0.22,0,0,0,3,1,0.1046,0.1735,0,Successful Borrower
U02828,22,Bachelor's,Employed,7604.0,3,A02828,40,rent,11,0.32,bachelor,3431.0,0.53,0.08,140,0.89,0.29,0.28,0,0,0,3,0,0.0611,0.193,0,Successful Borrower
U02829,25,Bachelor's,Employed,8326.0,2,A02829,22,rent,10,0.41,bachelor,4054.0,0.69,0.09,167,0.79,0.23,0.41,0,0,0,3,1,0.119,0.247,0,Successful Borrower
U02830,23,Diploma,Student,3408.0,1,A02830,3,rent,5,0.55,cert,2182.0,0.74,0.15,53,0.81,0.23,0.42,0,0,0,1,2,0.0808,0.2515,0,Successful Borrower
U02831,24,Bachelor's,Unemployed,3103.0,2,A02831,3,rent,16,0.39,bachelor,1754.0,0.62,0.16,95,0.64,0.44,0.54,0,0,0,2,0,0.1425,0.395,1,Defaulted
U02832,23,Bachelor's,Unemployed,2327.0,2,A02832,6,none,2,0.7,bachelor,1817.0,0.75,0.23,35,0.61,0.56,0.56,0,0,0,2,2,0.0113,0.451,1,Defaulted
U02833,23,Master's,Employed,9857.0,2,A02833,48,owner,3,0.38,master,3517.0,0.62,0.05,244,0.78,0.3,0.43,0,0,0,2,1,0.0667,0.267,0,Successful Borrower
U02834,25,High School,Employed,11751.0,1,A02834,44,owner,4,0.46,highschool,5658.0,0.5,0.07,249,0.74,0.3,0.4,0,0,0,2,0,0.0408,0.2765,1,Defaulted
U02835,20,Bachelor's,Unemployed,3211.0,3,A02835,5,rent,11,0.42,bachelor,1605.0,0.79,0.23,17,0.56,0.57,0.77,0,0,0,0,3,0.2313,0.5235,1,Defaulted
U02836,23,Bachelor's,Employed,8079.0,2,A02836,53,owner,1,0.62,bachelor,2983.0,0.47,0.08,235,0.85,0.28,0.35,0,0,0,1,0,0.1797,0.222,0,Successful Borrower
U02837,26,High School,Employed,9912.0,2,A02837,53,rent,24,0.48,highschool,4915.0,0.47,0.2,166,0.6,0.37,0.61,0,0,0,3,2,0.1262,0.415,0,Successful Borrower
U02838,23,Bachelor's,Unemployed,1612.0,2,A02838,5,rent,7,0.44,bachelor,771.0,0.7,0.12,89,0.78,0.3,0.38,0,0,0,1,2,0.0607,0.265,0,Successful Borrower
U02839,24,Diploma,Unemployed,3733.0,3,A02839,6,rent,17,0.44,cert,2114.0,0.66,0.19,75,0.62,0.52,0.41,0,0,0,2,1,0.1432,0.394,1,Defaulted
U02840,26,Master's,Student,4466.0,1,A02840,11,rent,22,0.58,master,1987.0,0.51,0.08,82,0.78,0.29,0.22,0,0,0,1,0,0.1406,0.2165,1,Defaulted
U02841,25,Bachelor's,Employed,9527.0,1,A02841,60,owner,2,0.66,bachelor,3053.0,0.59,0.07,234,0.82,0.2,0.45,0,0,0,1,0,0.173,0.236,1,Defaulted
U02842,21,High School,Employed,8148.0,1,A02842,43,owner,4,0.52,highschool,3419.0,0.72,0.09,173,0.9,0.14,0.14,0,0,0,3,0,0.1603,0.1185,0,Successful Borrower
U02843,21,Bachelor's,Student,2665.0,2,A02843,12,rent,5,0.35,bachelor,817.0,0.64,0.08,130,0.83,0.23,0.3,0,0,0,2,0,0.0403,0.204,0,Successful Borrower
U02844,26,Master's,Student,5556.0,2,A02844,6,rent,6,0.51,master,1093.0,0.56,0.05,141,0.93,0.23,0.25,0,0,0,3,0,0.1466,0.152,0,Successful Borrower
U02845,20,Bachelor's,Self-Employed,5281.0,2,A02845,15,none,2,0.58,bachelor,3159.0,0.52,0.26,69,0.65,0.36,0.45,0,0,0,2,1,0.0379,0.364,0,Successful Borrower
U02846,24,Bachelor's,Employed,10877.0,3,A02846,21,owner,3,0.44,bachelor,3908.0,0.48,0.09,213,0.76,0.32,0.53,0,0,0,3,0,0.2514,0.31,1,Defaulted
U02847,20,Bachelor's,Student,2614.0,1,A02847,10,rent,17,0.68,bachelor,872.0,0.67,0.09,44,0.93,0.16,0.05,0,0,0,1,0,0.056,0.0905,0,Successful Borrower
U02848,24,Bachelor's,Student,3954.0,2,A02848,7,none,3,0.65,bachelor,1643.0,0.66,0.04,65,0.87,0.21,0.28,0,0,0,2,0,0.0,0.174,0,Successful Borrower
U02849,26,Bachelor's,Employed,6356.0,2,A02849,32,rent,8,0.64,bachelor,2546.0,0.69,0.12,153,0.78,0.3,0.34,0,0,0,3,0,0.0554,0.255,1,Defaulted
U02850,24,Diploma,Employed,8668.0,1,A02850,59,rent,13,0.7,cert,3757.0,0.45,0.06,232,0.79,0.28,0.32,0,0,0,2,0,0.0984,0.2325,1,Defaulted
U02851,22,Bachelor's,Student,2794.0,2,A02851,10,rent,7,0.69,bachelor,1370.0,0.65,0.12,107,0.8,0.27,0.38,0,1,0,2,0,0.0475,0.2505,1,Defaulted
U02852,22,Master's,Employed,6382.0,3,A02852,36,rent,6,0.49,master,3618.0,0.53,0.06,154,0.78,0.31,0.34,0,0,0,3,0,0.1324,0.2485,0,Successful Borrower
U02853,24,Master's,Unemployed,4046.0,2,A02853,1,none,0,0.59,master,1893.0,0.61,0.19,135,0.58,0.5,0.5,1,0,0,3,2,0.097,0.4255,1,Defaulted
U02854,26,Diploma,Employed,10323.0,1,A02854,42,owner,1,0.49,cert,4299.0,0.57,0.07,175,0.92,0.24,0.26,0,0,0,3,1,0.0642,0.1635,0,Successful Borrower
U02855,22,Master's,Employed,9151.0,3,A02855,51,owner,2,0.68,master,3583.0,0.71,0.05,203,0.83,0.28,0.39,0,0,0,3,0,0.1428,0.2345,0,Successful Borrower
U02856,21,Bachelor's,Employed,9530.0,3,A02856,24,owner,1,0.73,bachelor,4164.0,0.56,0.14,176,0.71,0.42,0.51,0,0,0,2,0,0.1308,0.355,0,Successful Borrower
U02857,24,Master's,Unemployed,1467.0,1,A02857,6,rent,16,0.51,master,456.0,0.46,0.11,71,0.77,0.36,0.38,0,0,0,2,0,0.1171,0.282,0,Successful Borrower
U02858,23,Bachelor's,Student,3012.0,1,A02858,7,rent,19,0.6,bachelor,1215.0,0.66,0.08,87,0.7,0.35,0.38,0,0,0,2,0,0.0929,0.2995,0,Successful Borrower
U02859,24,Master's,Self-Employed,6502.0,1,A02859,39,rent,9,0.33,master,1182.0,0.57,0.14,162,0.92,0.12,0.23,0,0,0,3,0,0.0591,0.1365,0,Successful Borrower
U02860,24,Bachelor's,Self-Employed,8341.0,2,A02860,53,none,1,0.46,bachelor,3284.0,0.65,0.09,154,0.74,0.34,0.42,0,0,1,3,0,0.0192,0.2945,1,Defaulted
U02861,22,PhD,Employed,9090.0,3,A02861,41,none,2,0.6,phd,4020.0,0.78,0.1,196,0.86,0.16,0.25,0,0,0,2,0,0.121,0.1665,0,Successful Borrower
U02862,20,Master's,Employed,7872.0,2,A02862,44,owner,0,0.3,master,1930.0,0.58,0.04,220,0.94,0.14,0.16,0,0,0,3,0,0.1045,0.102,0,Successful Borrower
U02863,21,PhD,Self-Employed,6923.0,3,A02863,23,rent,11,0.36,phd,2817.0,0.56,0.13,163,0.95,0.15,0.25,0,0,0,3,0,0.0,0.137,0,Successful Borrower
U02864,20,Diploma,Employed,7712.0,1,A02864,44,none,2,0.55,cert,3630.0,0.43,0.08,137,0.88,0.28,0.17,0,0,0,3,1,0.1816,0.1665,0,Successful Borrower
U02865,26,Diploma,Student,2802.0,3,A02865,1,none,2,0.56,cert,2235.0,0.62,0.16,26,0.59,0.44,0.53,0,0,0,2,0,0.1486,0.41,1,Defaulted
U02866,25,Diploma,Employed,9766.0,2,A02866,37,owner,0,0.51,cert,3860.0,0.63,0.09,268,0.88,0.24,0.31,0,0,0,2,0,0.1649,0.193,0,Successful Borrower
U02867,23,Bachelor's,Employed,9994.0,1,A02867,27,none,3,0.79,bachelor,3448.0,0.62,0.11,204,0.77,0.26,0.49,0,0,0,3,0,0.0222,0.2845,1,Defaulted
U02868,20,Bachelor's,Student,1200.0,1,A02868,1,rent,16,0.38,bachelor,838.0,0.59,0.16,63,0.7,0.39,0.57,0,0,0,0,0,0.0445,0.369,1,Defaulted
U02869,23,Bachelor's,Student,4321.0,3,A02869,8,none,3,0.6,bachelor,3019.0,0.65,0.16,68,0.63,0.47,0.48,0,0,1,1,0,0.1363,0.391,1,Defaulted
U02870,21,High School,Student,3740.0,3,A02870,3,rent,8,0.55,highschool,1373.0,0.66,0.04,88,0.87,0.17,0.21,0,0,0,1,0,0.1337,0.1465,0,Successful Borrower
U02871,23,Bachelor's,Employed,4540.0,2,A02871,21,rent,16,0.5,bachelor,2849.0,0.71,0.21,88,0.66,0.5,0.59,0,0,0,1,2,0.1096,0.423,1,Defaulted
U02872,23,Bachelor's,Self-Employed,10585.0,1,A02872,36,rent,6,0.52,bachelor,2562.0,0.54,0.16,191,0.81,0.2,0.27,0,0,0,2,1,0.0377,0.208,0,Successful Borrower
U02873,24,Diploma,Employed,6854.0,3,A02873,43,rent,5,0.39,cert,2758.0,0.53,0.06,111,0.82,0.26,0.35,0,0,0,2,0,0.1543,0.2245,0,Successful Borrower
U02874,24,Bachelor's,Employed,7465.0,2,A02874,20,rent,20,0.68,bachelor,3395.0,0.58,0.07,151,0.82,0.29,0.31,0,0,0,2,1,0.0289,0.2235,0,Successful Borrower
U02875,20,Bachelor's,Self-Employed,5693.0,3,A02875,4,rent,15,0.38,bachelor,2758.0,0.62,0.17,125,0.7,0.37,0.51,0,0,0,3,1,0.1202,0.3505,1,Defaulted
U02876,21,Master's,Employed,8915.0,3,A02876,16,rent,23,0.53,master,3758.0,0.46,0.1,154,0.78,0.24,0.39,0,0,0,3,0,0.0158,0.2495,1,Defaulted
U02877,24,Bachelor's,Employed,9351.0,3,A02877,38,rent,8,0.58,bachelor,3409.0,0.59,0.08,217,0.88,0.23,0.42,0,0,0,3,1,0.0503,0.2165,0,Successful Borrower
U02878,20,Bachelor's,Self-Employed,10770.0,2,A02878,60,owner,2,0.46,bachelor,5006.0,0.52,0.21,134,0.56,0.52,0.56,0,0,1,2,0,0.1697,0.4555,1,Defaulted
U02879,20,High School,Unemployed,1631.0,2,A02879,0,rent,24,0.43,highschool,487.0,0.78,0.12,72,0.8,0.38,0.36,0,0,0,2,1,0.0755,0.273,1,Defaulted
U02880,22,Bachelor's,Self-Employed,10274.0,2,A02880,38,rent,21,0.3,bachelor,2953.0,0.39,0.11,168,0.84,0.14,0.36,0,0,0,3,0,0.0891,0.1975,0,Successful Borrower
U02881,26,High School,Self-Employed,7033.0,1,A02881,24,none,1,0.62,highschool,3098.0,0.69,0.14,130,0.76,0.31,0.35,0,0,0,2,1,0.0107,0.27,0,Successful Borrower
U02882,25,Bachelor's,Student,2626.0,3,A02882,11,rent,15,0.5,bachelor,830.0,0.6,0.08,74,0.91,0.28,0.21,0,0,0,2,0,0.0809,0.166,0,Successful Borrower
U02883,25,Master's,Unemployed,3340.0,2,A02883,2,rent,6,0.64,master,2250.0,0.6,0.22,60,0.56,0.53,0.57,0,0,0,1,1,0.1925,0.462,1,Defaulted
U02884,22,Master's,Employed,6723.0,1,A02884,20,owner,4,0.58,master,2949.0,0.52,0.11,137,0.79,0.19,0.32,0,0,0,2,0,0.0,0.2175,1,Defaulted
U02885,23,Bachelor's,Employed,8594.0,1,A02885,58,owner,2,0.49,bachelor,4642.0,0.54,0.1,163,0.71,0.28,0.38,0,0,0,3,0,0.1936,0.2815,1,Defaulted
U02886,21,Diploma,Self-Employed,7566.0,3,A02886,35,rent,9,0.5,cert,2372.0,0.4,0.1,174,0.85,0.18,0.38,0,0,0,3,1,0.0615,0.2075,0,Successful Borrower
U02887,24,Bachelor's,Student,4692.0,2,A02887,3,rent,18,0.63,bachelor,1796.0,0.68,0.12,81,0.73,0.29,0.33,0,0,0,2,1,0.0454,0.2675,0,Successful Borrower
U02888,23,Master's,Self-Employed,9351.0,3,A02888,48,none,2,0.36,master,3740.0,0.58,0.11,167,0.71,0.38,0.4,0,0,0,3,1,0.1161,0.313,1,Defaulted
U02889,25,Master's,Student,3820.0,3,A02889,5,none,3,0.63,master,1948.0,0.65,0.1,99,0.69,0.39,0.41,0,0,0,3,0,0.1138,0.3235,0,Successful Borrower
U02890,21,Bachelor's,Unemployed,1907.0,2,A02890,1,rent,19,0.46,bachelor,1188.0,0.69,0.14,19,0.67,0.48,0.53,0,0,0,2,0,0.076,0.389,1,Defaulted
U02891,23,Diploma,Employed,10550.0,3,A02891,54,owner,2,0.62,cert,2456.0,0.64,0.03,272,1.0,0.09,0.19,0,0,0,3,0,0.1077,0.0745,0,Successful Borrower
U02892,21,Diploma,Self-Employed,11402.0,1,A02892,55,none,2,0.47,cert,4882.0,0.58,0.17,145,0.71,0.38,0.42,0,0,0,3,0,0.0124,0.327,0,Successful Borrower
U02893,23,Master's,Employed,7643.0,3,A02893,44,owner,2,0.72,master,2361.0,0.69,0.02,164,0.98,0.18,0.13,0,0,0,3,1,0.0361,0.0875,0,Successful Borrower
U02894,25,Bachelor's,Employed,5869.0,2,A02894,13,owner,2,0.3,bachelor,2160.0,0.61,0.11,142,0.95,0.16,0.26,0,0,0,3,0,0.1296,0.139,1,Defaulted
U02895,20,Bachelor's,Student,3228.0,1,A02895,12,none,1,0.75,bachelor,1497.0,0.54,0.05,148,0.79,0.31,0.29,0,0,0,3,1,0.0315,0.231,0,Successful Borrower
U02896,21,High School,Employed,7093.0,3,A02896,47,owner,3,0.3,highschool,2407.0,0.5,0.07,178,0.83,0.34,0.35,0,0,0,3,1,0.0575,0.2425,0,Successful Borrower
U02897,24,Bachelor's,Self-Employed,10718.0,1,A02897,42,rent,11,0.56,bachelor,5277.0,0.61,0.15,124,0.68,0.44,0.38,0,0,0,3,1,0.1172,0.3395,1,Defaulted
U02898,20,High School,Employed,9053.0,3,A02898,32,rent,17,0.5,highschool,3472.0,0.57,0.11,174,0.79,0.32,0.37,0,0,0,2,0,0.0247,0.2625,1,Defaulted
U02899,21,Bachelor's,Employed,7784.0,2,A02899,24,none,0,0.4,bachelor,1294.0,0.54,0.03,224,0.95,0.22,0.18,0,0,0,2,0,0.0839,0.122,0,Successful Borrower
U02900,25,Diploma,Student,5302.0,3,A02900,12,rent,22,0.44,cert,2358.0,0.76,0.08,102,0.75,0.27,0.28,0,0,0,3,0,0.1281,0.237,0,Successful Borrower
U02901,23,High School,Self-Employed,8263.0,1,A02901,47,rent,11,0.75,highschool,3684.0,0.59,0.14,120,0.85,0.25,0.34,0,0,0,2,0,0.1564,0.221,0,Successful Borrower
U02902,20,Diploma,Student,2255.0,2,A02902,3,none,2,0.66,cert,1344.0,0.65,0.11,43,0.76,0.26,0.3,0,0,0,3,0,0.0919,0.2405,0,Successful Borrower
U02903,25,Master's,Unemployed,2749.0,2,A02903,0,rent,18,0.46,master,2292.0,0.52,0.25,45,0.62,0.53,0.52,0,0,0,0,2,0.042,0.433,1,Defaulted
U02904,25,Bachelor's,Student,3071.0,3,A02904,12,none,4,0.49,bachelor,955.0,0.67,0.09,101,0.83,0.36,0.36,0,0,0,3,1,0.152,0.253,0,Successful Borrower
U02905,24,Diploma,Student,3173.0,2,A02905,0,rent,4,0.46,cert,1500.0,0.39,0.1,104,0.75,0.38,0.38,0,0,0,3,1,0.0,0.2925,0,Successful Borrower
U02906,26,Bachelor's,Student,3242.0,1,A02906,7,rent,16,0.67,bachelor,2514.0,0.76,0.21,37,0.63,0.43,0.55,0,0,0,3,2,0.0363,0.406,1,Defaulted
U02907,22,Diploma,Employed,5943.0,2,A02907,60,owner,4,0.42,cert,1328.0,0.58,0.05,170,0.95,0.13,0.25,0,0,0,3,0,0.0826,0.12,0,Successful Borrower
U02908,25,High School,Self-Employed,8844.0,3,A02908,15,owner,0,0.64,highschool,2983.0,0.44,0.21,226,0.62,0.36,0.59,1,0,0,3,3,0.0513,0.402,1,Defaulted
U02909,25,Bachelor's,Employed,9893.0,3,A02909,35,rent,6,0.42,bachelor,2966.0,0.62,0.07,248,0.85,0.18,0.27,0,0,0,2,0,0.1283,0.1755,0,Successful Borrower
U02910,25,Master's,Employed,6555.0,2,A02910,7,rent,6,0.44,master,3272.0,0.53,0.09,92,0.7,0.27,0.48,0,0,0,2,0,0.0943,0.306,0,Successful Borrower
U02911,23,Bachelor's,Employed,8754.0,3,A02911,55,owner,3,0.55,bachelor,4125.0,0.66,0.1,176,0.69,0.37,0.45,0,0,1,1,0,0.2283,0.3285,0,Successful Borrower
U02912,22,Diploma,Student,3831.0,1,A02912,12,rent,12,0.62,cert,1937.0,0.66,0.13,64,0.56,0.45,0.7,1,0,0,3,1,0.1555,0.461,0,Successful Borrower
U02913,22,Bachelor's,Employed,6438.0,2,A02913,45,rent,11,0.61,bachelor,3364.0,0.69,0.14,82,0.77,0.34,0.49,0,0,0,1,0,0.0,0.309,0,Successful Borrower
U02914,26,Diploma,Self-Employed,5981.0,1,A02914,30,rent,21,0.53,cert,899.0,0.57,0.12,176,0.85,0.26,0.33,0,0,0,3,1,0.0097,0.218,0,Successful Borrower
U02915,25,Diploma,Employed,8041.0,2,A02915,30,rent,10,0.88,cert,4496.0,0.76,0.17,158,0.77,0.25,0.46,0,0,1,3,2,0.1716,0.2835,0,Successful Borrower
U02916,25,Bachelor's,Self-Employed,9249.0,2,A02916,38,rent,24,0.33,bachelor,2478.0,0.64,0.14,161,0.67,0.35,0.51,0,0,0,2,1,0.0345,0.3515,1,Defaulted
U02917,22,Diploma,Self-Employed,8456.0,2,A02917,58,rent,7,0.51,cert,3552.0,0.45,0.18,112,0.78,0.27,0.36,0,0,0,3,0,0.0815,0.2615,1,Defaulted
U02918,21,Bachelor's,Self-Employed,10451.0,2,A02918,32,rent,5,0.43,bachelor,3611.0,0.6,0.16,275,0.85,0.16,0.34,0,0,0,2,0,0.0,0.2015,0,Successful Borrower
U02919,21,Bachelor's,Unemployed,1745.0,2,A02919,3,rent,23,0.36,bachelor,851.0,0.68,0.17,0,0.76,0.41,0.46,0,0,0,0,1,0.0742,0.327,1,Defaulted
U02920,25,Master's,Employed,7523.0,3,A02920,7,rent,15,0.63,master,2773.0,0.57,0.11,171,0.8,0.26,0.36,0,0,0,1,0,0.0402,0.2415,0,Successful Borrower
U02921,24,High School,Employed,9506.0,3,A02921,43,none,2,0.62,highschool,2937.0,0.55,0.04,231,0.95,0.21,0.27,0,0,0,3,1,0.0607,0.1435,0,Successful Borrower
U02922,21,Bachelor's,Employed,6429.0,2,A02922,11,owner,2,0.53,bachelor,2617.0,0.54,0.08,155,0.81,0.35,0.34,0,0,0,2,0,0.007,0.251,1,Defaulted
U02923,22,Bachelor's,Self-Employed,8167.0,3,A02923,30,none,4,0.47,bachelor,3507.0,0.53,0.11,165,0.8,0.19,0.32,0,0,0,2,0,0.0257,0.214,0,Successful Borrower
U02924,25,Bachelor's,Employed,10596.0,1,A02924,36,owner,2,0.47,bachelor,4023.0,0.49,0.07,180,0.67,0.44,0.55,0,0,1,3,0,0.0538,0.3735,1,Defaulted
U02925,23,Master's,Student,4880.0,3,A02925,6,none,4,0.3,master,1571.0,0.73,0.07,134,0.89,0.16,0.19,0,0,0,2,1,0.0104,0.1365,0,Successful Borrower
U02926,21,Bachelor's,Student,2729.0,1,A02926,3,rent,15,0.34,bachelor,1346.0,0.63,0.15,25,0.66,0.51,0.46,0,0,0,1,1,0.0356,0.384,0,Successful Borrower
U02927,23,Master's,Student,1695.0,2,A02927,6,none,1,0.44,master,487.0,0.5,0.07,50,0.77,0.38,0.38,0,0,0,2,0,0.1519,0.281,1,Defaulted
U02928,24,Bachelor's,Employed,9442.0,3,A02928,56,owner,0,0.64,bachelor,3675.0,0.63,0.08,256,0.8,0.24,0.48,0,0,0,3,1,0.0,0.262,0,Successful Borrower
U02929,26,High School,Employed,3839.0,2,A02929,25,none,4,0.72,highschool,2134.0,0.46,0.15,89,0.68,0.4,0.55,0,0,0,2,0,0.0133,0.372,1,Defaulted
U02930,21,Bachelor's,Student,5196.0,2,A02930,0,rent,24,0.49,bachelor,2684.0,0.67,0.13,74,0.56,0.46,0.64,0,0,1,1,2,0.1956,0.4485,1,Defaulted
U02931,25,High School,Self-Employed,11726.0,1,A02931,36,rent,12,0.4,highschool,2926.0,0.55,0.14,260,0.7,0.33,0.51,0,0,0,3,0,0.1548,0.336,0,Successful Borrower
U02932,24,Bachelor's,Employed,9796.0,2,A02932,6,none,4,0.66,bachelor,3955.0,0.57,0.06,174,0.88,0.24,0.38,0,0,0,3,0,0.0,0.206,0,Successful Borrower
U02933,26,Bachelor's,Employed,11483.0,3,A02933,59,owner,0,0.58,bachelor,2502.0,0.63,0.08,257,0.86,0.25,0.37,0,0,0,3,0,0.1175,0.216,0,Successful Borrower
U02934,24,Diploma,Student,4250.0,3,A02934,3,none,1,0.37,cert,1594.0,0.53,0.04,62,0.89,0.34,0.32,0,0,0,3,0,0.0954,0.2095,0,Successful Borrower
U02935,25,Bachelor's,Self-Employed,7881.0,2,A02935,32,rent,21,0.56,bachelor,3370.0,0.64,0.16,125,0.9,0.16,0.17,0,0,0,3,1,0.0705,0.1415,0,Successful Borrower
U02936,23,High School,Employed,8867.0,2,A02936,28,owner,1,0.51,highschool,3247.0,0.55,0.09,241,0.72,0.39,0.44,0,0,0,3,1,0.0,0.319,0,Successful Borrower
U02937,22,High School,Employed,9751.0,2,A02937,32,owner,4,0.67,highschool,999.0,0.7,0.07,343,0.86,0.27,0.29,0,0,0,3,0,0.2479,0.1995,0,Successful Borrower
U02938,21,Bachelor's,Student,2455.0,3,A02938,5,rent,7,0.65,bachelor,853.0,0.62,0.05,126,0.87,0.27,0.23,0,0,0,3,0,0.071,0.178,0,Successful Borrower
U02939,24,High School,Employed,10487.0,1,A02939,49,owner,1,0.61,highschool,4075.0,0.55,0.12,175,0.73,0.34,0.42,0,0,0,2,0,0.1104,0.3025,0,Successful Borrower
U02940,20,High School,Employed,6596.0,2,A02940,55,rent,20,0.46,highschool,3298.0,0.58,0.16,76,0.57,0.55,0.61,0,0,0,2,1,0.1867,0.4645,1,Defaulted
U02941,20,PhD,Self-Employed,7358.0,1,A02941,20,rent,10,0.51,phd,664.0,0.6,0.11,160,0.93,0.19,0.13,0,0,0,3,1,0.0,0.121,0,Successful Borrower
U02942,25,High School,Unemployed,2750.0,2,A02942,6,rent,20,0.41,highschool,1759.0,0.64,0.22,21,0.63,0.54,0.56,0,0,0,2,2,0.0613,0.4375,1,Defaulted
U02943,20,Bachelor's,Student,2114.0,2,A02943,3,owner,0,0.51,bachelor,756.0,0.62,0.12,70,0.68,0.48,0.31,0,0,0,0,1,0.1137,0.3275,1,Defaulted
U02944,24,Bachelor's,Employed,8724.0,2,A02944,51,rent,11,0.46,bachelor,3265.0,0.5,0.03,179,0.87,0.22,0.34,0,0,0,2,0,0.0,0.19,0,Successful Borrower
U02945,22,Master's,Employed,10294.0,1,A02945,22,rent,9,0.69,master,2089.0,0.57,0.06,248,0.89,0.24,0.34,0,0,0,2,0,0.194,0.1925,0,Successful Borrower
U02946,22,Master's,Student,3373.0,2,A02946,3,rent,6,0.47,master,1857.0,0.71,0.1,45,0.78,0.34,0.36,0,0,0,2,1,0.0,0.267,0,Successful Borrower
U02947,24,High School,Self-Employed,12158.0,3,A02947,49,owner,4,0.41,highschool,3412.0,0.6,0.13,250,0.82,0.24,0.42,0,0,0,2,1,0.0714,0.2475,1,Defaulted
U02948,20,Diploma,Student,2694.0,3,A02948,7,rent,16,0.3,cert,1098.0,0.68,0.08,53,0.68,0.42,0.4,0,0,0,2,1,0.0833,0.329,1,Defaulted
U02949,23,Bachelor's,Employed,9254.0,2,A02949,9,owner,2,0.45,bachelor,2659.0,0.65,0.04,283,0.84,0.21,0.25,0,0,0,2,0,0.1316,0.177,0,Successful Borrower
U02950,26,High School,Employed,8808.0,2,A02950,24,rent,20,0.48,highschool,4774.0,0.41,0.15,131,0.77,0.34,0.29,0,0,0,1,0,0.0253,0.2605,0,Successful Borrower
U02951,26,Master's,Unemployed,3646.0,3,A02951,5,rent,22,0.42,master,1940.0,0.7,0.2,37,0.67,0.48,0.42,0,0,0,2,1,0.0743,0.3705,1,Defaulted
U02952,26,High School,Employed,9186.0,2,A02952,54,rent,17,0.64,highschool,4796.0,0.64,0.1,116,0.87,0.2,0.37,0,0,0,3,0,0.1038,0.203,0,Successful Borrower
U02953,26,Bachelor's,Student,4237.0,2,A02953,4,none,2,0.59,bachelor,2460.0,0.58,0.05,26,0.7,0.32,0.44,0,0,0,0,0,0.0,0.3025,0,Successful Borrower
U02954,26,Bachelor's,Self-Employed,7068.0,2,A02954,23,rent,5,0.3,bachelor,1733.0,0.67,0.16,169,0.77,0.3,0.4,0,0,0,3,1,0.1858,0.2795,0,Successful Borrower
U02955,22,High School,Student,2993.0,2,A02955,10,rent,4,0.48,highschool,2045.0,0.85,0.12,5,0.75,0.31,0.45,0,0,0,2,0,0.0623,0.2955,0,Successful Borrower
U02956,21,Bachelor's,Employed,8478.0,2,A02956,55,none,3,0.51,bachelor,3886.0,0.65,0.1,207,0.75,0.3,0.41,0,0,0,3,0,0.04,0.28,0,Successful Borrower
U02957,25,Master's,Employed,4643.0,2,A02957,59,rent,12,0.47,master,2325.0,0.55,0.1,80,0.85,0.3,0.3,0,0,0,0,0,0.1035,0.2175,0,Successful Borrower
U02958,24,Bachelor's,Employed,8398.0,3,A02958,17,owner,0,0.56,bachelor,4180.0,0.6,0.12,183,0.84,0.27,0.24,0,0,0,1,1,0.1045,0.2015,1,Defaulted
U02959,26,Bachelor's,Employed,10448.0,1,A02959,50,rent,18,0.88,bachelor,1745.0,0.42,0.04,310,1.0,0.13,0.15,0,0,0,3,1,0.0384,0.076,0,Successful Borrower
U02960,22,Bachelor's,Employed,5793.0,2,A02960,14,owner,1,0.53,bachelor,2159.0,0.74,0.05,148,0.96,0.17,0.1,0,0,0,3,0,0.0,0.089,0,Successful Borrower
U02961,25,Diploma,Self-Employed,8103.0,2,A02961,11,none,4,0.42,cert,3754.0,0.73,0.17,94,0.8,0.28,0.47,0,0,0,3,0,0.0978,0.283,0,Successful Borrower
U02962,21,High School,Self-Employed,11157.0,2,A02962,28,none,0,0.52,highschool,5409.0,0.47,0.22,168,0.65,0.38,0.62,0,0,0,3,1,0.0274,0.4055,1,Defaulted
U02963,24,Bachelor's,Employed,10904.0,2,A02963,51,none,4,0.58,bachelor,3340.0,0.53,0.08,214,0.74,0.23,0.47,0,0,0,2,0,0.0952,0.278,1,Defaulted
U02964,22,Bachelor's,Student,2654.0,2,A02964,4,rent,18,0.49,bachelor,1555.0,0.54,0.17,17,0.61,0.47,0.47,0,0,0,1,0,0.0132,0.397,1,Defaulted
U02965,22,Master's,Employed,7851.0,3,A02965,53,owner,1,0.35,master,3253.0,0.59,0.14,162,0.79,0.32,0.33,0,0,0,3,1,0.0339,0.257,1,Defaulted
U02966,21,Diploma,Student,3084.0,1,A02966,0,rent,24,0.66,cert,300.0,0.67,0.05,93,0.91,0.31,0.2,0,0,0,3,0,0.1142,0.1665,0,Successful Borrower
U02967,20,Diploma,Employed,9524.0,1,A02967,47,none,1,0.3,cert,4317.0,0.46,0.14,148,0.81,0.31,0.35,0,0,0,3,0,0.092,0.2525,0,Successful Borrower
U02968,20,Bachelor's,Employed,8444.0,2,A02968,14,rent,11,0.56,bachelor,4868.0,0.61,0.2,100,0.56,0.46,0.8,0,0,0,3,2,0.1683,0.499,1,Defaulted
U02969,25,Bachelor's,Student,2608.0,3,A02969,7,none,1,0.51,bachelor,1819.0,0.66,0.15,102,0.61,0.46,0.64,0,1,0,3,1,0.1443,0.434,1,Defaulted
U02970,22,Bachelor's,Employed,7234.0,2,A02970,11,owner,4,0.53,bachelor,3013.0,0.55,0.08,189,0.8,0.27,0.32,0,0,0,3,0,0.1003,0.2295,0,Successful Borrower
U02971,25,Master's,Employed,7561.0,3,A02971,20,rent,17,0.62,master,2523.0,0.59,0.05,170,0.9,0.23,0.23,0,0,0,3,0,0.1777,0.1575,0,Successful Borrower
U02972,25,High School,Employed,7171.0,2,A02972,31,rent,14,0.3,highschool,2997.0,0.53,0.09,134,0.74,0.31,0.35,0,0,0,2,1,0.1054,0.2695,0,Successful Borrower
U02973,24,Bachelor's,Employed,8251.0,3,A02973,59,rent,18,0.55,bachelor,2150.0,0.64,0.05,146,0.93,0.21,0.29,0,0,0,3,0,0.0282,0.157,0,Successful Borrower
U02974,21,Master's,Self-Employed,7976.0,2,A02974,22,rent,12,0.39,master,3371.0,0.51,0.14,98,0.65,0.38,0.45,1,0,0,3,2,0.1728,0.351,1,Defaulted
U02975,26,Bachelor's,Student,2964.0,1,A02975,2,none,3,0.48,bachelor,2034.0,0.47,0.18,80,0.6,0.53,0.55,0,0,0,2,1,0.0697,0.437,1,Defaulted
U02976,24,High School,Unemployed,2690.0,3,A02976,1,rent,10,0.47,highschool,1458.0,0.83,0.17,55,0.72,0.44,0.39,0,0,0,2,0,0.0936,0.331,1,Defaulted
U02977,25,High School,Employed,10811.0,1,A02977,60,rent,16,0.77,highschool,4015.0,0.7,0.06,260,0.79,0.35,0.42,0,0,0,3,1,0.0916,0.275,1,Defaulted
U02978,26,Bachelor's,Employed,10758.0,3,A02978,60,rent,11,0.57,bachelor,2096.0,0.61,0.05,280,0.86,0.22,0.3,0,0,0,3,0,0.1746,0.1865,0,Successful Borrower
U02979,24,Bachelor's,Employed,10837.0,2,A02979,40,rent,8,0.67,bachelor,1826.0,0.49,0.05,262,0.94,0.12,0.25,0,0,0,3,0,0.0455,0.121,0,Successful Borrower
U02980,26,Master's,Unemployed,3053.0,1,A02980,0,owner,1,0.63,master,1854.0,0.72,0.2,59,0.67,0.45,0.38,0,0,1,2,2,0.1958,0.353,0,Successful Borrower
U02981,23,High School,Employed,6266.0,2,A02981,21,rent,18,0.62,highschool,1668.0,0.69,0.06,186,0.83,0.25,0.26,0,0,0,2,1,0.0592,0.196,0,Successful Borrower
U02982,26,Master's,Student,2949.0,2,A02982,3,owner,4,0.53,master,799.0,0.73,0.14,112,0.72,0.37,0.35,0,0,0,1,0,0.0031,0.299,1,Defaulted
U02983,22,Master's,Unemployed,2275.0,2,A02983,0,none,4,0.35,master,1469.0,0.67,0.09,47,0.71,0.49,0.48,0,0,0,1,0,0.0899,0.3575,1,Defaulted
U02984,25,High School,Self-Employed,6895.0,3,A02984,19,rent,13,0.35,highschool,2798.0,0.44,0.12,169,0.87,0.18,0.29,0,0,0,2,0,0.0,0.181,0,Successful Borrower
U02985,25,Bachelor's,Self-Employed,6263.0,2,A02985,54,rent,13,0.39,bachelor,3025.0,0.63,0.16,99,0.66,0.32,0.33,0,0,1,2,0,0.1149,0.3055,0,Successful Borrower
U02986,23,Bachelor's,Unemployed,2623.0,1,A02986,3,rent,23,0.63,bachelor,1930.0,0.77,0.21,0,0.64,0.49,0.58,0,0,0,1,1,0.0,0.425,1,Defaulted
U02987,23,High School,Unemployed,1649.0,1,A02987,0,rent,17,0.76,highschool,549.0,0.75,0.15,26,0.7,0.38,0.38,0,0,0,1,1,0.1774,0.3175,0,Successful Borrower
U02988,23,High School,Unemployed,2725.0,3,A02988,3,none,4,0.55,highschool,2401.0,0.73,0.3,5,0.56,0.57,0.78,0,1,0,0,2,0.0,0.5365,1,Defaulted
U02989,26,Diploma,Student,4481.0,3,A02989,8,owner,4,0.54,cert,2073.0,0.65,0.13,81,0.81,0.22,0.33,0,0,0,1,0,0.1387,0.2235,1,Defaulted
U02990,24,Bachelor's,Student,4603.0,1,A02990,9,rent,17,0.47,bachelor,2313.0,0.85,0.1,71,0.8,0.22,0.36,0,0,0,1,1,0.1204,0.23,0,Successful Borrower
U02991,20,Bachelor's,Employed,9808.0,2,A02991,48,owner,1,0.53,bachelor,3552.0,0.5,0.06,196,0.89,0.25,0.25,0,0,0,3,0,0.0631,0.1725,0,Successful Borrower
U02992,23,High School,Employed,7395.0,3,A02992,31,none,2,0.3,highschool,2344.0,0.64,0.05,166,0.93,0.19,0.23,0,0,0,2,1,0.0817,0.137,0,Successful Borrower
U02993,22,Bachelor's,Employed,6974.0,3,A02993,53,rent,18,0.54,bachelor,2115.0,0.45,0.03,193,1.0,0.05,0.11,0,0,0,3,0,0.0815,0.0445,0,Successful Borrower
U02994,22,Diploma,Employed,8316.0,1,A02994,49,rent,11,0.79,cert,3244.0,0.53,0.04,191,0.98,0.15,0.1,0,0,0,3,0,0.0194,0.0755,0,Successful Borrower
U02995,25,Bachelor's,Self-Employed,8889.0,3,A02995,45,rent,10,0.39,bachelor,3148.0,0.47,0.12,142,0.86,0.27,0.31,0,0,0,3,1,0.1355,0.212,0,Successful Borrower
U02996,23,Master's,Student,4036.0,3,A02996,9,none,0,0.49,master,1014.0,0.47,0.08,139,0.84,0.24,0.28,0,0,0,3,0,0.1003,0.198,0,Successful Borrower
U02997,26,Master's,Employed,8652.0,2,A02997,48,rent,16,0.77,master,3973.0,0.68,0.09,166,0.9,0.18,0.37,0,0,0,3,1,0.0083,0.186,0,Successful Borrower
U02998,25,Bachelor's,Employed,10228.0,2,A02998,54,none,3,0.45,bachelor,3428.0,0.58,0.04,196,0.82,0.24,0.38,0,0,0,2,1,0.0179,0.224,0,Successful Borrower
U02999,24,Diploma,Student,3313.0,2,A02999,8,rent,5,0.49,cert,1387.0,0.81,0.09,92,0.7,0.42,0.46,0,0,0,2,1,0.1518,0.3385,0,Successful Borrower
U03000,24,Bachelor's,Employed,10703.0,3,A03000,7,none,4,0.35,bachelor,4506.0,0.54,0.09,214,0.76,0.4,0.41,0,0,0,3,1,0.1382,0.3,0,Successful Borrower
U03001,21,Diploma,Employed,8467.0,2,A03001,52,rent,10,0.51,cert,3273.0,0.54,0.07,193,0.74,0.39,0.43,0,0,0,3,0,0.0698,0.3065,1,Defaulted
U03002,20,Bachelor's,Student,3422.0,2,A03002,9,none,1,0.53,bachelor,1605.0,0.5,0.1,88,0.7,0.4,0.46,0,0,0,2,1,0.119,0.335,0,Successful Borrower
U03003,24,Bachelor's,Student,5196.0,2,A03003,0,rent,12,0.57,bachelor,2229.0,0.6,0.02,64,0.86,0.29,0.26,0,0,0,1,0,0.1455,0.1895,0,Successful Borrower
U03004,25,Bachelor's,Unemployed,2475.0,2,A03004,6,none,3,0.77,bachelor,815.0,0.55,0.12,48,0.76,0.42,0.31,0,0,0,0,1,0.1206,0.2845,0,Successful Borrower
U03005,26,Master's,Employed,9094.0,3,A03005,45,rent,24,0.47,master,2947.0,0.63,0.03,193,0.8,0.25,0.29,0,0,0,3,0,0.0297,0.2095,0,Successful Borrower
U03006,21,Bachelor's,Self-Employed,6518.0,1,A03006,57,rent,18,0.61,bachelor,2386.0,0.73,0.12,95,0.8,0.17,0.28,0,0,0,3,0,0.0161,0.2005,1,Defaulted
U03007,21,Master's,Student,3426.0,2,A03007,9,rent,14,0.49,master,1166.0,0.58,0.03,71,0.94,0.16,0.29,0,0,0,3,2,0.0822,0.138,0,Successful Borrower
U03008,20,Diploma,Employed,8278.0,2,A03008,37,none,0,0.68,cert,1023.0,0.56,0.02,232,1.0,0.16,0.15,0,0,0,2,0,0.1449,0.0805,0,Successful Borrower
U03009,21,Master's,Employed,5990.0,2,A03009,55,rent,7,0.36,master,1861.0,0.62,0.09,189,0.91,0.24,0.33,0,0,0,3,0,0.0719,0.1875,0,Successful Borrower
U03010,23,Bachelor's,Employed,7321.0,2,A03010,42,rent,11,0.39,bachelor,5310.0,0.65,0.17,64,0.61,0.54,0.55,0,0,0,1,2,0.0,0.4345,1,Defaulted
U03011,25,High School,Employed,11846.0,2,A03011,37,rent,22,0.38,highschool,3762.0,0.55,0.04,256,0.89,0.23,0.14,0,0,0,3,0,0.1161,0.137,0,Successful Borrower
U03012,20,Bachelor's,Employed,8155.0,3,A03012,59,rent,13,0.43,bachelor,3194.0,0.53,0.07,119,0.77,0.39,0.42,0,0,0,3,0,0.1982,0.2935,0,Successful Borrower
U03013,25,Bachelor's,Employed,7875.0,3,A03013,54,owner,3,0.72,bachelor,3406.0,0.57,0.1,197,0.7,0.43,0.58,0,0,0,3,3,0.0747,0.3725,1,Defaulted
U03014,24,Diploma,Self-Employed,9833.0,1,A03014,47,owner,4,0.44,cert,3521.0,0.47,0.11,208,0.8,0.24,0.36,0,0,0,1,0,0.0903,0.2365,1,Defaulted
U03015,25,Master's,Employed,8564.0,3,A03015,16,rent,14,0.5,master,3641.0,0.55,0.13,178,0.73,0.37,0.4,0,0,0,3,1,0.0558,0.3065,1,Defaulted
U03016,24,Diploma,Self-Employed,10369.0,2,A03016,41,owner,0,0.37,cert,3784.0,0.57,0.17,183,0.77,0.24,0.4,0,0,0,3,1,0.086,0.266,0,Successful Borrower
U03017,25,Bachelor's,Employed,10650.0,1,A03017,30,owner,1,0.7,bachelor,3920.0,0.47,0.07,191,1.0,0.14,0.0,0,0,0,3,0,0.0369,0.0455,0,Successful Borrower
U03018,23,Bachelor's,Employed,7009.0,2,A03018,35,rent,18,0.46,bachelor,2240.0,0.53,0.05,163,0.93,0.19,0.36,0,0,0,3,1,0.0258,0.1695,0,Successful Borrower
U03019,24,High School,Unemployed,2260.0,1,A03019,0,rent,5,0.39,highschool,888.0,0.65,0.09,83,0.82,0.35,0.17,0,0,0,2,0,0.1064,0.2065,0,Successful Borrower
U03020,26,Diploma,Employed,11935.0,2,A03020,55,owner,0,0.61,cert,3976.0,0.48,0.04,304,0.81,0.33,0.17,1,0,0,3,1,0.1943,0.1975,0,Successful Borrower
U03021,24,Master's,Employed,9486.0,3,A03021,10,none,2,0.64,master,4200.0,0.62,0.09,204,0.76,0.29,0.42,0,0,0,2,1,0.0423,0.275,1,Defaulted
U03022,21,Master's,Employed,8171.0,1,A03022,46,owner,1,0.52,master,1313.0,0.62,0.04,255,0.97,0.12,0.28,0,0,0,3,0,0.0,0.1165,0,Successful Borrower
U03023,20,High School,Student,3533.0,3,A03023,5,rent,14,0.47,highschool,1912.0,0.68,0.11,75,0.87,0.19,0.19,0,0,0,2,0,0.12,0.157,0,Successful Borrower
U03024,24,High School,Employed,9356.0,2,A03024,56,none,1,0.37,highschool,4264.0,0.58,0.07,178,0.71,0.37,0.6,0,0,1,2,2,0.0055,0.3545,0,Successful Borrower
U03025,23,Bachelor's,Self-Employed,7483.0,3,A03025,54,owner,3,0.54,bachelor,2555.0,0.47,0.11,175,0.92,0.13,0.28,0,0,0,3,0,0.1382,0.147,0,Successful Borrower
U03026,24,Bachelor's,Employed,10092.0,2,A03026,18,none,2,0.55,bachelor,4507.0,0.51,0.07,142,0.73,0.31,0.46,0,0,0,3,1,0.0579,0.2975,1,Defaulted
U03027,20,Bachelor's,Unemployed,2798.0,1,A03027,1,rent,10,0.63,bachelor,1246.0,0.74,0.1,105,0.73,0.52,0.43,1,0,0,2,2,0.0424,0.347,0,Successful Borrower
U03028,21,Diploma,Unemployed,1200.0,3,A03028,0,rent,10,0.55,cert,602.0,0.63,0.15,29,0.8,0.44,0.35,0,0,0,1,0,0.0,0.29,0,Successful Borrower
U03029,23,High School,Employed,6212.0,2,A03029,51,rent,7,0.5,highschool,2302.0,0.75,0.05,137,0.82,0.21,0.26,0,0,0,1,1,0.0849,0.188,0,Successful Borrower
U03030,20,High School,Unemployed,2855.0,3,A03030,2,rent,12,0.5,highschool,1150.0,0.7,0.14,35,0.61,0.59,0.51,0,0,0,1,2,0.1034,0.4325,1,Defaulted
U03031,24,Bachelor's,Employed,10351.0,3,A03031,33,owner,2,0.31,bachelor,3162.0,0.39,0.07,229,0.8,0.26,0.26,0,0,0,2,0,0.0235,0.2105,0,Successful Borrower
U03032,24,High School,Employed,9880.0,2,A03032,9,owner,4,0.56,highschool,3276.0,0.51,0.09,247,0.89,0.32,0.18,0,0,1,1,1,0.1082,0.177,0,Successful Borrower
U03033,22,Bachelor's,Self-Employed,4458.0,2,A03033,23,rent,8,0.5,bachelor,1205.0,0.76,0.15,70,0.78,0.25,0.38,0,0,0,2,0,0.0,0.257,0,Successful Borrower
U03034,23,Bachelor's,Self-Employed,8094.0,1,A03034,57,owner,2,0.52,bachelor,4395.0,0.7,0.22,112,0.56,0.39,0.66,0,0,0,3,2,0.0861,0.4495,1,Defaulted
U03035,22,Bachelor's,Self-Employed,9037.0,3,A03035,16,owner,3,0.49,bachelor,3770.0,0.51,0.14,221,0.74,0.39,0.45,0,0,0,3,0,0.1125,0.322,0,Successful Borrower
U03036,21,Master's,Employed,8265.0,1,A03036,7,rent,6,0.81,master,3737.0,0.6,0.02,137,0.89,0.31,0.21,0,0,0,2,0,0.0307,0.1715,0,Successful Borrower
U03037,23,Diploma,Self-Employed,6967.0,2,A03037,48,rent,16,0.32,cert,2775.0,0.52,0.18,86,0.66,0.46,0.41,0,0,0,2,0,0.0652,0.3635,0,Successful Borrower
U03038,26,Master's,Employed,6759.0,2,A03038,9,owner,1,0.3,master,2276.0,0.56,0.06,153,1.0,0.11,0.24,0,0,0,2,0,0.2386,0.0965,0,Successful Borrower
U03039,21,Diploma,Unemployed,1918.0,3,A03039,0,none,3,0.3,cert,1197.0,0.57,0.05,18,0.84,0.35,0.16,0,0,0,2,0,0.1013,0.191,1,Defaulted
U03040,22,Bachelor's,Employed,5481.0,2,A03040,9,none,3,0.51,bachelor,3701.0,0.68,0.25,27,0.56,0.6,0.75,0,0,0,2,3,0.0864,0.529,1,Defaulted
U03041,26,Bachelor's,Employed,9396.0,3,A03041,56,none,2,0.47,bachelor,2813.0,0.61,0.02,229,0.94,0.11,0.14,0,0,0,3,1,0.0254,0.0865,0,Successful Borrower
U03042,21,Bachelor's,Self-Employed,4643.0,3,A03042,21,rent,9,0.34,bachelor,1783.0,0.7,0.12,113,0.8,0.32,0.24,0,0,0,2,1,0.0952,0.228,0,Successful Borrower
U03043,21,High School,Employed,5567.0,2,A03043,32,rent,4,0.57,highschool,2683.0,0.69,0.12,135,0.69,0.35,0.51,0,0,0,2,1,0.044,0.3415,1,Defaulted
U03044,22,Bachelor's,Employed,6789.0,3,A03044,13,rent,15,0.63,bachelor,3141.0,0.65,0.08,148,0.85,0.23,0.36,0,0,1,2,1,0.1252,0.212,0,Successful Borrower
U03045,25,Bachelor's,Employed,9217.0,2,A03045,20,owner,2,0.56,bachelor,3560.0,0.73,0.05,218,0.79,0.3,0.39,0,0,0,2,1,0.0,0.2535,0,Successful Borrower
U03046,25,Bachelor's,Employed,7233.0,2,A03046,11,none,4,0.48,bachelor,2954.0,0.61,0.13,112,0.76,0.24,0.41,0,0,0,3,1,0.189,0.266,0,Successful Borrower
U03047,20,Bachelor's,Employed,7091.0,2,A03047,49,rent,19,0.43,bachelor,2635.0,0.66,0.09,148,0.85,0.27,0.33,0,0,0,3,0,0.1153,0.216,0,Successful Borrower
U03048,23,Master's,Unemployed,3271.0,1,A03048,3,rent,23,0.67,master,1449.0,0.63,0.09,61,0.82,0.34,0.28,0,0,0,2,1,0.0227,0.2315,0,Successful Borrower
U03049,22,Bachelor's,Employed,7581.0,3,A03049,9,rent,19,0.52,bachelor,4702.0,0.6,0.17,104,0.63,0.34,0.58,0,0,0,3,2,0.0819,0.385,1,Defaulted
U03050,21,Bachelor's,Employed,9011.0,3,A03050,17,rent,7,0.41,bachelor,3652.0,0.73,0.11,200,0.78,0.31,0.36,0,0,0,2,1,0.1289,0.261,0,Successful Borrower
U03051,22,Diploma,Employed,10588.0,1,A03051,56,rent,18,0.78,cert,3271.0,0.62,0.09,238,0.83,0.27,0.25,0,0,0,3,0,0.1085,0.203,0,Successful Borrower
U03052,25,Bachelor's,Student,2907.0,2,A03052,4,none,4,0.39,bachelor,1903.0,0.67,0.09,14,0.75,0.33,0.4,0,0,0,2,0,0.0786,0.2835,0,Successful Borrower
U03053,23,High School,Self-Employed,2227.0,2,A03053,25,rent,23,0.67,highschool,1294.0,0.75,0.12,40,0.79,0.34,0.41,0,0,0,1,1,0.1659,0.279,0,Successful Borrower
U03054,21,High School,Self-Employed,10538.0,2,A03054,34,rent,11,0.61,highschool,4050.0,0.42,0.12,228,0.85,0.26,0.38,0,0,0,3,0,0.0719,0.2305,0,Successful Borrower
U03055,25,Master's,Employed,9465.0,2,A03055,50,owner,1,0.46,master,4207.0,0.64,0.09,187,0.7,0.4,0.49,0,0,0,3,0,0.0809,0.341,1,Defaulted
U03056,22,High School,Employed,5608.0,3,A03056,10,owner,2,0.3,highschool,2849.0,0.67,0.06,191,0.86,0.24,0.28,0,0,0,3,1,0.154,0.188,0,Successful Borrower
U03057,22,High School,Self-Employed,10403.0,2,A03057,35,rent,14,0.72,highschool,2910.0,0.42,0.19,202,0.67,0.44,0.5,1,0,0,2,0,0.0744,0.379,1,Defaulted
U03058,24,Bachelor's,Employed,9589.0,2,A03058,35,owner,2,0.59,bachelor,2248.0,0.71,0.05,244,0.98,0.1,0.11,0,0,0,3,0,0.0786,0.067,0,Successful Borrower
U03059,21,High School,Employed,7641.0,2,A03059,50,rent,13,0.57,highschool,1827.0,0.61,0.05,228,0.95,0.22,0.24,0,0,0,3,0,0.0409,0.14,0,Successful Borrower
U03060,24,Bachelor's,Student,4269.0,3,A03060,0,rent,21,0.44,bachelor,1663.0,0.74,0.06,97,0.74,0.35,0.21,0,0,0,2,0,0.0726,0.24,1,Defaulted
U03061,23,High School,Employed,7744.0,2,A03061,10,rent,10,0.53,highschool,3815.0,0.49,0.12,155,0.77,0.35,0.48,0,0,0,3,1,0.0105,0.306,0,Successful Borrower
U03062,25,Bachelor's,Self-Employed,7706.0,2,A03062,51,rent,13,0.49,bachelor,3627.0,0.71,0.15,168,0.73,0.38,0.37,0,0,0,3,1,0.0834,0.3045,0,Successful Borrower
U03063,21,Bachelor's,Unemployed,3297.0,1,A03063,6,rent,22,0.62,bachelor,1317.0,0.76,0.17,32,0.65,0.39,0.61,0,0,0,1,1,0.0368,0.398,1,Defaulted
U03064,24,Bachelor's,Employed,10612.0,2,A03064,54,owner,4,0.63,bachelor,4565.0,0.57,0.16,202,0.65,0.35,0.54,0,0,0,2,1,0.1922,0.369,1,Defaulted
U03065,24,Bachelor's,Employed,9870.0,1,A03065,37,owner,3,0.65,bachelor,4189.0,0.62,0.09,186,0.83,0.26,0.39,0,0,0,2,1,0.1346,0.2355,0,Successful Borrower
U03066,24,Bachelor's,Employed,7155.0,2,A03066,7,rent,20,0.36,bachelor,2051.0,0.68,0.05,127,0.98,0.16,0.3,0,0,0,2,0,0.0123,0.1295,0,Successful Borrower
U03067,25,High School,Employed,6937.0,2,A03067,59,none,2,0.54,highschool,2825.0,0.6,0.06,159,0.79,0.36,0.34,0,0,0,2,1,0.0735,0.2575,1,Defaulted
U03068,24,High School,Self-Employed,9794.0,2,A03068,43,rent,13,0.68,highschool,840.0,0.47,0.11,276,0.88,0.14,0.12,0,0,0,1,0,0.0708,0.1235,0,Successful Borrower
U03069,24,High School,Self-Employed,6497.0,2,A03069,50,owner,0,0.38,highschool,2946.0,0.64,0.17,112,0.66,0.36,0.46,0,0,0,2,0,0.0277,0.3495,0,Successful Borrower
U03070,23,High School,Self-Employed,11172.0,2,A03070,18,rent,7,0.43,highschool,4751.0,0.61,0.21,192,0.64,0.43,0.52,0,0,0,2,1,0.1063,0.395,0,Successful Borrower
U03071,22,Master's,Employed,8177.0,3,A03071,24,rent,12,0.55,master,2510.0,0.62,0.08,190,0.91,0.2,0.25,0,0,0,3,0,0.0,0.156,1,Defaulted
U03072,26,Master's,Self-Employed,6988.0,2,A03072,56,rent,21,0.56,master,3126.0,0.66,0.14,98,0.78,0.28,0.29,0,0,0,2,1,0.0215,0.2405,0,Successful Borrower
U03073,26,Bachelor's,Employed,8887.0,2,A03073,40,rent,16,0.3,bachelor,3647.0,0.43,0.08,203,0.83,0.27,0.28,0,0,0,2,0,0.0759,0.209,0,Successful Borrower
U03074,23,Master's,Unemployed,3346.0,1,A03074,4,rent,4,0.46,master,1539.0,0.58,0.19,80,0.64,0.49,0.47,0,0,0,2,1,0.0,0.3945,0,Successful Borrower
U03075,20,Bachelor's,Employed,7645.0,1,A03075,37,owner,3,0.77,bachelor,2978.0,0.52,0.06,185,0.89,0.2,0.31,0,0,0,2,0,0.2182,0.175,0,Successful Borrower
U03076,21,Bachelor's,Self-Employed,6934.0,2,A03076,21,owner,1,0.52,bachelor,2825.0,0.61,0.19,80,0.62,0.41,0.47,0,0,0,1,1,0.0312,0.3815,1,Defaulted
U03077,22,Bachelor's,Employed,8805.0,2,A03077,37,rent,4,0.61,bachelor,3315.0,0.61,0.04,186,1.0,0.15,0.14,0,0,0,3,1,0.0237,0.0785,0,Successful Borrower
U03078,20,Bachelor's,Employed,9454.0,2,A03078,41,none,3,0.5,bachelor,4210.0,0.45,0.08,189,0.78,0.3,0.35,0,0,0,3,0,0.0712,0.2515,0,Successful Borrower
U03079,25,High School,Student,3467.0,2,A03079,9,rent,11,0.51,highschool,2156.0,0.64,0.17,27,0.62,0.5,0.51,0,0,0,1,2,0.1709,0.411,1,Defaulted
U03080,22,Bachelor's,Student,2271.0,1,A03080,4,rent,13,0.39,bachelor,473.0,0.68,0.06,133,0.84,0.32,0.31,0,0,0,2,0,0.1401,0.2225,0,Successful Borrower
U03081,25,Diploma,Student,3830.0,1,A03081,9,rent,9,0.55,cert,1999.0,0.65,0.13,120,0.61,0.38,0.53,0,0,0,3,1,0.0489,0.3835,1,Defaulted
U03082,25,High School,Self-Employed,9419.0,1,A03082,44,owner,0,0.36,highschool,5009.0,0.43,0.22,152,0.68,0.37,0.52,0,0,0,2,1,0.1734,0.3675,0,Successful Borrower
U03083,22,Master's,Employed,6021.0,3,A03083,11,owner,2,0.54,master,1289.0,0.57,0.04,183,1.0,0.08,0.09,0,0,0,3,1,0.102,0.0485,0,Successful Borrower
U03084,26,High School,Unemployed,4141.0,1,A03084,3,rent,5,0.56,highschool,2010.0,0.76,0.16,85,0.57,0.47,0.61,0,0,0,1,2,0.1211,0.4445,1,Defaulted
U03085,24,High School,Self-Employed,11189.0,2,A03085,36,rent,7,0.57,highschool,4726.0,0.57,0.13,177,0.85,0.16,0.32,0,0,0,3,1,0.0434,0.192,1,Defaulted
U03086,22,Bachelor's,Employed,9580.0,3,A03086,42,none,1,0.52,bachelor,3273.0,0.51,0.06,216,0.87,0.3,0.34,0,0,0,3,1,0.2074,0.2145,0,Successful Borrower
U03087,21,Master's,Unemployed,3516.0,1,A03087,1,none,1,0.59,master,1874.0,0.68,0.17,0,0.68,0.51,0.57,0,0,0,1,2,0.103,0.4075,1,Defaulted
U03088,24,Master's,Student,4578.0,3,A03088,11,none,0,0.58,master,1914.0,0.65,0.09,122,0.84,0.29,0.22,0,0,0,3,0,0.0613,0.197,0,Successful Borrower
U03089,20,Bachelor's,Self-Employed,8805.0,2,A03089,28,rent,13,0.36,bachelor,4697.0,0.68,0.2,146,0.6,0.42,0.66,0,0,0,3,2,0.0789,0.44,1,Defaulted
U03090,26,Master's,Student,4965.0,3,A03090,11,none,0,0.5,master,2087.0,0.73,0.03,118,0.77,0.36,0.4,0,0,0,2,1,0.0921,0.275,0,Successful Borrower
U03091,26,Master's,Employed,8270.0,2,A03091,38,rent,22,0.31,master,2479.0,0.67,0.09,202,0.83,0.22,0.26,0,0,0,3,0,0.1081,0.193,0,Successful Borrower
U03092,25,Master's,Employed,9017.0,2,A03092,17,none,0,0.46,master,3825.0,0.42,0.07,172,0.84,0.25,0.33,0,0,0,2,1,0.0,0.2115,0,Successful Borrower
U03093,21,Bachelor's,Student,1716.0,3,A03093,4,rent,12,0.46,bachelor,1218.0,0.48,0.14,16,0.59,0.49,0.64,0,0,0,1,2,0.1909,0.447,1,Defaulted
U03094,25,Bachelor's,Student,2351.0,2,A03094,0,rent,19,0.41,bachelor,1895.0,0.79,0.08,55,0.85,0.18,0.24,0,0,0,2,1,0.0,0.1695,0,Successful Borrower
U03095,23,Bachelor's,Employed,9028.0,3,A03095,33,rent,6,0.5,bachelor,2601.0,0.67,0.02,143,0.94,0.12,0.22,0,0,0,3,0,0.0,0.109,0,Successful Borrower
U03096,24,Master's,Employed,11392.0,3,A03096,47,rent,5,0.57,master,4887.0,0.67,0.13,221,0.79,0.25,0.42,0,0,0,2,0,0.0836,0.2605,0,Successful Borrower
U03097,26,Bachelor's,Employed,5662.0,2,A03097,13,rent,7,0.44,bachelor,2336.0,0.65,0.1,121,0.73,0.33,0.39,0,0,0,3,1,0.0726,0.2895,1,Defaulted
U03098,23,Bachelor's,Unemployed,3705.0,2,A03098,3,rent,17,0.39,bachelor,1347.0,0.67,0.12,121,0.66,0.4,0.46,0,0,0,3,0,0.0,0.352,1,Defaulted
U03099,20,Diploma,Employed,7751.0,2,A03099,58,owner,2,0.3,cert,3341.0,0.53,0.05,123,0.8,0.22,0.34,0,0,0,3,1,0.1865,0.2175,0,Successful Borrower
U03100,21,Bachelor's,Employed,4397.0,1,A03100,6,rent,13,0.82,bachelor,1029.0,0.82,0.04,124,0.84,0.23,0.24,0,0,0,2,1,0.1183,0.1795,0,Successful Borrower
U03101,22,High School,Student,2719.0,1,A03101,7,rent,15,0.3,highschool,765.0,0.53,0.07,45,0.9,0.25,0.1,0,0,0,3,0,0.096,0.133,0,Successful Borrower
U03102,23,Diploma,Employed,6870.0,3,A03102,24,rent,21,0.47,cert,4405.0,0.59,0.2,71,0.67,0.42,0.49,0,0,0,3,1,0.0,0.373,1,Defaulted
U03103,24,Bachelor's,Employed,9506.0,1,A03103,25,owner,4,0.52,bachelor,3498.0,0.63,0.1,195,0.84,0.28,0.32,0,0,0,2,1,0.0958,0.221,0,Successful Borrower
U03104,26,High School,Employed,6829.0,2,A03104,14,rent,9,0.49,highschool,3576.0,0.79,0.06,159,0.83,0.25,0.4,0,0,0,2,0,0.1028,0.231,0,Successful Borrower
U03105,20,Diploma,Student,1200.0,2,A03105,2,rent,22,0.43,cert,614.0,0.5,0.05,75,0.91,0.2,0.05,0,0,0,1,0,0.0562,0.1015,0,Successful Borrower
U03106,21,Master's,Employed,8324.0,2,A03106,33,rent,24,0.43,master,2436.0,0.41,0.05,189,1.0,0.07,0.12,0,0,0,3,1,0.1719,0.055,0,Successful Borrower
U03107,22,Bachelor's,Employed,10227.0,2,A03107,44,rent,24,0.66,bachelor,1461.0,0.57,0.07,334,0.96,0.17,0.24,0,0,0,3,1,0.0,0.127,0,Successful Borrower
U03108,24,Bachelor's,Employed,8064.0,2,A03108,25,owner,0,0.63,bachelor,3725.0,0.56,0.08,204,0.76,0.38,0.55,0,0,0,2,0,0.143,0.3285,1,Defaulted
U03109,26,Diploma,Employed,8712.0,2,A03109,13,rent,14,0.43,cert,2395.0,0.38,0.08,242,0.81,0.28,0.32,0,0,0,2,1,0.1367,0.2285,0,Successful Borrower
U03110,20,Master's,Self-Employed,10388.0,3,A03110,20,none,3,0.35,master,2593.0,0.6,0.2,274,0.8,0.19,0.25,0,0,0,2,0,0.0217,0.21,0,Successful Borrower
U03111,26,Bachelor's,Student,3521.0,3,A03111,7,none,3,0.42,bachelor,1321.0,0.6,0.05,67,0.88,0.18,0.12,0,0,0,2,1,0.0,0.1245,0,Successful Borrower
U03112,26,Diploma,Unemployed,2984.0,2,A03112,1,rent,8,0.3,cert,703.0,0.54,0.17,69,0.68,0.49,0.56,0,0,0,1,1,0.1783,0.4,0,Successful Borrower
U03113,21,Bachelor's,Employed,8976.0,2,A03113,17,rent,8,0.65,bachelor,901.0,0.61,0.08,275,0.88,0.2,0.46,0,0,0,1,0,0.1191,0.219,0,Successful Borrower
U03114,23,Diploma,Student,1730.0,2,A03114,5,rent,19,0.78,cert,300.0,0.54,0.05,74,0.87,0.3,0.18,0,0,0,1,1,0.0699,0.173,0,Successful Borrower
U03115,22,Master's,Employed,11791.0,1,A03115,58,rent,4,0.55,master,4997.0,0.8,0.15,181,0.6,0.44,0.54,0,0,0,2,2,0.0803,0.4075,1,Defaulted
U03116,22,Bachelor's,Self-Employed,10196.0,2,A03116,21,owner,2,0.49,bachelor,5687.0,0.62,0.19,123,0.6,0.4,0.55,0,1,0,3,1,0.133,0.406,1,Defaulted
U03117,25,Bachelor's,Unemployed,3664.0,2,A03117,6,rent,4,0.4,bachelor,1473.0,0.57,0.16,63,0.68,0.34,0.42,0,0,0,2,0,0.0183,0.326,1,Defaulted
U03118,22,Bachelor's,Self-Employed,6081.0,1,A03118,12,none,0,0.37,bachelor,2631.0,0.56,0.18,117,0.66,0.33,0.44,0,0,0,3,1,0.238,0.3385,0,Successful Borrower
U03119,25,Master's,Unemployed,4064.0,2,A03119,0,rent,4,0.38,master,1742.0,0.51,0.18,115,0.69,0.36,0.48,0,0,0,3,0,0.0122,0.3455,0,Successful Borrower
U03120,22,Bachelor's,Employed,7454.0,1,A03120,22,owner,3,0.63,bachelor,3470.0,0.61,0.06,121,0.74,0.34,0.48,0,1,0,2,1,0.0767,0.305,0,Successful Borrower
U03121,21,Diploma,Employed,5993.0,2,A03121,7,rent,10,0.71,cert,2143.0,0.59,0.08,200,0.79,0.32,0.31,0,0,0,3,1,0.126,0.243,0,Successful Borrower
U03122,25,Bachelor's,Self-Employed,9914.0,2,A03122,39,rent,13,0.65,bachelor,4581.0,0.72,0.13,188,0.7,0.36,0.45,0,0,0,2,0,0.1064,0.327,0,Successful Borrower
U03123,24,Diploma,Employed,8851.0,2,A03123,21,rent,23,0.67,cert,3133.0,0.66,0.02,191,0.96,0.13,0.2,0,0,0,3,1,0.0,0.0995,0,Successful Borrower
U03124,21,High School,Employed,5839.0,2,A03124,45,rent,16,0.51,highschool,2459.0,0.67,0.06,133,0.75,0.36,0.42,0,0,0,2,1,0.0,0.2915,0,Successful Borrower
U03125,25,Bachelor's,Employed,8098.0,3,A03125,10,owner,3,0.39,bachelor,4318.0,0.59,0.1,157,0.78,0.3,0.44,0,0,0,2,0,0.1156,0.277,0,Successful Borrower
U03126,26,Master's,Student,4134.0,1,A03126,1,rent,15,0.55,master,2294.0,0.64,0.06,62,0.8,0.33,0.32,0,0,0,0,0,0.1314,0.2415,0,Successful Borrower
U03127,23,Bachelor's,Self-Employed,8022.0,1,A03127,32,owner,3,0.68,bachelor,2695.0,0.56,0.12,216,0.84,0.25,0.29,0,0,0,3,0,0.1912,0.209,0,Successful Borrower
U03128,20,Master's,Student,4929.0,1,A03128,7,rent,22,0.5,master,2115.0,0.65,0.04,53,0.81,0.26,0.22,0,0,0,2,0,0.1874,0.1925,0,Successful Borrower
U03129,22,High School,Employed,6419.0,3,A03129,32,owner,2,0.63,highschool,3701.0,0.55,0.16,164,0.64,0.43,0.62,0,0,0,2,1,0.1148,0.4125,1,Defaulted
U03130,22,Master's,Employed,9923.0,2,A03130,58,rent,9,0.48,master,5879.0,0.61,0.1,199,0.8,0.35,0.23,0,0,0,2,1,0.1003,0.23,0,Successful Borrower
U03131,20,Master's,Employed,4104.0,1,A03131,25,rent,7,0.5,master,2568.0,0.73,0.09,102,0.78,0.21,0.46,0,0,0,2,1,0.06,0.258,1,Defaulted
U03132,20,Bachelor's,Self-Employed,11477.0,1,A03132,42,owner,2,0.57,bachelor,2665.0,0.55,0.09,274,0.89,0.24,0.27,0,0,0,3,1,0.1164,0.1795,0,Successful Borrower
U03133,26,Master's,Student,3828.0,2,A03133,5,rent,12,0.57,master,1276.0,0.85,0.07,156,0.67,0.38,0.61,0,0,0,3,1,0.1681,0.3735,0,Successful Borrower
U03134,26,Bachelor's,Self-Employed,11034.0,1,A03134,48,owner,2,0.52,bachelor,4128.0,0.59,0.15,161,0.67,0.32,0.44,0,0,0,2,0,0.0833,0.328,0,Successful Borrower
U03135,21,PhD,Employed,8629.0,2,A03135,14,none,1,0.55,phd,3971.0,0.61,0.12,118,0.75,0.35,0.47,0,0,0,3,1,0.109,0.3105,0,Successful Borrower
U03136,22,Bachelor's,Employed,7436.0,2,A03136,8,rent,14,0.63,bachelor,2193.0,0.49,0.02,164,0.81,0.15,0.38,0,0,0,3,0,0.0,0.202,0,Successful Borrower
U03137,20,High School,Employed,7983.0,2,A03137,46,rent,12,0.44,highschool,3354.0,0.48,0.09,154,0.89,0.28,0.17,0,0,0,2,2,0.0701,0.1645,0,Successful Borrower
U03138,25,Master's,Employed,9042.0,3,A03138,7,owner,2,0.3,master,3077.0,0.38,0.09,219,0.9,0.11,0.29,0,0,0,3,0,0.0,0.1485,0,Successful Borrower
U03139,26,Bachelor's,Unemployed,2151.0,2,A03139,2,rent,5,0.35,bachelor,300.0,0.73,0.09,116,0.86,0.33,0.27,0,0,0,2,0,0.0501,0.2125,0,Successful Borrower
U03140,25,Bachelor's,Unemployed,3008.0,1,A03140,5,rent,20,0.56,bachelor,1386.0,0.65,0.11,91,0.82,0.36,0.4,0,0,0,2,2,0.0124,0.2695,1,Defaulted
U03141,22,High School,Unemployed,1968.0,1,A03141,3,none,0,0.5,highschool,885.0,0.68,0.17,25,0.76,0.43,0.42,0,0,0,1,0,0.0706,0.322,0,Successful Borrower
U03142,20,Bachelor's,Employed,5081.0,2,A03142,43,none,2,0.7,bachelor,2436.0,0.48,0.11,117,0.92,0.14,0.19,0,0,0,3,0,0.0766,0.127,0,Successful Borrower
U03143,21,Master's,Employed,7624.0,2,A03143,53,rent,13,0.55,master,2564.0,0.58,0.1,214,0.77,0.25,0.38,0,0,1,3,0,0.0937,0.253,0,Successful Borrower
U03144,22,High School,Employed,7811.0,2,A03144,20,rent,6,0.71,highschool,2534.0,0.71,0.11,200,0.81,0.2,0.33,0,0,0,2,1,0.073,0.2155,0,Successful Borrower
U03145,26,Master's,Employed,5490.0,2,A03145,10,rent,6,0.73,master,2446.0,0.56,0.03,141,0.91,0.24,0.32,0,0,0,3,0,0.2118,0.176,0,Successful Borrower
U03146,23,Master's,Employed,7296.0,3,A03146,13,owner,4,0.73,master,3055.0,0.62,0.04,197,0.76,0.24,0.35,0,0,0,3,1,0.1017,0.2375,0,Successful Borrower
U03147,21,High School,Student,4110.0,2,A03147,8,rent,21,0.7,highschool,1019.0,0.63,0.06,110,0.91,0.17,0.22,0,0,0,2,0,0.0296,0.138,0,Successful Borrower
U03148,24,Bachelor's,Employed,7182.0,1,A03148,44,rent,7,0.67,bachelor,4263.0,0.69,0.18,121,0.67,0.43,0.66,0,0,0,2,0,0.0157,0.415,1,Defaulted
U03149,22,High School,Employed,7726.0,3,A03149,42,owner,0,0.3,highschool,3679.0,0.47,0.1,158,0.73,0.38,0.51,0,0,0,2,1,0.1517,0.332,0,Successful Borrower
U03150,22,Master's,Employed,8927.0,1,A03150,39,rent,11,0.62,master,3188.0,0.53,0.09,190,0.81,0.26,0.34,0,0,0,2,0,0.0993,0.23,0,Successful Borrower
U03151,24,High School,Employed,8051.0,3,A03151,17,rent,10,0.43,highschool,3320.0,0.35,0.08,145,0.65,0.47,0.56,0,0,0,2,1,0.1985,0.392,0,Successful Borrower
U03152,20,Diploma,Self-Employed,5659.0,1,A03152,36,rent,6,0.72,cert,3031.0,0.73,0.2,15,0.71,0.34,0.42,1,0,0,1,1,0.0,0.3215,1,Defaulted
U03153,25,Master's,Employed,6909.0,1,A03153,19,rent,23,0.84,master,3393.0,0.61,0.14,74,0.7,0.43,0.5,0,0,0,2,0,0.0764,0.3585,0,Successful Borrower
U03154,22,Bachelor's,Employed,8656.0,2,A03154,45,rent,15,0.75,bachelor,2761.0,0.61,0.02,168,0.93,0.22,0.16,0,0,0,3,0,0.1587,0.1225,0,Successful Borrower
U03155,24,Bachelor's,Employed,7665.0,2,A03155,51,rent,6,0.71,bachelor,3605.0,0.73,0.02,176,0.84,0.35,0.28,0,0,0,3,0,0.1688,0.2165,0,Successful Borrower
U03156,26,Diploma,Employed,9194.0,1,A03156,48,rent,5,0.7,cert,3713.0,0.59,0.08,167,0.74,0.39,0.45,0,1,0,2,1,0.0827,0.313,0,Successful Borrower
U03157,20,Master's,Student,2921.0,2,A03157,0,rent,10,0.55,master,1357.0,0.65,0.08,36,0.82,0.28,0.37,0,0,0,1,0,0.0786,0.2375,0,Successful Borrower
U03158,21,Bachelor's,Student,3889.0,1,A03158,12,rent,16,0.68,bachelor,1895.0,0.72,0.1,116,0.82,0.3,0.34,0,0,0,3,0,0.0045,0.238,0,Successful Borrower
U03159,24,Bachelor's,Student,2556.0,2,A03159,9,none,1,0.42,bachelor,1183.0,0.55,0.06,31,0.91,0.33,0.28,0,0,0,1,1,0.0188,0.193,0,Successful Borrower
U03160,26,Diploma,Employed,9078.0,2,A03160,56,none,2,0.42,cert,3192.0,0.64,0.02,241,0.97,0.33,0.21,0,0,0,3,1,0.0295,0.1485,0,Successful Borrower
U03161,21,Master's,Unemployed,1958.0,3,A03161,5,rent,6,0.32,master,1063.0,0.66,0.26,5,0.56,0.59,0.64,0,0,0,1,3,0.0835,0.5005,1,Defaulted
U03162,26,Bachelor's,Employed,8961.0,2,A03162,22,rent,8,0.54,bachelor,4054.0,0.53,0.11,141,0.64,0.44,0.56,0,0,0,3,0,0.0949,0.3925,1,Defaulted
U03163,23,Diploma,Unemployed,2333.0,2,A03163,0,rent,24,0.35,cert,699.0,0.63,0.08,107,0.88,0.26,0.25,0,0,0,2,0,0.1319,0.1815,0,Successful Borrower
U03164,20,Bachelor's,Unemployed,1200.0,1,A03164,1,none,0,0.33,bachelor,300.0,0.71,0.1,72,0.89,0.34,0.23,0,0,0,1,2,0.075,0.196,0,Successful Borrower
U03165,22,Master's,Student,3023.0,3,A03165,10,rent,7,0.68,master,1416.0,0.53,0.14,69,0.7,0.34,0.38,0,0,0,1,0,0.0739,0.306,0,Successful Borrower
U03166,24,Bachelor's,Employed,8406.0,2,A03166,21,none,4,0.63,bachelor,3869.0,0.56,0.1,87,0.74,0.42,0.45,0,0,0,2,0,0.0236,0.3235,0,Successful Borrower
U03167,21,Bachelor's,Employed,3949.0,3,A03167,6,rent,13,0.56,bachelor,1946.0,0.68,0.07,96,0.77,0.34,0.44,0,0,1,2,1,0.0047,0.286,0,Successful Borrower
U03168,20,PhD,Student,3151.0,2,A03168,4,owner,3,0.77,phd,1210.0,0.66,0.1,68,0.82,0.26,0.31,0,0,0,2,0,0.2172,0.2205,1,Defaulted
U03169,26,Diploma,Student,5161.0,3,A03169,7,rent,4,0.37,cert,2592.0,0.63,0.08,88,0.77,0.38,0.37,0,0,0,2,1,0.0,0.28,0,Successful Borrower
U03170,21,Bachelor's,Student,3915.0,3,A03170,0,rent,18,0.3,bachelor,1985.0,0.58,0.14,35,0.66,0.44,0.64,0,0,0,3,2,0.0997,0.41,1,Defaulted
U03171,26,Master's,Employed,7808.0,3,A03171,10,rent,17,0.44,master,2878.0,0.55,0.1,176,0.86,0.22,0.15,0,0,0,3,1,0.1158,0.1565,0,Successful Borrower
U03172,22,High School,Employed,8749.0,2,A03172,45,rent,17,0.6,highschool,3392.0,0.57,0.08,185,0.86,0.21,0.23,0,0,0,2,0,0.0739,0.171,0,Successful Borrower
U03173,22,Bachelor's,Student,5207.0,1,A03173,4,rent,5,0.67,bachelor,2548.0,0.62,0.17,53,0.73,0.24,0.53,0,0,0,1,1,0.1473,0.3125,1,Defaulted
U03174,23,Bachelor's,Student,3089.0,1,A03174,12,rent,16,0.62,bachelor,1771.0,0.75,0.09,68,0.72,0.33,0.34,0,0,0,1,0,0.0898,0.279,0,Successful Borrower
U03175,26,Master's,Self-Employed,12513.0,2,A03175,54,rent,13,0.64,master,5767.0,0.48,0.13,206,0.78,0.28,0.41,0,0,0,2,0,0.2065,0.269,0,Successful Borrower
U03176,25,Diploma,Unemployed,4238.0,2,A03176,4,none,1,0.51,cert,1919.0,0.76,0.13,59,0.77,0.27,0.46,0,0,0,3,1,0.1817,0.2825,0,Successful Borrower
U03177,20,High School,Student,4117.0,3,A03177,12,rent,24,0.63,highschool,3010.0,0.43,0.14,34,0.67,0.44,0.44,0,0,0,1,0,0.1989,0.3565,1,Defaulted
U03178,24,Bachelor's,Employed,7762.0,3,A03178,13,rent,8,0.55,bachelor,3137.0,0.69,0.09,163,0.91,0.17,0.14,0,0,0,3,0,0.0924,0.1225,0,Successful Borrower
U03179,23,Bachelor's,Self-Employed,10559.0,2,A03179,51,rent,6,0.41,bachelor,1971.0,0.67,0.1,280,0.92,0.12,0.21,0,0,0,3,0,0.0,0.1255,0,Successful Borrower
U03180,22,Diploma,Student,4442.0,3,A03180,8,none,3,0.49,cert,2157.0,0.54,0.08,61,0.77,0.26,0.35,0,0,0,0,0,0.2651,0.245,0,Successful Borrower
U03181,25,Bachelor's,Student,6054.0,3,A03181,9,owner,2,0.44,bachelor,2760.0,0.5,0.11,166,0.81,0.17,0.21,0,0,0,3,1,0.0,0.178,0,Successful Borrower
U03182,26,Bachelor's,Unemployed,1200.0,3,A03182,6,rent,6,0.47,bachelor,729.0,0.85,0.26,84,0.62,0.56,0.52,0,0,0,1,3,0.0,0.442,1,Defaulted
U03183,23,Master's,Student,3263.0,3,A03183,10,none,3,0.42,master,1249.0,0.69,0.1,85,0.73,0.36,0.49,0,0,0,2,1,0.1502,0.322,1,Defaulted
U03184,23,High School,Unemployed,2488.0,1,A03184,3,none,0,0.78,highschool,1440.0,0.6,0.13,0,0.93,0.27,0.22,0,0,0,3,0,0.0282,0.1665,0,Successful Borrower
U03185,20,Bachelor's,Student,2844.0,3,A03185,2,rent,13,0.3,bachelor,1476.0,0.75,0.06,77,0.84,0.26,0.29,0,0,0,2,1,0.1718,0.2025,0,Successful Borrower
U03186,23,Bachelor's,Self-Employed,6450.0,1,A03186,21,rent,16,0.69,bachelor,2700.0,0.62,0.18,120,0.71,0.21,0.44,0,0,0,3,0,0.0759,0.291,0,Successful Borrower
U03187,21,Diploma,Self-Employed,6690.0,2,A03187,42,rent,16,0.61,cert,3382.0,0.63,0.14,76,0.72,0.35,0.51,0,0,0,3,1,0.0723,0.334,1,Defaulted
U03188,22,High School,Employed,6828.0,2,A03188,34,owner,4,0.8,highschool,2971.0,0.61,0.12,145,0.78,0.35,0.3,0,0,0,1,0,0.1229,0.2575,0,Successful Borrower
U03189,21,High School,Self-Employed,5793.0,2,A03189,9,rent,5,0.3,highschool,2804.0,0.59,0.2,52,0.68,0.34,0.49,0,0,0,2,1,0.1426,0.3495,1,Defaulted
U03190,26,Diploma,Student,5128.0,3,A03190,12,rent,13,0.41,cert,2635.0,0.74,0.1,74,0.69,0.29,0.45,0,0,0,3,0,0.0,0.3085,0,Successful Borrower
U03191,21,Master's,Employed,7044.0,3,A03191,18,rent,13,0.41,master,3421.0,0.59,0.03,176,0.74,0.36,0.49,0,0,0,3,1,0.0504,0.308,0,Successful Borrower
U03192,21,Bachelor's,Employed,5918.0,3,A03192,58,rent,21,0.54,bachelor,3627.0,0.71,0.11,136,0.77,0.29,0.49,0,0,0,2,0,0.1113,0.292,0,Successful Borrower
U03193,21,Diploma,Student,3744.0,1,A03193,6,owner,4,0.34,cert,2255.0,0.63,0.12,28,0.66,0.47,0.48,0,0,0,2,1,0.0763,0.3745,0,Successful Borrower
U03194,22,Diploma,Student,3607.0,3,A03194,4,rent,8,0.62,cert,1722.0,0.55,0.05,139,0.78,0.27,0.27,0,0,0,3,1,0.0724,0.2195,0,Successful Borrower
U03195,22,High School,Student,5235.0,2,A03195,10,rent,17,0.38,highschool,1550.0,0.65,0.06,102,0.75,0.29,0.35,0,0,0,1,0,0.0544,0.2565,0,Successful Borrower
U03196,21,Bachelor's,Student,4548.0,2,A03196,5,rent,7,0.57,bachelor,1580.0,0.52,0.05,79,0.86,0.22,0.29,0,0,0,2,0,0.1396,0.184,0,Successful Borrower
U03197,26,Bachelor's,Student,4229.0,3,A03197,6,rent,18,0.57,bachelor,1187.0,0.64,0.05,98,0.83,0.28,0.22,0,0,0,2,0,0.1218,0.192,0,Successful Borrower
U03198,25,Master's,Unemployed,2788.0,3,A03198,1,rent,8,0.38,master,1082.0,0.59,0.07,52,0.99,0.2,0.0,0,0,0,3,0,0.0948,0.064,0,Successful Borrower
U03199,20,High School,Self-Employed,7190.0,2,A03199,10,rent,10,0.45,highschool,1337.0,0.58,0.14,152,0.81,0.31,0.28,0,0,0,1,0,0.0793,0.235,0,Successful Borrower
U03200,24,High School,Self-Employed,6540.0,1,A03200,32,owner,4,0.56,highschool,3453.0,0.7,0.18,167,0.74,0.33,0.34,0,0,0,3,0,0.0982,0.2855,0,Successful Borrower
U03201,21,High School,Self-Employed,7600.0,2,A03201,52,owner,0,0.4,highschool,4213.0,0.63,0.18,90,0.62,0.35,0.65,0,0,0,3,1,0.057,0.41,1,Defaulted
U03202,23,Bachelor's,Self-Employed,10837.0,2,A03202,35,rent,16,0.45,bachelor,6009.0,0.46,0.23,88,0.56,0.54,0.62,0,0,0,2,3,0.0457,0.4785,1,Defaulted
U03203,24,PhD,Student,2811.0,2,A03203,10,none,0,0.59,phd,1145.0,0.55,0.03,43,0.86,0.27,0.26,0,0,0,2,0,0.1359,0.186,0,Successful Borrower
U03204,21,Master's,Employed,6100.0,1,A03204,17,owner,1,0.48,master,938.0,0.59,0.05,237,0.94,0.33,0.17,0,0,0,3,1,0.0296,0.1535,0,Successful Borrower
U03205,23,Bachelor's,Employed,8075.0,1,A03205,47,owner,2,0.56,bachelor,3927.0,0.51,0.09,188,0.74,0.38,0.37,0,0,0,3,0,0.1795,0.292,0,Successful Borrower
U03206,26,Bachelor's,Self-Employed,11247.0,2,A03206,46,owner,0,0.55,bachelor,2188.0,0.45,0.19,301,0.82,0.26,0.19,0,0,0,2,0,0.0634,0.204,0,Successful Borrower
U03207,20,Bachelor's,Employed,9004.0,1,A03207,6,owner,4,0.83,bachelor,2573.0,0.65,0.05,292,0.91,0.23,0.29,0,0,0,2,0,0.0114,0.169,0,Successful Borrower
U03208,24,Master's,Self-Employed,7459.0,2,A03208,18,rent,11,0.73,master,3144.0,0.69,0.18,117,0.64,0.39,0.54,0,0,0,3,0,0.038,0.3855,1,Defaulted
U03209,23,Master's,Employed,7829.0,3,A03209,59,rent,4,0.51,master,2667.0,0.69,0.02,223,0.95,0.23,0.21,0,0,0,3,2,0.1378,0.1305,0,Successful Borrower
U03210,23,High School,Unemployed,1894.0,1,A03210,5,rent,8,0.59,highschool,894.0,0.73,0.14,147,0.72,0.44,0.45,0,0,0,2,0,0.1435,0.3415,0,Successful Borrower
U03211,20,Bachelor's,Employed,6257.0,3,A03211,13,owner,1,0.4,bachelor,1834.0,0.74,0.06,181,0.88,0.26,0.18,0,0,0,2,0,0.0096,0.161,0,Successful Borrower
U03212,22,Bachelor's,Self-Employed,11270.0,1,A03212,4,rent,12,0.65,bachelor,3919.0,0.54,0.19,193,0.64,0.39,0.5,0,0,1,2,0,0.0436,0.377,1,Defaulted
U03213,25,Bachelor's,Student,4531.0,2,A03213,11,rent,17,0.53,bachelor,2377.0,0.51,0.1,65,0.81,0.27,0.35,0,0,0,1,0,0.0,0.2365,0,Successful Borrower
U03214,22,Diploma,Self-Employed,9058.0,3,A03214,41,none,0,0.79,cert,3061.0,0.52,0.13,235,0.78,0.35,0.38,0,0,0,2,0,0.0542,0.279,1,Defaulted
U03215,22,Bachelor's,Self-Employed,9705.0,3,A03215,45,none,1,0.57,bachelor,4572.0,0.59,0.23,207,0.62,0.36,0.58,0,0,0,1,1,0.0,0.4025,0,Successful Borrower
U03216,22,Bachelor's,Student,1696.0,2,A03216,1,rent,4,0.3,bachelor,875.0,0.52,0.11,54,0.56,0.47,0.63,0,0,0,1,2,0.0288,0.4455,1,Defaulted
U03217,20,Bachelor's,Employed,6672.0,2,A03217,24,none,2,0.77,bachelor,3452.0,0.58,0.11,126,0.78,0.32,0.3,0,0,0,2,1,0.0454,0.2485,0,Successful Borrower
U03218,24,Bachelor's,Employed,7358.0,3,A03218,56,rent,22,0.4,bachelor,3062.0,0.49,0.06,167,0.79,0.35,0.48,0,0,0,3,2,0.0,0.29,0,Successful Borrower
U03219,22,High School,Student,3633.0,3,A03219,0,rent,13,0.66,highschool,1413.0,0.7,0.12,41,0.62,0.57,0.5,0,0,0,0,2,0.0384,0.4185,1,Defaulted
U03220,21,Master's,Student,4050.0,1,A03220,11,rent,12,0.5,master,2101.0,0.61,0.13,73,0.7,0.42,0.49,0,0,0,1,1,0.0314,0.352,1,Defaulted
U03221,20,Diploma,Student,1730.0,3,A03221,2,rent,10,0.44,cert,300.0,0.48,0.1,28,0.69,0.42,0.34,0,0,0,2,0,0.0986,0.3135,0,Successful Borrower
U03222,21,Bachelor's,Self-Employed,6209.0,3,A03222,24,owner,2,0.53,bachelor,2613.0,0.52,0.19,70,0.59,0.4,0.55,0,0,0,2,0,0.1023,0.4095,0,Successful Borrower
U03223,21,Bachelor's,Unemployed,1953.0,2,A03223,1,rent,19,0.48,bachelor,2140.0,0.6,0.15,0,0.7,0.46,0.49,0,0,0,0,0,0.0,0.365,1,Defaulted
U03224,26,Bachelor's,Employed,8932.0,3,A03224,39,rent,17,0.73,bachelor,4663.0,0.54,0.07,79,0.85,0.31,0.44,0,0,0,1,0,0.0366,0.2505,0,Successful Borrower
U03225,20,Bachelor's,Employed,6541.0,2,A03225,46,rent,18,0.52,bachelor,2876.0,0.47,0.11,142,0.67,0.36,0.53,0,0,0,3,0,0.074,0.3545,1,Defaulted
U03226,21,Bachelor's,Employed,6285.0,1,A03226,15,rent,6,0.72,bachelor,1845.0,0.73,0.08,204,0.81,0.33,0.37,0,0,0,3,0,0.0911,0.2535,0,Successful Borrower
U03227,23,Master's,Employed,10439.0,3,A03227,38,owner,3,0.5,master,1832.0,0.56,0.06,274,0.99,0.08,0.22,0,0,1,2,0,0.068,0.0875,0,Successful Borrower
U03228,26,Master's,Self-Employed,10220.0,2,A03228,57,owner,2,0.72,master,4047.0,0.46,0.14,212,0.84,0.12,0.38,0,0,0,3,1,0.0687,0.202,0,Successful Borrower
U03229,22,High School,Unemployed,1200.0,3,A03229,3,rent,13,0.52,highschool,551.0,0.53,0.13,14,0.69,0.47,0.39,0,0,0,2,0,0.084,0.343,1,Defaulted
U03230,23,Bachelor's,Student,4695.0,1,A03230,5,none,1,0.65,bachelor,1982.0,0.69,0.09,150,0.81,0.22,0.4,0,0,0,3,1,0.1988,0.235,0,Successful Borrower
U03231,20,Master's,Employed,6933.0,2,A03231,37,rent,4,0.31,master,2092.0,0.53,0.09,207,0.77,0.31,0.48,0,0,0,2,1,0.0,0.2915,1,Defaulted
U03232,25,Bachelor's,Unemployed,3204.0,1,A03232,2,rent,21,0.55,bachelor,1317.0,0.57,0.17,35,0.79,0.37,0.5,0,0,0,2,0,0.1206,0.3165,1,Defaulted
U03233,21,Bachelor's,Unemployed,2896.0,2,A03233,0,rent,13,0.38,bachelor,1281.0,0.56,0.18,98,0.67,0.46,0.5,0,0,0,2,1,0.0506,0.3825,1,Defaulted
U03234,26,Master's,Student,4731.0,2,A03234,9,none,4,0.37,master,2387.0,0.72,0.1,51,0.69,0.36,0.5,0,0,0,1,0,0.0333,0.3385,1,Defaulted
U03235,24,Diploma,Employed,8163.0,1,A03235,58,rent,6,0.43,cert,3385.0,0.35,0.1,161,0.71,0.39,0.52,0,0,0,2,1,0.0115,0.344,1,Defaulted
U03236,21,High School,Unemployed,2795.0,3,A03236,5,rent,8,0.58,highschool,1550.0,0.64,0.09,40,0.66,0.37,0.53,0,0,0,2,0,0.1919,0.3575,1,Defaulted
U03237,25,Master's,Employed,9335.0,1,A03237,31,owner,0,0.61,master,4762.0,0.63,0.1,172,0.85,0.24,0.29,0,0,0,3,0,0.0428,0.2,0,Successful Borrower
U03238,26,High School,Self-Employed,5955.0,2,A03238,48,none,2,0.52,highschool,1832.0,0.58,0.21,106,0.82,0.19,0.32,0,0,0,3,1,0.1137,0.222,0,Successful Borrower
U03239,25,Diploma,Employed,6059.0,2,A03239,14,owner,0,0.44,cert,3046.0,0.63,0.03,116,0.84,0.15,0.36,0,0,0,3,1,0.1446,0.188,0,Successful Borrower
U03240,26,High School,Employed,6980.0,2,A03240,42,rent,11,0.66,highschool,3317.0,0.5,0.09,115,0.82,0.21,0.36,0,0,0,2,0,0.0596,0.219,0,Successful Borrower
U03241,26,High School,Student,3781.0,1,A03241,2,rent,14,0.6,highschool,2710.0,0.74,0.16,31,0.72,0.32,0.49,0,0,0,2,0,0.1036,0.3245,1,Defaulted
U03242,20,Master's,Self-Employed,8012.0,3,A03242,32,rent,22,0.41,master,1962.0,0.49,0.14,149,0.8,0.27,0.29,0,0,0,1,1,0.0,0.231,0,Successful Borrower
U03243,23,Bachelor's,Student,3424.0,2,A03243,10,owner,1,0.51,bachelor,1378.0,0.56,0.04,127,0.81,0.22,0.43,0,0,0,3,0,0.0305,0.235,0,Successful Borrower
U03244,23,High School,Employed,7664.0,3,A03244,59,rent,4,0.43,highschool,2458.0,0.65,0.04,145,0.85,0.3,0.32,0,0,0,2,0,0.1501,0.2135,0,Successful Borrower
U03245,26,Bachelor's,Student,3606.0,2,A03245,2,none,2,0.63,bachelor,1436.0,0.53,0.09,138,0.78,0.28,0.51,0,0,0,1,0,0.0637,0.288,0,Successful Borrower
U03246,25,Bachelor's,Self-Employed,7169.0,3,A03246,20,rent,8,0.57,bachelor,3328.0,0.62,0.11,182,0.82,0.36,0.4,0,0,0,3,0,0.0407,0.2695,0,Successful Borrower
U03247,21,Bachelor's,Student,4282.0,3,A03247,2,rent,16,0.51,bachelor,2072.0,0.64,0.09,75,0.75,0.29,0.45,0,0,0,1,0,0.0529,0.286,1,Defaulted
U03248,25,High School,Employed,7934.0,1,A03248,50,owner,2,0.53,highschool,4017.0,0.57,0.08,130,0.82,0.26,0.36,0,0,0,3,2,0.1308,0.23,0,Successful Borrower
U03249,24,Master's,Employed,7208.0,2,A03249,52,rent,19,0.64,master,4661.0,0.62,0.22,102,0.56,0.42,0.68,0,0,0,3,2,0.1293,0.462,1,Defaulted
U03250,25,High School,Employed,10066.0,3,A03250,50,owner,4,0.73,highschool,5164.0,0.58,0.09,221,0.78,0.29,0.37,0,0,0,3,0,0.0591,0.2555,1,Defaulted
U03251,24,Diploma,Employed,7917.0,2,A03251,52,rent,20,0.49,cert,2836.0,0.57,0.05,179,0.75,0.39,0.36,0,0,0,3,0,0.0,0.2825,1,Defaulted
U03252,26,Bachelor's,Self-Employed,7430.0,2,A03252,9,owner,2,0.5,bachelor,3282.0,0.61,0.1,139,0.72,0.34,0.42,0,0,0,2,1,0.0937,0.303,0,Successful Borrower
U03253,20,Bachelor's,Student,4543.0,1,A03253,12,rent,11,0.42,bachelor,1147.0,0.77,0.02,123,1.0,0.18,0.11,0,0,0,3,0,0.0,0.0755,0,Successful Borrower
U03254,22,Bachelor's,Employed,9108.0,2,A03254,27,owner,0,0.44,bachelor,3297.0,0.6,0.11,193,0.76,0.21,0.43,0,0,0,1,1,0.1731,0.2605,1,Defaulted
U03255,23,Bachelor's,Employed,5369.0,2,A03255,9,none,0,0.5,bachelor,1942.0,0.65,0.07,134,0.74,0.31,0.44,0,0,0,3,2,0.1775,0.289,0,Successful Borrower
U03256,21,Master's,Self-Employed,8117.0,3,A03256,60,rent,10,0.41,master,2640.0,0.66,0.18,181,0.77,0.23,0.39,0,0,0,3,1,0.0674,0.2625,0,Successful Borrower
U03257,23,High School,Employed,9038.0,3,A03257,31,rent,10,0.7,highschool,3287.0,0.56,0.02,163,0.98,0.18,0.13,0,0,0,2,0,0.0723,0.0875,0,Successful Borrower
U03258,24,Bachelor's,Unemployed,2927.0,2,A03258,5,rent,14,0.32,bachelor,1910.0,0.61,0.24,48,0.56,0.62,0.65,0,0,1,2,2,0.0951,0.5075,1,Defaulted
U03259,20,Bachelor's,Employed,8891.0,1,A03259,25,none,3,0.65,bachelor,5282.0,0.66,0.15,74,0.67,0.45,0.49,0,0,0,2,0,0.0,0.373,0,Successful Borrower
U03260,23,Bachelor's,Student,6508.0,2,A03260,4,rent,23,0.46,bachelor,3847.0,0.53,0.13,109,0.76,0.34,0.38,0,1,0,1,0,0.0,0.2835,0,Successful Borrower
U03261,23,Master's,Unemployed,3160.0,2,A03261,5,rent,23,0.55,master,504.0,0.65,0.08,88,0.88,0.26,0.18,0,0,0,2,0,0.093,0.164,0,Successful Borrower
U03262,26,Bachelor's,Employed,9528.0,1,A03262,46,none,1,0.6,bachelor,3759.0,0.54,0.07,258,0.9,0.27,0.28,0,0,0,3,1,0.1549,0.183,0,Successful Borrower
U03263,24,Bachelor's,Student,3022.0,2,A03263,5,none,2,0.65,bachelor,1193.0,0.69,0.07,112,0.75,0.33,0.47,0,0,0,3,0,0.1865,0.298,1,Defaulted
U03264,20,Bachelor's,Unemployed,2620.0,3,A03264,3,rent,13,0.38,bachelor,735.0,0.61,0.11,96,0.84,0.33,0.22,0,0,0,3,0,0.1206,0.21,0,Successful Borrower
U03265,22,PhD,Self-Employed,9853.0,2,A03265,58,owner,3,0.42,phd,4013.0,0.54,0.17,180,0.67,0.37,0.45,0,0,0,2,0,0.058,0.346,1,Defaulted
U03266,24,Bachelor's,Employed,9135.0,1,A03266,8,none,1,0.5,bachelor,3662.0,0.52,0.08,193,0.76,0.34,0.32,0,0,0,3,0,0.0693,0.261,0,Successful Borrower
U03267,23,High School,Self-Employed,6217.0,1,A03267,49,rent,8,0.61,highschool,1976.0,0.54,0.16,116,0.7,0.37,0.32,0,0,0,3,0,0.0546,0.3015,0,Successful Borrower
U03268,24,Diploma,Employed,5904.0,1,A03268,22,owner,4,0.65,cert,2523.0,0.58,0.09,164,0.84,0.38,0.39,0,0,0,2,1,0.0,0.262,0,Successful Borrower
U03269,21,High School,Employed,9807.0,3,A03269,11,owner,4,0.52,highschool,3997.0,0.68,0.04,189,0.86,0.29,0.29,0,0,0,1,0,0.1057,0.2,0,Successful Borrower
U03270,22,Bachelor's,Student,2779.0,2,A03270,11,none,0,0.58,bachelor,1372.0,0.69,0.12,122,0.78,0.4,0.4,0,0,0,3,1,0.0,0.295,0,Successful Borrower
U03271,24,Master's,Employed,10918.0,1,A03271,25,owner,2,0.7,master,3777.0,0.42,0.07,236,0.75,0.32,0.24,0,0,0,2,1,0.1689,0.238,1,Defaulted
U03272,20,Bachelor's,Employed,7581.0,3,A03272,13,rent,23,0.55,bachelor,1741.0,0.69,0.04,173,0.83,0.32,0.28,0,0,0,3,0,0.1857,0.2155,0,Successful Borrower
U03273,23,Diploma,Employed,9377.0,2,A03273,46,rent,23,0.66,cert,4065.0,0.63,0.07,203,0.78,0.29,0.35,0,0,0,3,1,0.0,0.2475,0,Successful Borrower
U03274,21,Master's,Unemployed,2166.0,2,A03274,5,rent,6,0.45,master,1559.0,0.68,0.18,58,0.72,0.46,0.41,0,0,0,1,0,0.0633,0.3425,1,Defaulted
U03275,24,High School,Student,3601.0,2,A03275,0,none,4,0.65,highschool,1620.0,0.62,0.14,11,0.73,0.31,0.4,0,0,0,1,0,0.106,0.293,0,Successful Borrower
U03276,23,Diploma,Employed,6273.0,1,A03276,55,rent,11,0.76,cert,1383.0,0.3,0.08,139,0.98,0.16,0.17,0,0,0,2,0,0.146,0.1015,0,Successful Borrower
U03277,26,Bachelor's,Student,5012.0,3,A03277,12,rent,8,0.3,bachelor,2048.0,0.81,0.03,124,0.91,0.12,0.06,0,0,0,3,0,0.0648,0.081,0,Successful Borrower
U03278,26,Bachelor's,Employed,9058.0,3,A03278,6,none,2,0.58,bachelor,3252.0,0.63,0.11,192,0.79,0.23,0.33,0,0,0,2,1,0.0903,0.23,0,Successful Borrower
U03279,24,High School,Employed,7139.0,1,A03279,24,none,0,0.6,highschool,3183.0,0.68,0.13,107,0.76,0.33,0.5,0,0,0,2,0,0.0991,0.311,1,Defaulted
U03280,20,Bachelor's,Employed,9220.0,2,A03280,16,owner,4,0.52,bachelor,3496.0,0.45,0.12,211,0.74,0.27,0.41,0,0,0,1,1,0.1927,0.279,1,Defaulted
U03281,22,Master's,Student,3004.0,3,A03281,6,rent,19,0.44,master,1502.0,0.76,0.04,56,0.82,0.36,0.38,0,0,0,2,1,0.0989,0.254,1,Defaulted
U03282,20,Bachelor's,Student,2487.0,2,A03282,0,owner,2,0.35,bachelor,1289.0,0.59,0.04,9,0.86,0.31,0.23,0,0,0,2,0,0.1624,0.19,0,Successful Borrower
U03283,24,High School,Self-Employed,8867.0,3,A03283,46,rent,5,0.54,highschool,3133.0,0.65,0.13,165,0.76,0.31,0.45,0,0,0,1,0,0.0877,0.2935,0,Successful Borrower
U03284,23,Bachelor's,Employed,7871.0,1,A03284,38,rent,21,0.59,bachelor,3320.0,0.65,0.08,143,0.83,0.2,0.43,0,0,0,3,1,0.1301,0.229,0,Successful Borrower
U03285,22,High School,Employed,9266.0,2,A03285,38,owner,0,0.5,highschool,3453.0,0.6,0.05,193,0.87,0.22,0.34,0,0,0,3,1,0.055,0.193,0,Successful Borrower
U03286,20,PhD,Employed,8728.0,3,A03286,38,rent,24,0.45,phd,3711.0,0.52,0.05,192,0.74,0.32,0.51,0,0,0,3,0,0.0657,0.306,0,Successful Borrower
U03287,21,Bachelor's,Self-Employed,7027.0,1,A03287,11,rent,16,0.52,bachelor,3890.0,0.57,0.19,146,0.71,0.33,0.47,0,0,0,3,0,0.0,0.33,0,Successful Borrower
U03288,21,Master's,Self-Employed,7094.0,2,A03288,41,rent,24,0.56,master,4509.0,0.71,0.25,89,0.62,0.36,0.53,0,0,0,1,2,0.0652,0.393,1,Defaulted
U03289,25,Master's,Employed,10701.0,2,A03289,18,rent,11,0.54,master,3121.0,0.53,0.07,221,0.86,0.19,0.31,0,0,0,1,0,0.0146,0.1845,0,Successful Borrower
U03290,20,Bachelor's,Employed,6645.0,2,A03290,16,owner,0,0.45,bachelor,2548.0,0.49,0.04,186,0.92,0.14,0.29,0,0,0,3,0,0.1793,0.1415,0,Successful Borrower
U03291,24,Diploma,Employed,9173.0,2,A03291,30,none,1,0.72,cert,758.0,0.63,0.03,245,1.0,0.07,0.11,0,0,0,3,0,0.0436,0.0495,0,Successful Borrower
U03292,21,Bachelor's,Self-Employed,5989.0,3,A03292,10,owner,3,0.67,bachelor,3029.0,0.64,0.19,75,0.73,0.34,0.35,0,0,0,1,1,0.015,0.2955,1,Defaulted
U03293,23,Bachelor's,Employed,9176.0,1,A03293,55,owner,0,0.56,bachelor,3518.0,0.49,0.04,230,0.88,0.26,0.2,0,0,0,3,0,0.0,0.163,0,Successful Borrower
U03294,24,PhD,Unemployed,3793.0,2,A03294,2,rent,22,0.44,phd,1505.0,0.73,0.16,117,0.76,0.4,0.45,0,0,0,1,1,0.0655,0.3205,0,Successful Borrower
U03295,21,Bachelor's,Unemployed,3246.0,2,A03295,4,rent,7,0.47,bachelor,1288.0,0.56,0.18,130,0.7,0.41,0.48,0,0,0,3,1,0.0,0.3545,0,Successful Borrower
U03296,22,Diploma,Unemployed,2391.0,1,A03296,5,rent,17,0.68,cert,1411.0,0.57,0.19,28,0.56,0.56,0.61,0,0,0,0,3,0.0003,0.475,1,Defaulted
U03297,23,Bachelor's,Self-Employed,8623.0,2,A03297,29,rent,18,0.3,bachelor,3297.0,0.56,0.21,144,0.78,0.2,0.52,0,0,0,1,1,0.0344,0.2885,0,Successful Borrower
U03298,20,Bachelor's,Employed,5686.0,3,A03298,29,rent,6,0.54,bachelor,3578.0,0.8,0.17,175,0.75,0.27,0.42,0,0,0,3,1,0.1623,0.2855,0,Successful Borrower
U03299,26,High School,Employed,11136.0,3,A03299,44,rent,10,0.67,highschool,3347.0,0.64,0.08,267,0.91,0.3,0.22,0,0,0,3,1,0.0322,0.1735,0,Successful Borrower
U03300,24,Bachelor's,Employed,8754.0,1,A03300,39,rent,20,0.62,bachelor,4116.0,0.65,0.1,134,0.71,0.35,0.5,0,0,0,2,0,0.133,0.329,0,Successful Borrower
U03301,20,Bachelor's,Self-Employed,8601.0,2,A03301,35,owner,0,0.3,bachelor,3382.0,0.54,0.15,185,0.7,0.29,0.45,0,0,0,3,1,0.1177,0.3125,0,Successful Borrower
U03302,24,PhD,Employed,8075.0,2,A03302,7,none,0,0.3,phd,2515.0,0.59,0.03,193,0.92,0.1,0.35,0,0,0,3,0,0.0023,0.145,0,Successful Borrower
U03303,25,High School,Employed,8487.0,3,A03303,52,owner,0,0.3,highschool,4124.0,0.53,0.1,157,0.82,0.25,0.4,0,0,0,3,0,0.1115,0.2405,1,Defaulted
U03304,23,Bachelor's,Employed,8386.0,1,A03304,9,rent,20,0.74,bachelor,3825.0,0.53,0.11,170,0.71,0.37,0.61,0,0,0,3,0,0.0995,0.363,1,Defaulted
U03305,21,High School,Unemployed,2533.0,2,A03305,5,rent,9,0.35,highschool,2137.0,0.6,0.24,55,0.56,0.64,0.8,0,0,0,0,3,0.1136,0.55,1,Defaulted
U03306,21,High School,Self-Employed,5802.0,3,A03306,18,rent,18,0.47,highschool,3095.0,0.56,0.24,47,0.63,0.4,0.57,0,0,0,1,1,0.0325,0.408,1,Defaulted
U03307,25,Master's,Employed,8054.0,1,A03307,52,rent,8,0.56,master,4523.0,0.57,0.16,155,0.74,0.31,0.53,0,0,0,3,1,0.1243,0.325,1,Defaulted
U03308,25,Bachelor's,Unemployed,2533.0,3,A03308,4,owner,0,0.49,bachelor,1103.0,0.75,0.19,142,0.69,0.44,0.62,1,0,0,1,1,0.1739,0.402,1,Defaulted
U03309,26,Master's,Self-Employed,10803.0,3,A03309,10,owner,3,0.54,master,4479.0,0.58,0.12,238,0.85,0.18,0.27,0,0,0,2,0,0.0968,0.183,0,Successful Borrower
U03310,22,Bachelor's,Student,2156.0,1,A03310,3,rent,17,0.54,bachelor,1310.0,0.59,0.23,42,0.58,0.48,0.62,0,0,0,2,3,0.0379,0.4565,1,Defaulted
U03311,20,Master's,Employed,6460.0,2,A03311,8,rent,13,0.5,master,2376.0,0.5,0.05,164,0.74,0.19,0.38,0,0,0,3,1,0.0514,0.241,1,Defaulted
U03312,26,Bachelor's,Student,3099.0,1,A03312,4,none,0,0.68,bachelor,1274.0,0.57,0.08,48,0.82,0.31,0.42,0,0,0,1,0,0.0032,0.2575,0,Successful Borrower
U03313,21,High School,Employed,8904.0,1,A03313,22,owner,0,0.51,highschool,1917.0,0.44,0.02,232,0.91,0.26,0.22,0,0,0,2,0,0.0,0.1545,0,Successful Borrower
U03314,23,Bachelor's,Student,2732.0,2,A03314,10,rent,10,0.56,bachelor,1402.0,0.49,0.11,108,0.77,0.38,0.4,0,0,0,2,0,0.0512,0.292,1,Defaulted
U03315,23,Bachelor's,Student,4831.0,2,A03315,0,rent,5,0.53,bachelor,1593.0,0.61,0.08,134,0.9,0.21,0.12,0,0,0,3,2,0.1063,0.1295,1,Defaulted
U03316,22,Bachelor's,Employed,7126.0,3,A03316,32,none,3,0.59,bachelor,3279.0,0.76,0.05,176,0.83,0.31,0.2,0,0,0,3,1,0.1551,0.1945,0,Successful Borrower
U03317,26,Bachelor's,Student,3987.0,2,A03317,3,rent,24,0.45,bachelor,3173.0,0.71,0.21,0,0.56,0.54,0.68,0,0,0,0,2,0.169,0.4905,1,Defaulted
U03318,22,Bachelor's,Employed,5967.0,3,A03318,9,rent,6,0.76,bachelor,2773.0,0.53,0.08,95,0.76,0.27,0.42,0,0,0,3,0,0.1004,0.2685,0,Successful Borrower
U03319,25,Bachelor's,Employed,7796.0,1,A03319,7,rent,24,0.52,bachelor,1693.0,0.77,0.02,168,1.0,0.1,0.11,0,0,0,3,0,0.12,0.0555,0,Successful Borrower
U03320,23,High School,Employed,8752.0,1,A03320,8,owner,1,0.42,highschool,1858.0,0.62,0.07,218,0.81,0.35,0.38,0,0,0,2,0,0.0,0.2595,0,Successful Borrower
U03321,23,Diploma,Unemployed,2456.0,3,A03321,0,rent,17,0.44,cert,1726.0,0.73,0.21,22,0.62,0.53,0.62,0,0,0,0,3,0.0,0.452,1,Defaulted
U03322,23,High School,Employed,8876.0,2,A03322,60,owner,2,0.54,highschool,2833.0,0.42,0.06,154,0.88,0.24,0.27,0,0,0,2,0,0.086,0.1785,0,Successful Borrower
U03323,23,Diploma,Student,5786.0,1,A03323,10,rent,11,0.48,cert,2968.0,0.63,0.08,45,0.74,0.41,0.31,0,0,0,2,0,0.0719,0.283,1,Defaulted
U03324,24,Bachelor's,Self-Employed,8373.0,2,A03324,23,rent,6,0.52,bachelor,2657.0,0.65,0.16,186,0.72,0.31,0.35,0,0,0,3,1,0.1023,0.287,0,Successful Borrower
U03325,24,Bachelor's,Employed,7575.0,2,A03325,44,rent,11,0.64,bachelor,2219.0,0.42,0.02,180,1.0,0.08,0.22,0,0,0,3,1,0.0,0.078,0,Successful Borrower
U03326,25,Master's,Self-Employed,9671.0,3,A03326,24,owner,3,0.54,master,3361.0,0.4,0.22,251,0.73,0.31,0.36,0,0,0,3,1,0.1318,0.295,0,Successful Borrower
U03327,21,Bachelor's,Employed,8967.0,1,A03327,34,rent,9,0.65,bachelor,3513.0,0.63,0.09,263,0.76,0.41,0.34,0,0,0,1,1,0.1236,0.285,0,Successful Borrower
U03328,23,Diploma,Unemployed,2894.0,2,A03328,6,rent,19,0.59,cert,1705.0,0.67,0.16,69,0.71,0.44,0.35,0,0,0,3,0,0.0739,0.323,1,Defaulted
U03329,24,Bachelor's,Employed,7669.0,2,A03329,25,rent,13,0.71,bachelor,3210.0,0.49,0.11,174,0.72,0.31,0.37,0,0,0,3,0,0.1501,0.2845,0,Successful Borrower
U03330,25,Bachelor's,Student,2804.0,3,A03330,5,none,4,0.51,bachelor,1747.0,0.62,0.12,38,0.68,0.38,0.42,0,0,0,0,1,0.1364,0.33,0,Successful Borrower
U03331,23,PhD,Student,4702.0,3,A03331,11,rent,10,0.57,phd,2291.0,0.56,0.07,85,0.79,0.25,0.51,0,0,0,2,1,0.0616,0.274,1,Defaulted
U03332,25,Bachelor's,Self-Employed,9098.0,1,A03332,45,owner,3,0.55,bachelor,1849.0,0.67,0.07,231,1.0,0.08,0.09,0,0,0,3,1,0.1459,0.053,0,Successful Borrower
U03333,23,Master's,Student,3490.0,3,A03333,5,rent,11,0.53,master,1189.0,0.66,0.05,123,0.78,0.31,0.28,0,0,0,2,0,0.0989,0.232,0,Successful Borrower
U03334,21,High School,Self-Employed,7839.0,2,A03334,51,owner,3,0.6,highschool,1607.0,0.6,0.14,198,0.78,0.36,0.38,0,0,0,2,1,0.1038,0.283,0,Successful Borrower
U03335,23,Bachelor's,Self-Employed,9205.0,1,A03335,25,rent,4,0.74,bachelor,2914.0,0.5,0.21,207,0.69,0.34,0.47,0,0,0,1,1,0.1266,0.3425,0,Successful Borrower
U03336,21,Bachelor's,Employed,10925.0,2,A03336,41,rent,16,0.49,bachelor,4106.0,0.65,0.02,192,1.0,0.07,0.16,0,0,0,3,1,0.1721,0.0605,0,Successful Borrower
U03337,22,High School,Self-Employed,6414.0,2,A03337,6,rent,6,0.44,highschool,1378.0,0.55,0.09,164,0.91,0.13,0.25,0,0,0,2,0,0.098,0.14,0,Successful Borrower
U03338,23,Diploma,Employed,12946.0,1,A03338,27,rent,19,0.76,cert,2921.0,0.46,0.1,279,0.77,0.3,0.35,0,0,0,3,0,0.0,0.258,0,Successful Borrower
U03339,25,Bachelor's,Employed,5897.0,2,A03339,7,rent,5,0.48,bachelor,1822.0,0.51,0.11,169,0.72,0.28,0.48,0,0,0,1,0,0.0899,0.3045,1,Defaulted
U03340,20,Master's,Student,3337.0,3,A03340,6,rent,13,0.36,master,1939.0,0.77,0.14,3,0.72,0.36,0.49,0,0,0,2,0,0.1446,0.3315,1,Defaulted
U03341,21,Bachelor's,Self-Employed,8620.0,2,A03341,56,rent,4,0.48,bachelor,4339.0,0.55,0.21,148,0.74,0.31,0.48,0,0,0,2,1,0.0,0.32,0,Successful Borrower
U03342,23,High School,Employed,7219.0,1,A03342,10,owner,4,0.45,highschool,2455.0,0.68,0.08,234,0.84,0.22,0.36,0,0,0,3,1,0.138,0.213,0,Successful Borrower
U03343,20,Diploma,Employed,8135.0,2,A03343,7,rent,5,0.65,cert,3595.0,0.53,0.07,195,0.87,0.27,0.35,0,0,0,3,1,0.0816,0.211,0,Successful Borrower
U03344,25,Master's,Employed,10383.0,1,A03344,18,owner,4,0.53,master,3153.0,0.45,0.07,240,0.82,0.28,0.36,0,0,0,1,0,0.033,0.2335,0,Successful Borrower
U03345,26,Master's,Self-Employed,7243.0,2,A03345,50,rent,20,0.67,master,3404.0,0.62,0.14,118,0.83,0.25,0.27,0,0,0,2,1,0.183,0.2105,0,Successful Borrower
U03346,20,Bachelor's,Unemployed,2136.0,2,A03346,3,owner,1,0.48,bachelor,1601.0,0.64,0.2,19,0.62,0.48,0.54,0,0,0,1,1,0.0,0.418,1,Defaulted
U03347,21,Bachelor's,Student,2929.0,2,A03347,9,none,0,0.43,bachelor,1186.0,0.66,0.12,99,0.78,0.22,0.39,0,1,0,3,1,0.1569,0.2475,0,Successful Borrower
U03348,26,Bachelor's,Employed,9178.0,2,A03348,24,owner,0,0.38,bachelor,2524.0,0.4,0.13,260,0.76,0.32,0.4,0,0,0,3,0,0.0626,0.2835,1,Defaulted
U03349,26,High School,Student,2839.0,3,A03349,0,owner,2,0.54,highschool,1590.0,0.56,0.18,74,0.68,0.44,0.47,0,0,0,3,0,0.2071,0.3665,0,Successful Borrower
U03350,25,Bachelor's,Student,5381.0,3,A03350,2,rent,15,0.34,bachelor,1415.0,0.68,0.11,129,0.97,0.12,0.32,0,0,0,2,1,0.1464,0.137,0,Successful Borrower
U03351,22,Bachelor's,Employed,8356.0,3,A03351,33,rent,5,0.55,bachelor,4202.0,0.58,0.18,126,0.59,0.41,0.7,1,0,0,2,1,0.0684,0.448,1,Defaulted
U03352,22,Bachelor's,Self-Employed,8084.0,2,A03352,22,rent,7,0.46,bachelor,2179.0,0.58,0.09,212,0.93,0.18,0.07,0,0,0,3,0,0.0756,0.1005,0,Successful Borrower
U03353,26,Bachelor's,Employed,8412.0,2,A03353,8,owner,1,0.54,bachelor,2943.0,0.47,0.1,193,0.69,0.49,0.47,1,0,0,3,0,0.0866,0.3635,0,Successful Borrower
U03354,26,Diploma,Self-Employed,9762.0,1,A03354,25,owner,1,0.56,cert,2124.0,0.5,0.09,243,0.85,0.18,0.28,0,0,0,2,0,0.0348,0.181,0,Successful Borrower
U03355,22,Diploma,Unemployed,2736.0,1,A03355,5,rent,17,0.47,cert,1954.0,0.63,0.14,28,0.67,0.48,0.44,0,0,0,2,0,0.1995,0.3665,0,Successful Borrower
U03356,26,Bachelor's,Employed,8697.0,3,A03356,14,rent,11,0.51,bachelor,3357.0,0.56,0.09,187,0.63,0.47,0.54,0,0,0,3,0,0.1491,0.3955,0,Successful Borrower
U03357,25,Bachelor's,Employed,5911.0,2,A03357,49,rent,5,0.53,bachelor,2985.0,0.67,0.08,136,0.79,0.19,0.37,0,0,0,2,0,0.0,0.2255,0,Successful Borrower
U03358,24,Bachelor's,Employed,8704.0,2,A03358,35,owner,2,0.47,bachelor,2993.0,0.59,0.15,175,0.7,0.39,0.36,0,0,0,3,0,0.0,0.315,1,Defaulted
U03359,22,Master's,Unemployed,2894.0,2,A03359,1,none,1,0.66,master,1198.0,0.85,0.13,82,0.75,0.39,0.3,0,0,0,2,1,0.1158,0.2795,0,Successful Borrower
U03360,26,Bachelor's,Self-Employed,4493.0,1,A03360,38,rent,5,0.6,bachelor,1653.0,0.64,0.14,76,0.85,0.2,0.3,0,0,0,1,0,0.0466,0.1985,0,Successful Borrower
U03361,20,High School,Student,2186.0,3,A03361,9,rent,4,0.73,highschool,1572.0,0.7,0.21,17,0.56,0.52,0.68,0,0,0,2,2,0.0725,0.4855,1,Defaulted
U03362,25,Bachelor's,Employed,7426.0,1,A03362,49,owner,2,0.38,bachelor,2277.0,0.79,0.02,209,0.95,0.12,0.33,0,0,0,2,0,0.0639,0.133,0,Successful Borrower
U03363,24,Bachelor's,Employed,8276.0,2,A03363,17,rent,11,0.57,bachelor,3571.0,0.56,0.1,163,0.79,0.31,0.39,0,0,0,2,0,0.0,0.2635,0,Successful Borrower
U03364,26,Master's,Employed,10702.0,1,A03364,57,rent,23,0.69,master,2832.0,0.58,0.05,220,0.9,0.31,0.16,0,0,0,3,0,0.0845,0.16,0,Successful Borrower
U03365,21,Bachelor's,Unemployed,1574.0,3,A03365,4,rent,18,0.56,bachelor,1305.0,0.72,0.22,7,0.6,0.57,0.55,0,0,1,1,3,0.0987,0.453,1,Defaulted
U03366,20,Diploma,Student,2312.0,1,A03366,8,none,4,0.31,cert,1715.0,0.74,0.11,0,0.69,0.46,0.36,0,0,0,2,0,0.0451,0.33,1,Defaulted
U03367,26,Master's,Employed,8523.0,1,A03367,29,rent,5,0.54,master,2772.0,0.49,0.02,232,0.85,0.27,0.24,0,0,0,3,0,0.078,0.183,0,Successful Borrower
U03368,24,Diploma,Employed,5543.0,3,A03368,18,rent,19,0.49,cert,2468.0,0.76,0.09,145,0.87,0.25,0.2,0,0,0,2,0,0.1769,0.1715,0,Successful Borrower
U03369,25,Bachelor's,Employed,9567.0,2,A03369,38,owner,0,0.55,bachelor,4361.0,0.56,0.11,222,0.66,0.37,0.47,0,0,0,3,0,0.1711,0.3455,0,Successful Borrower
U03370,22,PhD,Self-Employed,7719.0,3,A03370,36,none,0,0.55,phd,3145.0,0.59,0.13,71,0.75,0.33,0.43,0,0,0,0,0,0.0889,0.297,1,Defaulted
U03371,21,Master's,Student,2118.0,2,A03371,2,none,2,0.47,master,1336.0,0.85,0.11,6,0.75,0.52,0.49,0,0,0,0,0,0.0737,0.3565,0,Successful Borrower
U03372,25,High School,Student,5468.0,3,A03372,6,rent,7,0.58,highschool,1544.0,0.56,0.04,235,0.91,0.19,0.01,0,0,0,2,0,0.0635,0.0875,0,Successful Borrower
U03373,20,Bachelor's,Unemployed,2369.0,3,A03373,4,none,3,0.35,bachelor,920.0,0.6,0.06,126,0.75,0.4,0.49,0,0,0,3,1,0.0507,0.319,1,Defaulted
U03374,23,High School,Employed,7153.0,1,A03374,18,rent,12,0.58,highschool,3104.0,0.64,0.08,148,0.77,0.38,0.38,0,0,0,3,0,0.0,0.2825,1,Defaulted
U03375,24,Bachelor's,Employed,11780.0,1,A03375,45,rent,16,0.53,bachelor,3864.0,0.57,0.07,263,0.85,0.34,0.36,0,0,0,2,1,0.0446,0.238,1,Defaulted
U03376,22,Bachelor's,Student,2506.0,2,A03376,9,rent,13,0.31,bachelor,1539.0,0.59,0.12,11,0.74,0.36,0.46,0,0,0,2,0,0.1599,0.314,1,Defaulted
U03377,22,High School,Student,3130.0,2,A03377,2,rent,17,0.3,highschool,2213.0,0.72,0.14,25,0.64,0.44,0.51,0,0,0,2,0,0.1278,0.3845,1,Defaulted
U03378,20,Bachelor's,Employed,7940.0,2,A03378,7,owner,1,0.55,bachelor,2891.0,0.6,0.13,181,0.75,0.33,0.47,0,0,0,2,0,0.1067,0.307,1,Defaulted
U03379,26,High School,Unemployed,1200.0,2,A03379,3,rent,13,0.3,highschool,300.0,0.75,0.04,76,0.84,0.29,0.18,0,0,0,0,0,0.0,0.1795,0,Successful Borrower
U03380,23,Bachelor's,Unemployed,1604.0,3,A03380,0,rent,6,0.59,bachelor,756.0,0.62,0.13,52,0.65,0.49,0.43,0,0,0,1,0,0.0,0.372,1,Defaulted
U03381,24,Bachelor's,Student,2725.0,2,A03381,4,rent,23,0.33,bachelor,1348.0,0.66,0.08,84,0.69,0.37,0.48,0,0,0,3,1,0.227,0.333,1,Defaulted
U03382,26,Bachelor's,Unemployed,2066.0,1,A03382,4,none,0,0.43,bachelor,958.0,0.41,0.11,29,0.78,0.44,0.3,0,0,0,0,1,0.1326,0.2785,1,Defaulted
U03383,26,Diploma,Employed,10665.0,2,A03383,58,rent,21,0.74,cert,4234.0,0.44,0.1,187,0.81,0.27,0.26,0,0,0,2,0,0.0211,0.214,0,Successful Borrower
U03384,22,High School,Unemployed,2683.0,2,A03384,4,owner,1,0.49,highschool,1344.0,0.82,0.2,71,0.56,0.52,0.69,0,0,0,0,2,0.1055,0.4865,1,Defaulted
U03385,21,Master's,Employed,8389.0,2,A03385,46,none,1,0.4,master,3806.0,0.54,0.14,102,0.64,0.38,0.31,0,0,0,3,0,0.0,0.3195,0,Successful Borrower
U03386,26,Bachelor's,Self-Employed,6695.0,2,A03386,26,rent,15,0.39,bachelor,3170.0,0.45,0.19,62,0.64,0.28,0.54,0,0,0,2,0,0.1779,0.3595,1,Defaulted
U03387,26,Bachelor's,Student,3730.0,1,A03387,0,rent,13,0.68,bachelor,943.0,0.7,0.07,122,0.83,0.2,0.23,0,0,0,3,2,0.1757,0.1775,1,Defaulted
U03388,26,Bachelor's,Employed,10894.0,1,A03388,44,rent,15,0.71,bachelor,4081.0,0.57,0.14,170,0.72,0.39,0.44,0,0,0,3,1,0.1261,0.3265,0,Successful Borrower
U03389,22,High School,Employed,9342.0,1,A03389,26,rent,8,0.69,highschool,2409.0,0.56,0.06,165,0.79,0.41,0.39,0,0,0,1,0,0.0351,0.2825,1,Defaulted
U03390,26,High School,Employed,8709.0,1,A03390,12,rent,7,0.57,highschool,710.0,0.67,0.02,202,0.96,0.18,0.09,0,0,0,3,1,0.0,0.0845,0,Successful Borrower
U03391,20,Master's,Self-Employed,9564.0,2,A03391,21,none,1,0.5,master,4048.0,0.6,0.13,216,0.72,0.37,0.44,0,0,0,2,0,0.0404,0.32,1,Defaulted
U03392,22,Diploma,Student,3275.0,2,A03392,2,rent,21,0.3,cert,1879.0,0.63,0.05,58,0.89,0.29,0.33,0,0,0,2,0,0.1512,0.201,0,Successful Borrower
U03393,23,Master's,Employed,6637.0,1,A03393,7,owner,0,0.37,master,3065.0,0.46,0.09,163,0.93,0.19,0.1,0,0,0,2,1,0.1728,0.1105,0,Successful Borrower
U03394,22,Bachelor's,Self-Employed,6209.0,1,A03394,54,none,0,0.6,bachelor,2151.0,0.59,0.17,118,0.69,0.32,0.4,0,0,0,2,1,0.0113,0.314,0,Successful Borrower
U03395,23,High School,Employed,8568.0,2,A03395,39,rent,10,0.57,highschool,2368.0,0.49,0.05,206,1.0,0.05,0.05,0,0,0,3,1,0.1265,0.0325,0,Successful Borrower
U03396,25,Diploma,Employed,5785.0,1,A03396,17,rent,23,0.41,cert,2740.0,0.71,0.1,180,0.8,0.27,0.42,0,0,0,1,1,0.1623,0.2575,1,Defaulted
U03397,24,Diploma,Employed,9275.0,3,A03397,14,none,2,0.65,cert,5807.0,0.54,0.16,170,0.63,0.46,0.71,0,0,0,3,2,0.1891,0.446,0,Successful Borrower
U03398,22,Bachelor's,Student,3168.0,1,A03398,10,rent,21,0.53,bachelor,2233.0,0.73,0.27,0,0.56,0.52,0.69,0,1,0,1,3,0.0806,0.497,1,Defaulted
U03399,21,High School,Student,1561.0,2,A03399,0,none,3,0.53,highschool,1272.0,0.62,0.15,64,0.65,0.47,0.53,0,0,0,1,0,0.0,0.395,1,Defaulted
U03400,25,PhD,Student,3331.0,1,A03400,2,rent,6,0.67,phd,1790.0,0.64,0.13,35,0.72,0.33,0.45,0,0,0,1,0,0.1195,0.3125,1,Defaulted
U03401,20,Master's,Self-Employed,6016.0,1,A03401,6,rent,16,0.47,master,2578.0,0.62,0.16,108,0.72,0.32,0.38,0,0,0,3,1,0.0442,0.297,0,Successful Borrower
U03402,22,Bachelor's,Student,4248.0,2,A03402,9,none,4,0.43,bachelor,2025.0,0.62,0.04,111,0.94,0.12,0.24,0,0,0,3,1,0.0332,0.117,0,Successful Borrower
U03403,21,High School,Unemployed,3063.0,2,A03403,4,rent,10,0.31,highschool,1986.0,0.66,0.21,0,0.61,0.48,0.55,0,0,0,2,1,0.1243,0.4255,1,Defaulted
U03404,22,High School,Employed,9692.0,2,A03404,44,rent,13,0.42,highschool,2792.0,0.47,0.04,236,1.0,0.13,0.14,0,0,0,3,0,0.0315,0.0735,0,Successful Borrower
U03405,26,Master's,Employed,8952.0,3,A03405,53,owner,1,0.7,master,3120.0,0.53,0.09,221,0.92,0.18,0.15,0,0,0,3,1,0.0356,0.124,0,Successful Borrower
U03406,23,High School,Student,4451.0,3,A03406,3,none,3,0.48,highschool,2200.0,0.61,0.07,78,0.83,0.28,0.34,0,0,0,2,1,0.1191,0.225,0,Successful Borrower
U03407,24,Bachelor's,Employed,6824.0,2,A03407,18,none,3,0.3,bachelor,3389.0,0.64,0.05,122,0.79,0.22,0.39,0,0,0,2,2,0.1417,0.2335,0,Successful Borrower
U03408,23,Bachelor's,Employed,6939.0,2,A03408,44,none,4,0.49,bachelor,1871.0,0.57,0.02,173,1.0,0.1,0.0,0,0,0,3,0,0.0711,0.028,0,Successful Borrower
U03409,20,Bachelor's,Employed,10734.0,3,A03409,52,owner,3,0.33,bachelor,4225.0,0.46,0.07,266,0.74,0.4,0.47,0,0,0,3,0,0.0596,0.319,0,Successful Borrower
U03410,25,Bachelor's,Student,3933.0,1,A03410,4,owner,1,0.6,bachelor,1060.0,0.42,0.08,138,0.86,0.24,0.25,0,0,0,3,0,0.084,0.1835,0,Successful Borrower
U03411,25,High School,Student,3171.0,2,A03411,9,rent,21,0.62,highschool,1672.0,0.72,0.08,53,0.79,0.32,0.4,0,0,0,1,0,0.0936,0.2655,0,Successful Borrower
U03412,22,Bachelor's,Employed,9819.0,1,A03412,27,owner,4,0.69,bachelor,3867.0,0.75,0.02,191,0.95,0.1,0.11,0,0,0,3,1,0.0739,0.073,0,Successful Borrower
U03413,25,High School,Employed,9294.0,2,A03413,36,rent,18,0.45,highschool,3050.0,0.52,0.05,195,0.85,0.15,0.3,0,0,0,3,1,0.1074,0.1725,0,Successful Borrower
U03414,24,High School,Student,4016.0,1,A03414,7,rent,15,0.56,highschool,1823.0,0.63,0.09,102,0.9,0.3,0.24,0,0,0,3,0,0.106,0.1835,0,Successful Borrower
U03415,23,Bachelor's,Unemployed,2463.0,1,A03415,3,rent,9,0.37,bachelor,2155.0,0.72,0.28,72,0.56,0.71,0.8,0,1,0,0,3,0.0,0.5735,1,Defaulted
U03416,24,Master's,Employed,6081.0,2,A03416,12,owner,4,0.35,master,1879.0,0.68,0.07,227,0.8,0.28,0.32,0,0,0,1,0,0.1471,0.2305,1,Defaulted
U03417,25,Bachelor's,Employed,7553.0,2,A03417,34,rent,5,0.41,bachelor,2519.0,0.57,0.08,193,0.79,0.36,0.43,0,0,0,2,1,0.149,0.283,1,Defaulted
U03418,25,Diploma,Employed,9882.0,3,A03418,48,none,3,0.53,cert,4768.0,0.5,0.05,185,0.8,0.26,0.25,0,0,0,2,0,0.082,0.205,0,Successful Borrower
U03419,22,Bachelor's,Employed,8830.0,2,A03419,40,owner,2,0.6,bachelor,4136.0,0.59,0.1,155,0.72,0.34,0.36,0,0,0,1,1,0.0949,0.288,1,Defaulted
U03420,24,Bachelor's,Student,4137.0,2,A03420,0,rent,8,0.39,bachelor,2454.0,0.36,0.08,94,0.85,0.19,0.27,0,0,0,3,1,0.0,0.1795,0,Successful Borrower
U03421,21,Bachelor's,Employed,8670.0,1,A03421,39,none,0,0.48,bachelor,3649.0,0.68,0.05,206,0.76,0.41,0.36,0,0,0,2,0,0.1344,0.284,0,Successful Borrower
U03422,21,Bachelor's,Student,2741.0,1,A03422,0,rent,6,0.68,bachelor,1868.0,0.51,0.17,37,0.65,0.46,0.59,0,0,0,3,1,0.0065,0.4105,1,Defaulted
U03423,24,Bachelor's,Self-Employed,5050.0,1,A03423,38,rent,23,0.47,bachelor,2278.0,0.85,0.21,119,0.69,0.3,0.44,0,0,0,2,3,0.0001,0.325,1,Defaulted
U03424,22,Bachelor's,Employed,8896.0,2,A03424,56,rent,15,0.6,bachelor,3822.0,0.53,0.06,194,0.84,0.29,0.29,0,0,0,2,0,0.0865,0.21,0,Successful Borrower
U03425,25,Master's,Employed,8965.0,1,A03425,27,owner,4,0.61,master,2448.0,0.54,0.09,258,0.85,0.23,0.36,0,0,0,2,0,0.1332,0.2135,1,Defaulted
U03426,21,High School,Employed,8477.0,2,A03426,49,rent,22,0.39,highschool,4967.0,0.55,0.12,106,0.88,0.22,0.32,0,0,0,2,0,0.0,0.195,0,Successful Borrower
U03427,25,Bachelor's,Self-Employed,9455.0,3,A03427,18,owner,2,0.46,bachelor,2335.0,0.52,0.14,223,0.9,0.18,0.25,0,0,0,3,1,0.0,0.1635,0,Successful Borrower
U03428,24,Bachelor's,Employed,8254.0,2,A03428,35,owner,2,0.56,bachelor,2514.0,0.71,0.08,198,0.9,0.17,0.17,0,0,0,3,0,0.0013,0.132,0,Successful Borrower
U03429,26,Bachelor's,Employed,5803.0,1,A03429,25,rent,11,0.63,bachelor,2287.0,0.66,0.11,105,0.9,0.22,0.32,0,0,0,3,0,0.0928,0.1865,0,Successful Borrower
U03430,23,Bachelor's,Employed,8674.0,2,A03430,21,rent,20,0.69,bachelor,4349.0,0.45,0.11,187,0.71,0.32,0.45,0,0,0,3,1,0.1189,0.3105,0,Successful Borrower
U03431,24,High School,Unemployed,1443.0,2,A03431,3,none,1,0.49,highschool,1058.0,0.72,0.08,36,0.86,0.4,0.26,0,0,0,1,0,0.1102,0.226,0,Successful Borrower
U03432,24,PhD,Student,4110.0,2,A03432,2,owner,1,0.47,phd,1652.0,0.61,0.1,75,0.74,0.36,0.5,0,0,0,0,0,0.1142,0.321,1,Defaulted
U03433,21,High School,Student,3062.0,2,A03433,6,rent,22,0.35,highschool,1526.0,0.58,0.16,72,0.56,0.51,0.67,0,0,1,2,1,0.0781,0.473,1,Defaulted
U03434,24,Diploma,Unemployed,2427.0,2,A03434,5,rent,24,0.5,cert,1366.0,0.66,0.14,74,0.74,0.46,0.34,0,0,1,2,1,0.036,0.312,0,Successful Borrower
U03435,25,Bachelor's,Self-Employed,11152.0,2,A03435,57,none,3,0.59,bachelor,3786.0,0.51,0.11,264,0.88,0.2,0.19,0,0,0,3,1,0.1369,0.156,0,Successful Borrower
U03436,25,Master's,Employed,8109.0,2,A03436,27,none,4,0.3,master,3179.0,0.56,0.08,136,0.87,0.19,0.4,0,0,0,3,0,0.1482,0.205,0,Successful Borrower
U03437,24,High School,Employed,11109.0,2,A03437,26,owner,2,0.53,highschool,3557.0,0.52,0.11,258,0.73,0.25,0.34,0,0,0,3,0,0.0914,0.2585,0,Successful Borrower
U03438,26,Bachelor's,Unemployed,2276.0,1,A03438,2,none,1,0.33,bachelor,300.0,0.83,0.02,102,0.99,0.22,0.0,0,0,0,3,0,0.1193,0.0615,0,Successful Borrower
U03439,24,Bachelor's,Self-Employed,8385.0,2,A03439,59,rent,15,0.44,bachelor,3796.0,0.65,0.19,169,0.79,0.31,0.41,0,0,0,2,0,0.0561,0.282,1,Defaulted
U03440,21,Bachelor's,Employed,7233.0,1,A03440,58,owner,1,0.41,bachelor,2339.0,0.49,0.09,232,0.78,0.35,0.41,0,0,0,3,0,0.1338,0.2805,1,Defaulted
U03441,26,PhD,Employed,7349.0,2,A03441,58,owner,2,0.39,phd,1935.0,0.51,0.08,218,0.83,0.27,0.33,0,0,0,3,1,0.1717,0.2215,0,Successful Borrower
U03442,20,Bachelor's,Employed,9445.0,3,A03442,32,rent,21,0.58,bachelor,4117.0,0.7,0.05,123,0.78,0.35,0.47,0,0,0,2,0,0.0,0.2895,1,Defaulted
U03443,26,High School,Employed,8486.0,2,A03443,29,none,3,0.5,highschool,2131.0,0.66,0.09,236,0.79,0.26,0.45,0,0,0,2,0,0.0619,0.2645,0,Successful Borrower
U03444,21,Master's,Student,1891.0,2,A03444,0,owner,0,0.44,master,627.0,0.59,0.08,81,0.82,0.37,0.35,0,0,0,2,0,0.1734,0.255,1,Defaulted
U03445,20,Bachelor's,Student,2585.0,1,A03445,12,rent,15,0.69,bachelor,1446.0,0.69,0.19,40,0.65,0.34,0.47,0,0,0,1,1,0.1305,0.3535,1,Defaulted
U03446,20,Master's,Self-Employed,6411.0,2,A03446,16,rent,17,0.3,master,2143.0,0.7,0.18,98,0.82,0.22,0.4,0,0,0,3,0,0.1075,0.245,0,Successful Borrower
U03447,26,Bachelor's,Student,4262.0,2,A03447,1,rent,11,0.3,bachelor,2432.0,0.51,0.17,47,0.68,0.4,0.58,0,1,0,1,0,0.0297,0.3825,1,Defaulted
U03448,22,Diploma,Self-Employed,9303.0,3,A03448,28,rent,9,0.34,cert,1841.0,0.47,0.12,180,0.81,0.23,0.29,0,0,0,2,2,0.0359,0.2145,0,Successful Borrower
U03449,22,High School,Unemployed,3924.0,2,A03449,4,rent,15,0.55,highschool,2501.0,0.72,0.18,21,0.75,0.37,0.46,0,0,0,1,0,0.0831,0.322,0,Successful Borrower
U03450,21,Bachelor's,Self-Employed,10053.0,3,A03450,49,rent,19,0.58,bachelor,3960.0,0.75,0.15,204,0.8,0.22,0.33,0,0,0,2,2,0.108,0.23,0,Successful Borrower
U03451,21,High School,Employed,8300.0,1,A03451,43,rent,19,0.55,highschool,2886.0,0.55,0.14,198,0.7,0.39,0.4,0,0,0,2,1,0.1372,0.3235,1,Defaulted
U03452,25,Bachelor's,Student,4211.0,2,A03452,11,rent,13,0.37,bachelor,829.0,0.49,0.04,131,0.92,0.2,0.12,0,0,0,3,0,0.0288,0.114,0,Successful Borrower
U03453,21,High School,Self-Employed,6815.0,2,A03453,8,rent,6,0.59,highschool,3318.0,0.67,0.13,81,0.8,0.28,0.43,0,0,0,3,0,0.1245,0.267,1,Defaulted
U03454,24,High School,Employed,7341.0,2,A03454,55,owner,2,0.54,highschool,3951.0,0.59,0.19,182,0.65,0.35,0.62,0,0,0,3,1,0.0292,0.3935,0,Successful Borrower
U03455,26,Bachelor's,Employed,8391.0,2,A03455,28,owner,4,0.81,bachelor,4342.0,0.6,0.1,144,0.81,0.29,0.43,0,0,0,2,0,0.0456,0.2615,0,Successful Borrower
U03456,23,Diploma,Employed,8360.0,2,A03456,60,none,1,0.51,cert,3250.0,0.71,0.06,212,0.84,0.28,0.27,0,0,0,3,1,0.126,0.2025,0,Successful Borrower
U03457,21,Master's,Employed,10308.0,1,A03457,60,owner,1,0.67,master,5200.0,0.5,0.1,191,0.75,0.36,0.35,0,0,0,3,1,0.0,0.28,1,Defaulted
U03458,26,Diploma,Student,5099.0,1,A03458,4,owner,4,0.48,cert,2507.0,0.64,0.09,67,0.72,0.29,0.48,0,0,0,3,0,0.1955,0.304,1,Defaulted
U03459,24,High School,Employed,7012.0,2,A03459,34,rent,10,0.73,highschool,2343.0,0.49,0.09,183,0.91,0.28,0.29,0,0,0,3,1,0.0446,0.1875,0,Successful Borrower
U03460,23,Bachelor's,Employed,11624.0,2,A03460,6,owner,3,0.51,bachelor,5060.0,0.74,0.09,216,0.79,0.38,0.47,0,0,0,2,0,0.1287,0.2995,0,Successful Borrower
U03461,23,Master's,Employed,8767.0,2,A03461,15,rent,17,0.37,master,4674.0,0.64,0.12,187,0.73,0.38,0.53,0,0,0,3,0,0.1199,0.34,0,Successful Borrower
U03462,22,High School,Unemployed,2404.0,1,A03462,1,rent,21,0.47,highschool,2047.0,0.62,0.2,50,0.59,0.54,0.51,0,0,0,0,2,0.1591,0.436,0,Successful Borrower
U03463,24,Bachelor's,Employed,9376.0,2,A03463,17,owner,0,0.42,bachelor,2665.0,0.73,0.06,285,0.87,0.29,0.3,0,0,0,2,0,0.1571,0.202,1,Defaulted
U03464,22,Master's,Self-Employed,10595.0,2,A03464,7,owner,0,0.58,master,2336.0,0.7,0.11,283,0.94,0.15,0.12,0,0,0,3,1,0.0867,0.105,0,Successful Borrower
U03465,23,High School,Employed,10012.0,2,A03465,59,rent,19,0.7,highschool,4668.0,0.47,0.09,180,0.76,0.34,0.36,0,0,0,2,0,0.0229,0.2725,1,Defaulted
U03466,23,Diploma,Employed,6217.0,2,A03466,28,owner,0,0.63,cert,2222.0,0.7,0.05,185,0.94,0.16,0.15,0,0,0,3,1,0.1746,0.106,0,Successful Borrower
U03467,22,Master's,Student,4959.0,2,A03467,12,rent,6,0.48,master,2154.0,0.47,0.1,134,0.78,0.33,0.32,0,0,0,3,0,0.0996,0.2545,0,Successful Borrower
U03468,26,Master's,Employed,11125.0,1,A03468,52,none,0,0.82,master,3737.0,0.65,0.06,266,0.81,0.31,0.3,0,0,0,3,0,0.1415,0.228,0,Successful Borrower
U03469,23,Master's,Self-Employed,6028.0,3,A03469,41,none,3,0.3,master,1635.0,0.5,0.13,137,0.78,0.28,0.42,0,0,0,2,0,0.035,0.2715,0,Successful Borrower
U03470,23,Diploma,Student,2943.0,1,A03470,8,rent,21,0.49,cert,2045.0,0.6,0.15,92,0.75,0.45,0.44,0,0,0,3,0,0.1206,0.3325,1,Defaulted
U03471,20,High School,Unemployed,2726.0,3,A03471,3,rent,11,0.35,highschool,1602.0,0.83,0.2,51,0.56,0.52,0.68,0,1,0,1,3,0.1166,0.484,1,Defaulted
U03472,23,Bachelor's,Employed,9741.0,3,A03472,49,owner,1,0.59,bachelor,4342.0,0.43,0.1,223,0.79,0.27,0.3,0,0,0,3,0,0.2703,0.231,0,Successful Borrower
U03473,23,Bachelor's,Self-Employed,8401.0,3,A03473,49,rent,24,0.3,bachelor,3165.0,0.67,0.16,95,0.72,0.3,0.46,0,0,0,3,0,0.0456,0.312,1,Defaulted
U03474,26,Master's,Self-Employed,7875.0,3,A03474,56,rent,20,0.42,master,2322.0,0.65,0.09,127,0.83,0.2,0.32,0,0,0,2,0,0.1075,0.203,0,Successful Borrower
U03475,24,Bachelor's,Employed,8990.0,1,A03475,21,owner,3,0.61,bachelor,1551.0,0.49,0.04,234,0.81,0.37,0.26,0,0,0,2,0,0.0788,0.23,0,Successful Borrower
U03476,25,Bachelor's,Employed,9921.0,2,A03476,31,rent,5,0.72,bachelor,3874.0,0.58,0.04,213,0.85,0.27,0.34,0,0,0,3,0,0.0216,0.211,0,Successful Borrower
U03477,20,Bachelor's,Self-Employed,9146.0,3,A03477,52,rent,15,0.53,bachelor,2168.0,0.51,0.09,226,0.87,0.15,0.11,0,0,0,3,0,0.0075,0.124,0,Successful Borrower
U03478,21,Master's,Student,3521.0,1,A03478,0,rent,11,0.68,master,2199.0,0.57,0.17,137,0.71,0.45,0.52,0,0,0,3,0,0.0565,0.3695,0,Successful Borrower
U03479,24,Bachelor's,Employed,6894.0,2,A03479,14,owner,2,0.71,bachelor,3722.0,0.46,0.1,172,0.74,0.46,0.48,0,0,0,3,0,0.0717,0.341,0,Successful Borrower
U03480,23,High School,Self-Employed,9949.0,1,A03480,32,owner,4,0.46,highschool,2728.0,0.56,0.12,198,0.84,0.22,0.23,0,0,0,2,1,0.1069,0.1865,0,Successful Borrower
U03481,22,Bachelor's,Employed,7598.0,2,A03481,29,rent,6,0.51,bachelor,2590.0,0.77,0.07,194,0.86,0.3,0.23,0,0,0,3,1,0.013,0.192,0,Successful Borrower
U03482,25,High School,Employed,6971.0,2,A03482,24,owner,3,0.75,highschool,1145.0,0.46,0.06,266,0.86,0.29,0.24,0,0,0,3,0,0.1242,0.1905,0,Successful Borrower
U03483,24,PhD,Self-Employed,6738.0,2,A03483,7,rent,18,0.48,phd,2521.0,0.47,0.22,144,0.72,0.27,0.4,0,0,0,2,1,0.1903,0.2985,1,Defaulted
U03484,26,Bachelor's,Employed,11081.0,2,A03484,15,owner,0,0.66,bachelor,4126.0,0.55,0.07,216,0.84,0.22,0.34,0,0,0,3,1,0.1164,0.2065,0,Successful Borrower
U03485,25,High School,Self-Employed,7483.0,2,A03485,19,rent,5,0.56,highschool,3255.0,0.57,0.21,119,0.56,0.47,0.78,0,0,0,3,2,0.0362,0.498,1,Defaulted
U03486,24,Master's,Self-Employed,10950.0,2,A03486,25,rent,22,0.52,master,4787.0,0.76,0.15,134,0.69,0.33,0.32,0,0,0,3,0,0.1249,0.2935,1,Defaulted
U03487,20,Bachelor's,Self-Employed,6533.0,2,A03487,13,none,3,0.45,bachelor,3506.0,0.65,0.22,78,0.76,0.31,0.38,0,0,0,1,1,0.0139,0.2895,1,Defaulted
U03488,26,Master's,Self-Employed,5503.0,3,A03488,42,rent,4,0.3,master,2752.0,0.65,0.16,130,0.74,0.37,0.48,0,0,0,2,0,0.1631,0.3275,0,Successful Borrower
U03489,26,High School,Employed,6904.0,1,A03489,56,rent,8,0.52,highschool,3809.0,0.8,0.11,136,0.75,0.39,0.44,0,0,0,3,0,0.0495,0.3115,1,Defaulted
U03490,20,PhD,Self-Employed,6655.0,2,A03490,19,rent,4,0.3,phd,2659.0,0.64,0.09,102,0.86,0.2,0.24,0,0,0,3,0,0.0949,0.1725,0,Successful Borrower
U03491,22,Bachelor's,Employed,7290.0,3,A03491,12,owner,0,0.43,bachelor,3413.0,0.4,0.12,148,0.68,0.33,0.52,0,0,0,2,0,0.0582,0.3425,0,Successful Borrower
U03492,23,Master's,Employed,9391.0,1,A03492,37,owner,1,0.74,master,3116.0,0.48,0.11,167,0.77,0.28,0.5,0,0,0,3,1,0.0473,0.292,0,Successful Borrower
U03493,25,Diploma,Employed,6583.0,1,A03493,8,rent,13,0.45,cert,3811.0,0.66,0.15,122,0.65,0.42,0.58,0,0,0,2,0,0.1876,0.395,1,Defaulted
U03494,26,High School,Self-Employed,11090.0,3,A03494,44,none,3,0.62,highschool,4956.0,0.64,0.09,200,0.85,0.18,0.26,0,0,0,2,0,0.1188,0.176,0,Successful Borrower
U03495,25,High School,Employed,8892.0,3,A03495,27,owner,4,0.65,highschool,2686.0,0.49,0.07,238,0.94,0.28,0.2,0,0,0,3,1,0.1368,0.1515,0,Successful Borrower
U03496,23,High School,Employed,6715.0,2,A03496,9,owner,1,0.52,highschool,4010.0,0.65,0.16,116,0.69,0.39,0.49,0,0,0,3,0,0.0519,0.3525,1,Defaulted
U03497,22,Bachelor's,Employed,9022.0,3,A03497,36,none,2,0.55,bachelor,4233.0,0.56,0.08,165,0.9,0.21,0.19,0,0,0,3,0,0.0361,0.147,0,Successful Borrower
U03498,26,High School,Employed,9890.0,3,A03498,34,rent,9,0.58,highschool,3693.0,0.72,0.08,208,0.92,0.11,0.25,0,0,0,3,0,0.063,0.13,0,Successful Borrower
U03499,24,High School,Student,3976.0,1,A03499,6,none,1,0.68,highschool,2185.0,0.55,0.07,121,0.77,0.3,0.31,0,0,0,3,0,0.142,0.2435,0,Successful Borrower
U03500,21,Diploma,Employed,8128.0,1,A03500,39,rent,23,0.64,cert,3252.0,0.5,0.09,128,0.72,0.35,0.42,0,0,0,3,0,0.0414,0.304,1,Defaulted
U03501,22,Bachelor's,Employed,8083.0,2,A03501,20,rent,18,0.49,bachelor,3839.0,0.44,0.09,148,0.72,0.34,0.49,0,0,0,3,1,0.0,0.319,0,Successful Borrower
U03502,24,Bachelor's,Employed,10955.0,1,A03502,6,owner,4,0.74,bachelor,4337.0,0.49,0.13,189,0.64,0.49,0.48,0,0,0,3,0,0.1319,0.388,1,Defaulted
U03503,21,Diploma,Self-Employed,7280.0,1,A03503,22,none,0,0.63,cert,3629.0,0.57,0.12,143,0.75,0.36,0.29,0,0,0,3,0,0.0,0.268,1,Defaulted
U03504,24,Master's,Student,2620.0,2,A03504,2,owner,1,0.65,master,754.0,0.64,0.05,66,0.91,0.27,0.35,0,0,0,2,0,0.1098,0.194,0,Successful Borrower
U03505,23,Diploma,Employed,9877.0,3,A03505,24,owner,2,0.67,cert,4019.0,0.58,0.13,208,0.65,0.43,0.59,0,0,0,3,2,0.0,0.397,1,Defaulted
U03506,22,PhD,Employed,8214.0,1,A03506,55,rent,16,0.61,phd,3565.0,0.46,0.11,115,0.77,0.35,0.42,0,0,0,3,1,0.1671,0.2895,0,Successful Borrower
U03507,24,PhD,Employed,10018.0,2,A03507,41,owner,1,0.42,phd,2432.0,0.53,0.07,276,0.83,0.23,0.31,0,0,0,3,0,0.0016,0.205,0,Successful Borrower
U03508,25,Master's,Unemployed,2689.0,3,A03508,1,rent,18,0.44,master,1790.0,0.7,0.12,81,0.83,0.41,0.28,0,0,0,0,0,0.0484,0.25,1,Defaulted
U03509,26,Master's,Self-Employed,7952.0,2,A03509,28,owner,2,0.41,master,3372.0,0.61,0.17,154,0.76,0.21,0.39,0,0,0,2,0,0.0349,0.2595,1,Defaulted
U03510,24,Bachelor's,Unemployed,2855.0,1,A03510,6,none,2,0.46,bachelor,1460.0,0.57,0.17,31,0.73,0.34,0.46,0,0,0,2,1,0.1939,0.32,0,Successful Borrower
U03511,23,Bachelor's,Employed,7098.0,1,A03511,8,rent,19,0.57,bachelor,2877.0,0.53,0.09,181,0.86,0.17,0.23,0,0,0,2,0,0.1292,0.1625,0,Successful Borrower
U03512,21,PhD,Self-Employed,8752.0,3,A03512,40,rent,14,0.63,phd,3951.0,0.56,0.2,110,0.64,0.4,0.47,0,0,0,3,2,0.0657,0.3735,0,Successful Borrower
U03513,23,Bachelor's,Employed,7401.0,3,A03513,50,owner,0,0.54,bachelor,2169.0,0.62,0.11,162,0.79,0.3,0.4,0,0,0,2,0,0.1398,0.265,0,Successful Borrower
U03514,23,Bachelor's,Employed,8598.0,2,A03514,7,rent,22,0.66,bachelor,3481.0,0.45,0.12,176,0.78,0.31,0.33,0,0,0,2,1,0.1163,0.255,0,Successful Borrower
U03515,23,Master's,Employed,6553.0,3,A03515,30,rent,23,0.77,master,1829.0,0.73,0.09,172,0.85,0.19,0.19,0,0,0,2,0,0.0,0.161,0,Successful Borrower
U03516,23,Master's,Student,3248.0,3,A03516,8,rent,19,0.41,master,2043.0,0.73,0.13,74,0.75,0.31,0.54,0,0,0,2,0,0.118,0.3195,0,Successful Borrower
U03517,24,Bachelor's,Self-Employed,9481.0,3,A03517,40,rent,6,0.46,bachelor,6041.0,0.67,0.27,15,0.56,0.44,0.69,0,0,0,2,2,0.1155,0.477,0,Successful Borrower
U03518,25,Bachelor's,Employed,8389.0,2,A03518,6,rent,7,0.43,bachelor,2388.0,0.59,0.06,157,0.9,0.25,0.36,0,0,0,3,1,0.0255,0.1965,1,Defaulted
U03519,23,Bachelor's,Student,4264.0,3,A03519,12,rent,15,0.56,bachelor,2302.0,0.7,0.13,88,0.61,0.38,0.59,0,0,0,2,1,0.0658,0.3985,1,Defaulted
U03520,26,Bachelor's,Student,2411.0,2,A03520,11,rent,18,0.7,bachelor,1441.0,0.5,0.09,9,0.76,0.3,0.4,0,0,0,2,0,0.0,0.2725,1,Defaulted
U03521,23,Diploma,Employed,8190.0,3,A03521,45,rent,17,0.38,cert,4108.0,0.57,0.08,143,0.72,0.32,0.44,0,0,0,3,1,0.061,0.3,0,Successful Borrower
U03522,25,Bachelor's,Employed,9360.0,2,A03522,13,rent,21,0.61,bachelor,2611.0,0.51,0.05,283,0.94,0.27,0.18,0,0,0,2,1,0.0,0.141,0,Successful Borrower
U03523,25,High School,Student,2681.0,2,A03523,10,rent,24,0.4,highschool,928.0,0.65,0.07,72,0.91,0.2,0.13,0,0,0,2,1,0.0,0.1245,0,Successful Borrower
U03524,21,High School,Employed,7730.0,1,A03524,58,rent,22,0.78,highschool,2262.0,0.44,0.06,190,0.74,0.31,0.34,0,0,0,2,2,0.1024,0.2625,0,Successful Borrower
U03525,23,PhD,Employed,4816.0,1,A03525,19,none,3,0.43,phd,2594.0,0.65,0.13,121,0.73,0.34,0.6,0,0,0,3,2,0.0823,0.349,1,Defaulted
U03526,26,High School,Employed,8126.0,1,A03526,59,rent,18,0.52,highschool,3918.0,0.56,0.1,116,0.74,0.35,0.37,0,0,0,3,1,0.142,0.286,1,Defaulted
U03527,20,High School,Student,4522.0,1,A03527,6,none,2,0.87,highschool,951.0,0.57,0.07,141,0.88,0.25,0.25,0,0,0,2,0,0.1531,0.1775,0,Successful Borrower
U03528,22,High School,Employed,5524.0,2,A03528,7,rent,6,0.54,highschool,2196.0,0.69,0.08,132,0.89,0.15,0.17,0,0,0,2,0,0.0481,0.1305,0,Successful Borrower
U03529,22,Master's,Unemployed,2624.0,2,A03529,6,rent,17,0.41,master,667.0,0.6,0.05,109,0.94,0.19,0.2,0,0,0,3,0,0.0757,0.126,0,Successful Borrower
U03530,20,Bachelor's,Employed,6784.0,2,A03530,42,rent,10,0.55,bachelor,2297.0,0.48,0.08,168,0.8,0.34,0.35,0,0,0,1,0,0.0672,0.2545,0,Successful Borrower
U03531,25,Bachelor's,Student,3677.0,2,A03531,8,rent,6,0.5,bachelor,2175.0,0.56,0.12,53,0.66,0.43,0.5,0,0,0,2,0,0.0199,0.3695,0,Successful Borrower
U03532,25,Master's,Unemployed,2733.0,2,A03532,3,rent,23,0.42,master,1196.0,0.8,0.14,70,0.77,0.33,0.31,0,0,0,1,1,0.0566,0.2615,1,Defaulted
U03533,25,High School,Employed,5913.0,2,A03533,33,none,4,0.48,highschool,2505.0,0.59,0.11,65,0.75,0.38,0.31,0,0,0,2,0,0.1032,0.2765,1,Defaulted
U03534,25,High School,Student,5714.0,3,A03534,3,none,2,0.61,highschool,2567.0,0.62,0.06,100,0.83,0.24,0.34,0,0,0,3,1,0.1286,0.2135,0,Successful Borrower
U03535,23,Bachelor's,Employed,8798.0,2,A03535,20,owner,3,0.4,bachelor,2525.0,0.57,0.09,152,0.75,0.38,0.46,0,0,0,1,1,0.1559,0.311,0,Successful Borrower
U03536,21,Diploma,Employed,9142.0,2,A03536,33,rent,10,0.51,cert,3994.0,0.54,0.09,153,0.7,0.33,0.38,0,0,0,2,0,0.0,0.296,0,Successful Borrower
U03537,25,Master's,Self-Employed,6448.0,2,A03537,43,rent,13,0.39,master,2526.0,0.67,0.14,114,0.8,0.31,0.29,0,0,0,2,0,0.0075,0.241,0,Successful Borrower
U03538,20,Diploma,Employed,9885.0,1,A03538,32,none,4,0.59,cert,2226.0,0.55,0.07,284,0.79,0.37,0.37,0,0,0,3,0,0.1905,0.269,1,Defaulted
U03539,26,Master's,Self-Employed,11715.0,2,A03539,23,owner,0,0.38,master,2667.0,0.37,0.1,273,0.79,0.28,0.29,0,0,0,3,1,0.0298,0.231,0,Successful Borrower
U03540,23,Bachelor's,Student,3879.0,2,A03540,9,owner,1,0.41,bachelor,835.0,0.66,0.02,131,0.91,0.14,0.31,0,0,0,2,1,0.0999,0.147,0,Successful Borrower
U03541,22,Diploma,Employed,8574.0,2,A03541,16,owner,0,0.46,cert,4373.0,0.49,0.14,133,0.63,0.34,0.57,0,0,0,3,0,0.0789,0.378,1,Defaulted
U03542,20,Bachelor's,Employed,6503.0,2,A03542,47,owner,1,0.44,bachelor,1080.0,0.71,0.02,171,0.97,0.13,0.2,0,0,0,3,1,0.0634,0.096,0,Successful Borrower
U03543,20,High School,Self-Employed,8530.0,2,A03543,20,rent,5,0.6,highschool,2026.0,0.49,0.13,218,0.84,0.24,0.36,0,0,0,3,1,0.1007,0.2255,0,Successful Borrower
U03544,24,Diploma,Self-Employed,6111.0,1,A03544,3,owner,3,0.65,cert,3119.0,0.42,0.23,140,0.73,0.34,0.53,0,0,0,3,1,0.1047,0.3465,1,Defaulted
U03545,25,Diploma,Student,4360.0,1,A03545,11,rent,18,0.51,cert,2151.0,0.59,0.14,44,0.59,0.5,0.55,0,0,0,0,1,0.0823,0.427,1,Defaulted
U03546,26,Bachelor's,Employed,9844.0,2,A03546,20,rent,23,0.57,bachelor,1904.0,0.56,0.03,260,0.88,0.29,0.27,1,0,0,2,0,0.1095,0.1865,0,Successful Borrower
U03547,22,Bachelor's,Student,3484.0,2,A03547,7,none,0,0.6,bachelor,1112.0,0.72,0.06,115,0.85,0.18,0.26,0,0,0,2,0,0.1519,0.1715,0,Successful Borrower
U03548,25,High School,Employed,7626.0,1,A03548,23,rent,18,0.64,highschool,3887.0,0.41,0.12,100,0.82,0.39,0.41,0,0,0,3,1,0.1144,0.281,0,Successful Borrower
U03549,25,Master's,Employed,9276.0,2,A03549,8,owner,1,0.3,master,4981.0,0.55,0.09,167,0.73,0.36,0.48,0,0,0,2,2,0.105,0.318,0,Successful Borrower
U03550,25,High School,Employed,9416.0,2,A03550,36,owner,1,0.74,highschool,4617.0,0.52,0.07,157,0.82,0.31,0.36,0,0,0,3,1,0.0819,0.241,0,Successful Borrower
U03551,24,Bachelor's,Employed,7195.0,2,A03551,10,rent,4,0.42,bachelor,3859.0,0.54,0.13,140,0.7,0.33,0.45,0,0,0,2,0,0.0,0.3195,0,Successful Borrower
U03552,20,Bachelor's,Employed,6553.0,1,A03552,45,rent,9,0.57,bachelor,3632.0,0.65,0.06,106,0.8,0.32,0.32,0,0,0,2,1,0.1713,0.239,1,Defaulted
U03553,20,High School,Employed,6883.0,2,A03553,34,rent,22,0.43,highschool,3114.0,0.45,0.04,100,0.9,0.21,0.28,0,0,0,3,1,0.0704,0.1635,0,Successful Borrower
U03554,20,Diploma,Self-Employed,7824.0,1,A03554,59,rent,22,0.71,cert,3139.0,0.72,0.13,166,0.81,0.22,0.4,0,0,0,3,1,0.1729,0.241,0,Successful Borrower
U03555,22,High School,Employed,8830.0,2,A03555,59,owner,3,0.56,highschool,3451.0,0.46,0.07,166,0.77,0.39,0.44,0,0,0,3,1,0.07,0.2985,0,Successful Borrower
U03556,25,Bachelor's,Student,3116.0,3,A03556,4,none,3,0.44,bachelor,1032.0,0.55,0.06,84,0.78,0.32,0.46,0,0,0,0,1,0.0597,0.281,0,Successful Borrower
U03557,20,Master's,Unemployed,3313.0,1,A03557,1,rent,9,0.48,master,1458.0,0.54,0.15,88,0.68,0.43,0.49,0,1,0,2,0,0.0,0.3645,1,Defaulted
U03558,20,Bachelor's,Student,1532.0,1,A03558,1,owner,3,0.58,bachelor,302.0,0.74,0.04,37,0.8,0.32,0.4,0,0,0,1,0,0.0002,0.256,1,Defaulted
U03559,20,High School,Student,4115.0,2,A03559,9,rent,23,0.54,highschool,1243.0,0.69,0.05,126,0.85,0.29,0.32,0,0,0,3,0,0.045,0.2125,0,Successful Borrower
U03560,23,High School,Student,2907.0,3,A03560,11,rent,21,0.36,highschool,914.0,0.69,0.06,107,0.84,0.36,0.3,0,0,0,3,0,0.1054,0.23,0,Successful Borrower
U03561,21,Diploma,Employed,7447.0,2,A03561,10,owner,4,0.66,cert,2848.0,0.63,0.09,161,0.81,0.26,0.34,0,0,0,2,0,0.0,0.23,0,Successful Borrower
U03562,25,Bachelor's,Student,3688.0,2,A03562,7,rent,13,0.55,bachelor,2418.0,0.7,0.16,43,0.83,0.28,0.29,0,0,0,1,1,0.0,0.226,0,Successful Borrower
U03563,20,Diploma,Self-Employed,7453.0,1,A03563,22,rent,18,0.58,cert,3389.0,0.57,0.15,170,0.73,0.32,0.47,0,0,0,3,0,0.1061,0.3145,1,Defaulted
U03564,24,Bachelor's,Self-Employed,8408.0,2,A03564,40,rent,24,0.57,bachelor,3462.0,0.51,0.13,125,0.81,0.13,0.36,0,0,0,3,1,0.0891,0.2085,0,Successful Borrower
U03565,21,Bachelor's,Student,2546.0,2,A03565,10,rent,15,0.41,bachelor,1354.0,0.56,0.07,26,0.79,0.31,0.42,0,0,0,2,0,0.0923,0.2665,0,Successful Borrower
U03566,23,Bachelor's,Employed,10914.0,2,A03566,18,rent,14,0.47,bachelor,2895.0,0.53,0.06,265,0.86,0.2,0.25,0,0,0,2,0,0.0657,0.1705,0,Successful Borrower
U03567,26,Bachelor's,Employed,8767.0,3,A03567,34,rent,21,0.51,bachelor,4944.0,0.32,0.15,96,0.57,0.45,0.51,0,0,0,2,1,0.08,0.413,1,Defaulted
U03568,22,Bachelor's,Employed,9478.0,1,A03568,24,owner,1,0.41,bachelor,2564.0,0.39,0.1,193,0.86,0.35,0.32,0,0,0,3,1,0.0269,0.2315,0,Successful Borrower
U03569,25,High School,Employed,9371.0,1,A03569,41,owner,3,0.45,highschool,3400.0,0.61,0.08,158,0.79,0.35,0.45,0,0,0,3,0,0.1197,0.2855,0,Successful Borrower
U03570,24,Master's,Unemployed,3435.0,2,A03570,1,owner,4,0.61,master,2097.0,0.6,0.23,36,0.56,0.59,0.69,0,0,1,0,2,0.1202,0.5085,1,Defaulted
U03571,23,High School,Student,3356.0,2,A03571,4,rent,16,0.61,highschool,2088.0,0.63,0.22,37,0.56,0.48,0.6,0,0,0,0,2,0.1398,0.457,1,Defaulted
U03572,23,High School,Student,2383.0,2,A03572,0,rent,21,0.73,highschool,1129.0,0.51,0.11,34,0.67,0.51,0.44,0,0,0,1,1,0.0658,0.3695,0,Successful Borrower
U03573,22,High School,Employed,6550.0,2,A03573,46,rent,15,0.63,highschool,3103.0,0.49,0.06,117,0.8,0.37,0.45,0,0,0,2,0,0.1305,0.284,0,Successful Borrower
U03574,24,Bachelor's,Employed,9444.0,2,A03574,53,owner,2,0.57,bachelor,2401.0,0.52,0.05,251,0.96,0.12,0.2,0,0,0,3,2,0.0265,0.1015,0,Successful Borrower
U03575,20,Bachelor's,Employed,7923.0,3,A03575,44,none,4,0.74,bachelor,2387.0,0.56,0.06,210,0.85,0.17,0.33,0,0,0,3,1,0.0,0.1865,0,Successful Borrower
U03576,24,Bachelor's,Employed,5745.0,1,A03576,15,none,4,0.77,bachelor,2258.0,0.66,0.11,154,0.82,0.17,0.28,0,0,0,2,1,0.0,0.192,0,Successful Borrower
U03577,23,High School,Employed,9595.0,3,A03577,32,owner,2,0.52,highschool,4277.0,0.62,0.06,234,0.95,0.12,0.17,0,0,0,2,1,0.1353,0.099,0,Successful Borrower
U03578,26,Bachelor's,Employed,7884.0,1,A03578,26,rent,4,0.3,bachelor,4060.0,0.47,0.17,70,0.61,0.41,0.58,0,0,0,2,0,0.0221,0.4095,1,Defaulted
U03579,21,Bachelor's,Employed,8966.0,2,A03579,36,owner,3,0.55,bachelor,4149.0,0.61,0.1,187,0.88,0.21,0.17,0,0,0,3,1,0.0017,0.152,0,Successful Borrower
U03580,26,PhD,Self-Employed,11093.0,2,A03580,44,rent,10,0.3,phd,2790.0,0.47,0.1,234,0.84,0.25,0.38,0,0,0,3,0,0.0154,0.2285,0,Successful Borrower
U03581,20,High School,Self-Employed,10631.0,2,A03581,45,none,1,0.35,highschool,1931.0,0.47,0.11,271,0.97,0.05,0.07,0,0,0,2,0,0.0989,0.057,0,Successful Borrower
U03582,22,Bachelor's,Student,1335.0,2,A03582,3,none,2,0.41,bachelor,568.0,0.68,0.15,28,0.64,0.47,0.53,0,0,0,2,0,0.0,0.3985,1,Defaulted
U03583,23,Master's,Employed,9472.0,2,A03583,38,rent,16,0.35,master,5170.0,0.48,0.1,135,0.83,0.26,0.36,0,0,0,2,1,0.1447,0.2295,0,Successful Borrower
U03584,21,Bachelor's,Employed,6727.0,2,A03584,28,rent,20,0.71,bachelor,2942.0,0.69,0.07,193,0.76,0.29,0.42,0,0,0,2,1,0.0725,0.272,0,Successful Borrower
U03585,22,Bachelor's,Employed,10017.0,2,A03585,44,owner,0,0.41,bachelor,4439.0,0.56,0.11,212,0.64,0.51,0.6,0,0,0,2,2,0.1236,0.42,1,Defaulted
U03586,21,Bachelor's,Self-Employed,8880.0,3,A03586,26,owner,4,0.3,bachelor,4531.0,0.57,0.16,127,0.78,0.24,0.37,0,0,0,3,1,0.1404,0.2535,0,Successful Borrower
U03587,25,Bachelor's,Student,2879.0,2,A03587,2,rent,5,0.47,bachelor,2071.0,0.59,0.19,0,0.56,0.54,0.67,0,0,0,1,3,0.1143,0.485,1,Defaulted
U03588,23,Diploma,Self-Employed,8292.0,2,A03588,34,none,1,0.61,cert,2614.0,0.74,0.14,129,0.76,0.24,0.31,0,0,0,2,1,0.1179,0.2425,0,Successful Borrower
U03589,22,Master's,Unemployed,2972.0,2,A03589,0,none,1,0.63,master,751.0,0.57,0.14,85,0.76,0.38,0.39,0,0,0,0,0,0.1583,0.2975,0,Successful Borrower
U03590,20,Diploma,Unemployed,2305.0,2,A03590,4,rent,14,0.46,cert,1095.0,0.75,0.2,77,0.63,0.58,0.51,0,0,0,0,2,0.0,0.432,0,Successful Borrower
U03591,25,Bachelor's,Employed,9255.0,2,A03591,9,rent,11,0.41,bachelor,3661.0,0.61,0.09,192,0.65,0.44,0.47,0,0,0,3,1,0.0666,0.3635,0,Successful Borrower
U03592,25,Bachelor's,Employed,6271.0,1,A03592,6,rent,24,0.45,bachelor,1361.0,0.59,0.08,172,0.71,0.27,0.44,0,0,0,3,1,0.088,0.291,0,Successful Borrower
U03593,23,Bachelor's,Unemployed,2777.0,3,A03593,5,rent,20,0.42,bachelor,646.0,0.55,0.09,103,0.75,0.41,0.27,0,0,0,3,1,0.1464,0.271,0,Successful Borrower
U03594,25,High School,Employed,7358.0,1,A03594,58,rent,19,0.54,highschool,3055.0,0.5,0.11,153,0.77,0.28,0.42,0,0,0,3,2,0.0551,0.272,0,Successful Borrower
U03595,24,Master's,Student,3233.0,3,A03595,10,none,1,0.37,master,1227.0,0.79,0.1,65,0.78,0.35,0.29,0,0,0,3,0,0.0,0.252,0,Successful Borrower
U03596,24,Master's,Employed,8992.0,2,A03596,40,rent,19,0.59,master,4974.0,0.54,0.12,95,0.74,0.38,0.63,0,0,0,2,2,0.1363,0.3615,1,Defaulted
U03597,22,High School,Self-Employed,5312.0,2,A03597,8,none,1,0.3,highschool,2593.0,0.63,0.24,91,0.68,0.35,0.48,0,0,0,2,0,0.1362,0.3555,1,Defaulted
U03598,21,Bachelor's,Unemployed,1402.0,1,A03598,0,owner,4,0.63,bachelor,540.0,0.53,0.12,13,0.77,0.38,0.31,0,0,0,2,0,0.0232,0.271,0,Successful Borrower
U03599,24,Bachelor's,Employed,7428.0,2,A03599,54,owner,1,0.51,bachelor,1800.0,0.57,0.07,194,0.72,0.33,0.48,0,0,0,2,0,0.1629,0.311,1,Defaulted
U03600,23,Bachelor's,Employed,7003.0,2,A03600,48,rent,11,0.7,bachelor,1458.0,0.57,0.02,185,1.0,0.18,0.17,0,0,0,3,1,0.0,0.0905,0,Successful Borrower
U03601,20,Bachelor's,Student,2506.0,2,A03601,3,none,2,0.66,bachelor,882.0,0.55,0.02,69,0.85,0.27,0.22,0,0,0,3,0,0.0645,0.178,0,Successful Borrower
U03602,25,High School,Employed,9570.0,2,A03602,16,owner,3,0.58,highschool,2376.0,0.46,0.07,287,0.75,0.24,0.24,0,0,0,2,0,0.1999,0.218,0,Successful Borrower
U03603,23,Bachelor's,Unemployed,3999.0,3,A03603,6,rent,17,0.37,bachelor,1388.0,0.5,0.11,127,0.85,0.29,0.27,0,0,0,3,0,0.1497,0.209,0,Successful Borrower
U03604,23,Bachelor's,Employed,8602.0,2,A03604,51,rent,7,0.6,bachelor,2833.0,0.59,0.09,182,0.78,0.28,0.35,0,0,0,3,0,0.0,0.248,0,Successful Borrower
U03605,25,High School,Unemployed,3240.0,1,A03605,5,rent,19,0.53,highschool,1091.0,0.59,0.11,97,0.78,0.39,0.3,0,0,0,3,0,0.1396,0.266,0,Successful Borrower
U03606,23,Master's,Employed,8563.0,1,A03606,16,owner,0,0.58,master,2418.0,0.65,0.02,242,0.99,0.17,0.23,0,0,0,3,0,0.0531,0.1065,0,Successful Borrower
U03607,26,High School,Student,4337.0,3,A03607,1,rent,7,0.46,highschool,1917.0,0.59,0.07,87,0.91,0.27,0.15,0,0,0,2,2,0.1325,0.147,0,Successful Borrower
U03608,26,Bachelor's,Employed,10430.0,2,A03608,12,none,0,0.41,bachelor,3438.0,0.64,0.03,252,0.89,0.15,0.25,0,0,0,2,1,0.0161,0.143,0,Successful Borrower
U03609,26,Master's,Self-Employed,7496.0,2,A03609,13,owner,1,0.38,master,2584.0,0.48,0.11,194,0.81,0.23,0.25,0,0,0,3,1,0.0854,0.203,0,Successful Borrower
U03610,22,Master's,Unemployed,2357.0,3,A03610,2,rent,13,0.65,master,856.0,0.62,0.16,109,0.78,0.42,0.37,0,0,0,1,0,0.0,0.2985,0,Successful Borrower
U03611,22,Diploma,Student,3338.0,2,A03611,2,rent,24,0.44,cert,1302.0,0.46,0.02,105,0.88,0.33,0.44,0,0,0,2,1,0.0,0.2375,0,Successful Borrower
U03612,23,Master's,Unemployed,2868.0,2,A03612,4,none,2,0.4,master,1376.0,0.47,0.18,125,0.66,0.44,0.43,0,0,0,1,0,0.0524,0.3635,1,Defaulted
U03613,21,Bachelor's,Self-Employed,6183.0,1,A03613,18,rent,21,0.4,bachelor,2303.0,0.67,0.14,152,0.85,0.19,0.27,0,0,0,3,0,0.1404,0.1885,0,Successful Borrower
U03614,22,Bachelor's,Student,2828.0,2,A03614,8,rent,24,0.38,bachelor,1580.0,0.72,0.02,18,0.86,0.32,0.25,0,0,0,2,1,0.1321,0.1945,0,Successful Borrower
U03615,23,Bachelor's,Employed,7141.0,2,A03615,59,rent,18,0.54,bachelor,3564.0,0.54,0.15,125,0.67,0.38,0.58,0,0,0,3,1,0.0,0.378,1,Defaulted
U03616,20,High School,Employed,10183.0,3,A03616,36,owner,1,0.6,highschool,1141.0,0.36,0.05,360,0.85,0.18,0.49,0,0,0,3,0,0.179,0.2275,0,Successful Borrower
U03617,25,Bachelor's,Self-Employed,9085.0,2,A03617,28,owner,2,0.66,bachelor,2845.0,0.51,0.18,232,0.74,0.29,0.36,0,0,0,2,1,0.0523,0.2805,1,Defaulted
U03618,22,Diploma,Student,4030.0,2,A03618,9,rent,11,0.6,cert,1668.0,0.54,0.07,88,0.79,0.28,0.42,0,0,0,2,1,0.0321,0.259,0,Successful Borrower
U03619,24,Bachelor's,Employed,8340.0,2,A03619,44,owner,1,0.57,bachelor,1878.0,0.52,0.05,225,1.0,0.18,0.11,0,0,0,3,0,0.0565,0.08,0,Successful Borrower
U03620,25,Bachelor's,Self-Employed,10468.0,3,A03620,14,rent,11,0.75,bachelor,3885.0,0.39,0.2,200,0.85,0.2,0.35,0,0,0,3,0,0.0525,0.22,0,Successful Borrower
U03621,25,Master's,Unemployed,2179.0,2,A03621,1,none,1,0.32,master,873.0,0.63,0.19,60,0.62,0.46,0.56,0,0,0,0,1,0.0493,0.4165,1,Defaulted
U03622,25,Bachelor's,Student,3275.0,1,A03622,7,none,0,0.44,bachelor,1342.0,0.69,0.12,112,0.81,0.24,0.36,0,0,0,2,0,0.1504,0.2345,0,Successful Borrower
U03623,25,Bachelor's,Employed,7850.0,2,A03623,46,rent,6,0.8,bachelor,3916.0,0.69,0.16,79,0.63,0.47,0.59,0,0,0,2,0,0.1165,0.4185,1,Defaulted
U03624,24,Bachelor's,Student,4545.0,2,A03624,5,rent,4,0.61,bachelor,2726.0,0.66,0.12,42,0.72,0.36,0.49,0,0,0,1,0,0.1534,0.3285,1,Defaulted
U03625,21,Bachelor's,Employed,5655.0,2,A03625,59,rent,5,0.67,bachelor,3291.0,0.72,0.14,63,0.75,0.35,0.5,0,0,0,1,1,0.0,0.321,1,Defaulted
U03626,26,Bachelor's,Student,2375.0,2,A03626,8,rent,12,0.81,bachelor,1621.0,0.54,0.06,0,0.8,0.3,0.45,0,1,0,2,1,0.0383,0.2665,1,Defaulted
U03627,23,Bachelor's,Employed,8902.0,1,A03627,25,rent,10,0.65,bachelor,1889.0,0.52,0.02,281,0.93,0.24,0.33,0,0,0,2,0,0.0717,0.17,0,Successful Borrower
U03628,26,Diploma,Student,2023.0,1,A03628,1,rent,6,0.76,cert,507.0,0.79,0.02,111,0.89,0.23,0.13,0,0,0,3,0,0.1254,0.1315,0,Successful Borrower
U03629,23,Bachelor's,Employed,9179.0,3,A03629,52,rent,13,0.43,bachelor,5386.0,0.5,0.14,135,0.73,0.35,0.36,0,0,0,3,1,0.0321,0.293,0,Successful Borrower
U03630,22,Bachelor's,Student,2718.0,1,A03630,9,rent,6,0.82,bachelor,1141.0,0.68,0.11,54,0.6,0.38,0.62,0,0,0,3,1,0.0,0.4065,0,Successful Borrower
U03631,21,Bachelor's,Employed,8488.0,1,A03631,12,none,1,0.77,bachelor,3330.0,0.7,0.08,194,0.81,0.28,0.38,0,0,0,3,1,0.0204,0.2435,0,Successful Borrower
U03632,22,Master's,Self-Employed,8847.0,2,A03632,32,rent,6,0.44,master,2261.0,0.56,0.1,184,0.86,0.27,0.22,0,0,0,3,0,0.1299,0.1865,0,Successful Borrower
U03633,21,Master's,Employed,6928.0,1,A03633,13,rent,23,0.8,master,3642.0,0.69,0.1,136,0.72,0.36,0.44,0,0,0,2,1,0.0375,0.313,1,Defaulted
U03634,23,High School,Employed,8687.0,3,A03634,18,none,0,0.65,highschool,1125.0,0.39,0.03,242,1.0,0.19,0.15,0,0,0,2,2,0.0194,0.0895,0,Successful Borrower
U03635,26,Bachelor's,Student,4185.0,3,A03635,7,rent,15,0.62,bachelor,846.0,0.61,0.02,104,0.99,0.15,0.12,0,0,0,3,0,0.1489,0.074,0,Successful Borrower
U03636,25,Bachelor's,Self-Employed,6845.0,1,A03636,60,rent,14,0.45,bachelor,2891.0,0.43,0.15,125,0.79,0.21,0.36,0,0,0,3,2,0.0833,0.2385,0,Successful Borrower
U03637,26,Bachelor's,Employed,11054.0,1,A03637,57,none,2,0.6,bachelor,4724.0,0.59,0.09,228,0.64,0.41,0.57,0,0,0,1,0,0.118,0.3845,0,Successful Borrower
U03638,21,Master's,Unemployed,1802.0,3,A03638,1,rent,18,0.3,master,860.0,0.77,0.22,60,0.73,0.38,0.48,0,0,0,0,2,0.0181,0.3425,1,Defaulted
U03639,21,Bachelor's,Self-Employed,6180.0,1,A03639,30,rent,11,0.82,bachelor,2641.0,0.63,0.14,147,0.89,0.19,0.26,0,0,0,3,2,0.084,0.172,0,Successful Borrower
U03640,22,Bachelor's,Student,2964.0,2,A03640,9,rent,6,0.49,bachelor,1646.0,0.62,0.03,73,0.79,0.35,0.28,0,0,0,2,1,0.0342,0.2355,0,Successful Borrower
U03641,26,Bachelor's,Student,4505.0,1,A03641,6,rent,20,0.46,bachelor,1881.0,0.56,0.09,45,0.7,0.33,0.47,0,0,0,3,0,0.1331,0.3185,1,Defaulted
U03642,23,Bachelor's,Student,2882.0,3,A03642,6,none,2,0.48,bachelor,1546.0,0.65,0.19,39,0.61,0.46,0.51,0,0,0,3,0,0.0107,0.4075,1,Defaulted
U03643,23,High School,Employed,9236.0,2,A03643,30,owner,2,0.58,highschool,4881.0,0.6,0.12,146,0.77,0.32,0.38,0,0,0,3,0,0.1454,0.2735,0,Successful Borrower
U03644,22,PhD,Employed,8000.0,1,A03644,24,rent,13,0.66,phd,2811.0,0.51,0.1,179,0.78,0.28,0.35,0,0,0,3,0,0.046,0.2495,1,Defaulted
U03645,21,Bachelor's,Employed,6482.0,1,A03645,13,owner,1,0.7,bachelor,3113.0,0.59,0.08,162,0.83,0.29,0.45,0,0,0,3,1,0.0228,0.2565,0,Successful Borrower
U03646,24,Bachelor's,Employed,10144.0,3,A03646,32,owner,4,0.47,bachelor,3977.0,0.65,0.11,196,0.66,0.43,0.54,0,0,0,3,0,0.1187,0.378,1,Defaulted
U03647,24,Diploma,Unemployed,3151.0,2,A03647,2,none,0,0.49,cert,1570.0,0.66,0.19,74,0.64,0.6,0.49,0,0,0,1,1,0.1124,0.427,1,Defaulted
U03648,20,Master's,Employed,6164.0,3,A03648,29,owner,4,0.55,master,1632.0,0.56,0.07,182,0.83,0.22,0.31,0,0,0,2,0,0.1507,0.2025,0,Successful Borrower
U03649,21,Bachelor's,Employed,4507.0,2,A03649,18,rent,23,0.35,bachelor,2285.0,0.71,0.08,150,0.76,0.35,0.45,0,0,0,3,2,0.0404,0.296,0,Successful Borrower
U03650,21,Master's,Employed,6752.0,2,A03650,23,rent,22,0.44,master,2744.0,0.54,0.06,162,0.74,0.35,0.43,0,0,0,2,0,0.0733,0.295,1,Defaulted
U03651,25,Bachelor's,Employed,9872.0,3,A03651,30,rent,19,0.52,bachelor,3119.0,0.64,0.09,175,0.65,0.39,0.6,0,0,0,3,1,0.1625,0.3835,1,Defaulted
U03652,23,High School,Student,3726.0,2,A03652,1,rent,18,0.33,highschool,2260.0,0.71,0.06,62,0.69,0.35,0.48,0,0,0,2,1,0.0,0.325,0,Successful Borrower
U03653,26,Diploma,Employed,8192.0,2,A03653,13,rent,23,0.63,cert,1738.0,0.62,0.05,203,0.92,0.27,0.1,0,0,0,3,0,0.1034,0.128,0,Successful Borrower
U03654,26,PhD,Employed,9005.0,1,A03654,17,owner,1,0.46,phd,5395.0,0.68,0.11,91,0.76,0.33,0.38,0,0,0,2,1,0.1297,0.278,1,Defaulted
U03655,26,Master's,Employed,7285.0,1,A03655,29,rent,9,0.49,master,4250.0,0.66,0.16,156,0.67,0.39,0.43,0,0,0,3,0,0.1252,0.3445,1,Defaulted
U03656,23,Diploma,Employed,10794.0,3,A03656,45,owner,1,0.51,cert,2398.0,0.41,0.08,261,0.9,0.18,0.16,1,0,0,3,0,0.0,0.132,0,Successful Borrower
U03657,21,High School,Unemployed,2571.0,2,A03657,0,rent,21,0.31,highschool,1750.0,0.58,0.19,75,0.61,0.48,0.58,0,0,1,0,1,0.1148,0.43,1,Defaulted
U03658,22,Bachelor's,Employed,11609.0,2,A03658,47,owner,2,0.42,bachelor,8607.0,0.51,0.23,89,0.56,0.46,0.71,0,1,0,3,2,0.1811,0.481,1,Defaulted
U03659,24,Bachelor's,Unemployed,2874.0,1,A03659,5,rent,17,0.59,bachelor,1767.0,0.63,0.2,84,0.57,0.58,0.55,0,0,0,1,2,0.1278,0.463,0,Successful Borrower
U03660,23,High School,Employed,6826.0,3,A03660,9,rent,21,0.53,highschool,3209.0,0.52,0.02,162,0.94,0.22,0.25,0,0,0,3,0,0.1453,0.1415,0,Successful Borrower
U03661,20,Master's,Student,3603.0,3,A03661,2,owner,0,0.71,master,1633.0,0.7,0.04,104,0.8,0.2,0.4,0,0,0,2,0,0.0018,0.226,0,Successful Borrower
U03662,21,Bachelor's,Employed,10259.0,2,A03662,27,rent,10,0.47,bachelor,3009.0,0.68,0.07,229,0.8,0.27,0.37,0,0,0,3,1,0.0263,0.2405,0,Successful Borrower
U03663,25,Master's,Self-Employed,9700.0,2,A03663,20,rent,6,0.47,master,2301.0,0.54,0.2,194,0.77,0.25,0.39,0,0,0,3,2,0.0907,0.2705,1,Defaulted
U03664,21,High School,Employed,9652.0,2,A03664,9,rent,21,0.53,highschool,2192.0,0.6,0.06,193,0.81,0.31,0.27,0,0,0,3,0,0.0292,0.2205,0,Successful Borrower
U03665,26,Master's,Student,3135.0,1,A03665,1,none,3,0.59,master,1937.0,0.74,0.1,78,0.66,0.41,0.47,0,0,0,1,0,0.3037,0.354,0,Successful Borrower
U03666,24,Master's,Self-Employed,8542.0,2,A03666,40,owner,4,0.66,master,2903.0,0.59,0.14,226,0.86,0.17,0.39,0,0,0,3,0,0.0434,0.21,0,Successful Borrower
U03667,24,Bachelor's,Employed,10667.0,1,A03667,40,none,3,0.63,bachelor,4393.0,0.45,0.07,231,0.9,0.31,0.17,0,0,0,3,1,0.1704,0.1655,0,Successful Borrower
U03668,23,Diploma,Student,3296.0,2,A03668,4,rent,15,0.37,cert,1905.0,0.77,0.12,76,0.66,0.49,0.63,0,0,0,3,2,0.0834,0.417,1,Defaulted
U03669,21,Diploma,Self-Employed,8757.0,2,A03669,24,rent,18,0.56,cert,1743.0,0.62,0.11,188,0.81,0.18,0.24,0,0,0,3,0,0.172,0.188,1,Defaulted
U03670,21,Bachelor's,Employed,7174.0,1,A03670,42,rent,19,0.34,bachelor,3745.0,0.54,0.08,169,0.75,0.35,0.39,0,0,0,3,1,0.04,0.2845,0,Successful Borrower
U03671,25,Bachelor's,Student,5325.0,2,A03671,10,rent,11,0.41,bachelor,2982.0,0.64,0.1,72,0.85,0.26,0.26,0,0,0,2,0,0.0789,0.1975,0,Successful Borrower
U03672,21,Bachelor's,Student,2748.0,1,A03672,12,owner,1,0.39,bachelor,1485.0,0.75,0.03,116,0.99,0.22,0.15,0,0,0,3,1,0.0062,0.1005,0,Successful Borrower
U03673,21,Master's,Employed,8214.0,3,A03673,19,rent,24,0.52,master,4793.0,0.63,0.08,118,0.81,0.32,0.24,0,0,0,3,1,0.0,0.2185,0,Successful Borrower
U03674,20,Diploma,Student,2791.0,1,A03674,4,rent,20,0.7,cert,1451.0,0.6,0.1,79,0.68,0.43,0.44,0,0,0,2,0,0.0116,0.3445,0,Successful Borrower
U03675,21,High School,Self-Employed,8901.0,3,A03675,21,owner,3,0.42,highschool,3327.0,0.58,0.16,195,0.72,0.34,0.43,0,0,0,3,0,0.0195,0.3145,0,Successful Borrower
U03676,21,Bachelor's,Employed,10171.0,2,A03676,21,owner,3,0.53,bachelor,4788.0,0.61,0.06,215,0.83,0.28,0.18,0,0,0,3,1,0.0689,0.1835,1,Defaulted
U03677,21,Bachelor's,Student,2043.0,2,A03677,0,rent,9,0.55,bachelor,1490.0,0.65,0.13,44,0.81,0.33,0.34,0,0,0,2,0,0.0395,0.2535,0,Successful Borrower
U03678,25,High School,Self-Employed,11149.0,3,A03678,7,owner,4,0.63,highschool,4049.0,0.56,0.19,230,0.83,0.21,0.43,0,0,0,3,1,0.008,0.248,0,Successful Borrower
U03679,25,PhD,Self-Employed,6786.0,2,A03679,57,rent,18,0.43,phd,4233.0,0.58,0.26,75,0.63,0.47,0.62,0,0,0,2,1,0.1497,0.441,1,Defaulted
U03680,20,Bachelor's,Self-Employed,13181.0,2,A03680,33,owner,2,0.51,bachelor,4211.0,0.46,0.13,297,0.79,0.18,0.35,0,0,0,3,0,0.0301,0.2255,0,Successful Borrower
U03681,24,PhD,Unemployed,1828.0,1,A03681,3,owner,2,0.66,phd,1218.0,0.59,0.1,0,0.86,0.28,0.3,0,0,0,1,0,0.0,0.209,0,Successful Borrower
U03682,21,Bachelor's,Employed,9840.0,2,A03682,7,rent,9,0.6,bachelor,4803.0,0.65,0.13,232,0.67,0.35,0.53,0,0,0,3,0,0.0206,0.355,1,Defaulted
U03683,22,High School,Student,4456.0,3,A03683,2,rent,13,0.5,highschool,1049.0,0.6,0.03,118,0.78,0.31,0.37,0,0,0,3,1,0.0945,0.2515,0,Successful Borrower
U03684,20,Bachelor's,Self-Employed,8015.0,2,A03684,59,rent,12,0.52,bachelor,3953.0,0.75,0.15,130,0.62,0.26,0.43,0,0,0,3,1,0.0,0.328,1,Defaulted
U03685,26,Master's,Employed,7760.0,3,A03685,52,rent,15,0.65,master,2725.0,0.64,0.12,135,0.8,0.31,0.26,0,0,0,3,0,0.212,0.2305,1,Defaulted
U03686,22,PhD,Employed,9656.0,2,A03686,19,owner,2,0.47,phd,4530.0,0.57,0.13,129,0.62,0.45,0.54,0,0,0,2,0,0.0869,0.4,1,Defaulted
U03687,25,Bachelor's,Student,3354.0,3,A03687,0,rent,23,0.69,bachelor,2250.0,0.79,0.15,16,0.62,0.48,0.51,0,0,0,2,0,0.0411,0.403,1,Defaulted
U03688,25,Bachelor's,Employed,8586.0,1,A03688,29,owner,3,0.67,bachelor,3721.0,0.61,0.08,122,0.81,0.36,0.4,0,0,0,2,0,0.0765,0.2685,0,Successful Borrower
U03689,25,Bachelor's,Employed,7166.0,3,A03689,53,rent,21,0.42,bachelor,3386.0,0.75,0.16,239,0.74,0.28,0.42,0,0,0,2,0,0.1561,0.29,1,Defaulted
U03690,20,High School,Student,3893.0,2,A03690,8,rent,15,0.51,highschool,1466.0,0.6,0.09,114,0.82,0.31,0.4,0,0,0,2,1,0.1658,0.254,0,Successful Borrower
U03691,25,Bachelor's,Student,5042.0,3,A03691,10,rent,24,0.31,bachelor,2288.0,0.55,0.15,101,0.7,0.34,0.48,0,0,0,3,1,0.18,0.3325,1,Defaulted
U03692,20,Bachelor's,Employed,7132.0,2,A03692,11,rent,22,0.38,bachelor,1052.0,0.79,0.06,238,0.91,0.2,0.25,0,0,0,3,2,0.1873,0.153,1,Defaulted
U03693,21,Master's,Employed,8178.0,1,A03693,17,owner,1,0.46,master,1494.0,0.47,0.04,254,0.93,0.21,0.19,0,0,0,3,1,0.0819,0.1305,0,Successful Borrower
U03694,25,Master's,Employed,5817.0,1,A03694,11,owner,4,0.75,master,2693.0,0.76,0.03,186,0.9,0.26,0.14,0,0,0,3,0,0.1526,0.1395,0,Successful Borrower
U03695,24,Bachelor's,Unemployed,3102.0,1,A03695,5,rent,7,0.49,bachelor,1896.0,0.68,0.14,87,0.72,0.5,0.37,0,0,1,1,1,0.1669,0.3365,0,Successful Borrower
U03696,25,Master's,Student,2883.0,2,A03696,3,rent,23,0.4,master,1938.0,0.61,0.12,32,0.68,0.37,0.52,0,0,0,2,1,0.1535,0.3525,1,Defaulted
U03697,22,Bachelor's,Employed,9802.0,2,A03697,59,rent,10,0.39,bachelor,5097.0,0.35,0.12,126,0.69,0.38,0.52,0,0,0,2,0,0.0827,0.3515,1,Defaulted
U03698,22,Diploma,Employed,8881.0,1,A03698,23,rent,10,0.58,cert,5316.0,0.58,0.19,146,0.76,0.32,0.49,0,0,0,3,0,0.0768,0.315,1,Defaulted
U03699,24,Bachelor's,Employed,10118.0,2,A03699,57,rent,11,0.72,bachelor,4347.0,0.59,0.02,121,0.84,0.26,0.35,0,0,0,1,0,0.0456,0.2115,0,Successful Borrower
U03700,24,Bachelor's,Self-Employed,11233.0,2,A03700,55,owner,0,0.56,bachelor,4850.0,0.49,0.12,185,0.74,0.33,0.39,0,0,0,3,2,0.0,0.289,0,Successful Borrower
U03701,25,Master's,Employed,9019.0,1,A03701,56,owner,4,0.72,master,3174.0,0.35,0.07,239,0.86,0.26,0.3,0,0,1,1,0,0.1545,0.1995,0,Successful Borrower
U03702,20,Master's,Employed,8791.0,1,A03702,25,rent,5,0.97,master,2769.0,0.65,0.07,206,0.71,0.38,0.58,0,0,0,3,0,0.0,0.352,0,Successful Borrower
U03703,22,Bachelor's,Student,3700.0,1,A03703,0,rent,5,0.6,bachelor,2013.0,0.6,0.12,34,0.74,0.34,0.32,0,0,0,2,2,0.1081,0.274,0,Successful Borrower
U03704,24,High School,Student,2178.0,2,A03704,6,none,4,0.73,highschool,1102.0,0.62,0.08,61,0.74,0.33,0.45,0,0,0,3,0,0.0077,0.298,0,Successful Borrower
U03705,22,Bachelor's,Employed,8553.0,2,A03705,49,rent,21,0.54,bachelor,3567.0,0.51,0.03,161,0.87,0.23,0.28,0,0,0,3,0,0.0567,0.1775,0,Successful Borrower
U03706,24,Bachelor's,Employed,9113.0,3,A03706,8,owner,2,0.63,bachelor,2688.0,0.54,0.11,186,0.72,0.37,0.48,0,0,0,2,0,0.064,0.327,1,Defaulted
U03707,25,Master's,Student,4169.0,2,A03707,4,rent,5,0.3,master,2664.0,0.63,0.21,12,0.56,0.48,0.57,0,0,0,1,1,0.2245,0.448,1,Defaulted
U03708,24,Bachelor's,Self-Employed,8026.0,2,A03708,4,owner,1,0.31,bachelor,3009.0,0.6,0.1,155,0.77,0.3,0.38,0,0,0,3,1,0.0811,0.2655,1,Defaulted
U03709,23,High School,Student,3425.0,2,A03709,4,rent,14,0.44,highschool,971.0,0.68,0.08,101,0.78,0.29,0.41,0,0,0,3,1,0.0679,0.264,1,Defaulted
U03710,26,Bachelor's,Employed,7725.0,2,A03710,19,rent,7,0.61,bachelor,2386.0,0.65,0.09,202,0.78,0.28,0.38,0,0,0,2,0,0.0,0.2555,1,Defaulted
U03711,24,High School,Employed,7388.0,2,A03711,54,rent,8,0.86,highschool,4224.0,0.69,0.13,131,0.67,0.4,0.53,0,0,0,2,1,0.0,0.3675,1,Defaulted
U03712,21,Master's,Self-Employed,5097.0,2,A03712,10,none,4,0.72,master,3035.0,0.63,0.22,12,0.56,0.42,0.75,0,0,0,1,2,0.0038,0.4795,1,Defaulted
U03713,21,Diploma,Student,2965.0,2,A03713,4,rent,17,0.3,cert,1109.0,0.65,0.07,102,0.83,0.32,0.41,0,0,0,2,2,0.0,0.2525,0,Successful Borrower
U03714,24,High School,Self-Employed,11651.0,3,A03714,16,owner,2,0.48,highschool,2658.0,0.55,0.12,256,0.81,0.25,0.33,0,0,0,2,1,0.0929,0.2295,0,Successful Borrower
U03715,26,Bachelor's,Employed,6680.0,2,A03715,44,rent,5,0.6,bachelor,1959.0,0.63,0.08,192,0.77,0.29,0.41,0,0,0,3,0,0.0,0.2675,1,Defaulted
U03716,26,Bachelor's,Employed,6100.0,1,A03716,59,rent,16,0.43,bachelor,1991.0,0.62,0.09,142,0.83,0.27,0.34,0,0,0,3,0,0.0772,0.2255,0,Successful Borrower
U03717,23,High School,Employed,6943.0,3,A03717,41,owner,3,0.5,highschool,2874.0,0.71,0.1,116,0.8,0.4,0.36,0,0,0,2,1,0.1148,0.275,0,Successful Borrower
U03718,21,Diploma,Employed,8639.0,3,A03718,28,rent,22,0.41,cert,5927.0,0.68,0.17,78,0.78,0.29,0.4,0,0,0,2,0,0.0483,0.275,1,Defaulted
U03719,24,Bachelor's,Unemployed,2806.0,1,A03719,3,rent,21,0.4,bachelor,1179.0,0.56,0.18,68,0.8,0.24,0.27,0,0,0,2,0,0.1884,0.2245,0,Successful Borrower
U03720,21,Bachelor's,Self-Employed,12255.0,3,A03720,37,none,1,0.66,bachelor,3652.0,0.65,0.14,230,0.76,0.38,0.44,0,0,0,3,1,0.0257,0.31,1,Defaulted
U03721,22,Bachelor's,Student,3239.0,1,A03721,9,none,4,0.59,bachelor,1403.0,0.68,0.1,92,0.71,0.33,0.47,0,1,0,3,0,0.1618,0.3165,1,Defaulted
U03722,20,Bachelor's,Unemployed,3194.0,3,A03722,2,rent,20,0.42,bachelor,1093.0,0.52,0.12,154,0.77,0.38,0.29,0,0,0,2,0,0.0393,0.266,0,Successful Borrower
U03723,20,Master's,Employed,5369.0,2,A03723,51,rent,21,0.63,master,3144.0,0.74,0.11,70,0.78,0.2,0.43,0,0,0,2,1,0.1152,0.251,0,Successful Borrower
U03724,26,Bachelor's,Employed,7575.0,1,A03724,42,owner,3,0.65,bachelor,2744.0,0.58,0.12,166,0.76,0.35,0.44,0,0,0,2,0,0.1529,0.2995,0,Successful Borrower
U03725,20,Master's,Employed,8376.0,1,A03725,44,none,4,0.62,master,4686.0,0.59,0.12,207,0.81,0.28,0.22,0,0,0,3,1,0.0663,0.2095,0,Successful Borrower
U03726,23,Diploma,Employed,9126.0,1,A03726,13,owner,1,0.67,cert,4164.0,0.64,0.14,136,0.65,0.41,0.54,0,0,0,3,0,0.0228,0.381,0,Successful Borrower
U03727,20,Bachelor's,Unemployed,2607.0,1,A03727,2,rent,17,0.45,bachelor,1221.0,0.61,0.14,51,0.56,0.57,0.63,0,0,0,1,3,0.1147,0.475,1,Defaulted
U03728,23,Bachelor's,Self-Employed,6425.0,3,A03728,9,rent,23,0.37,bachelor,2651.0,0.6,0.13,114,0.83,0.31,0.31,0,0,0,2,1,0.0974,0.234,0,Successful Borrower
U03729,21,Bachelor's,Employed,7471.0,1,A03729,57,rent,15,0.62,bachelor,3576.0,0.48,0.09,129,0.8,0.37,0.43,0,0,0,3,0,0.0,0.2835,0,Successful Borrower
U03730,20,Bachelor's,Employed,8024.0,3,A03730,43,owner,0,0.3,bachelor,2288.0,0.48,0.07,243,0.78,0.29,0.44,0,0,0,3,1,0.2005,0.27,0,Successful Borrower
U03731,24,Bachelor's,Self-Employed,11400.0,3,A03731,55,owner,4,0.57,bachelor,3863.0,0.48,0.14,235,0.74,0.3,0.39,0,0,0,3,0,0.1063,0.2845,0,Successful Borrower
U03732,21,Master's,Employed,8632.0,2,A03732,14,owner,2,0.3,master,3975.0,0.76,0.07,202,0.86,0.23,0.23,0,0,0,2,0,0.0475,0.1745,0,Successful Borrower
U03733,25,Bachelor's,Employed,7679.0,2,A03733,59,owner,4,0.44,bachelor,2054.0,0.52,0.08,236,0.83,0.25,0.37,0,0,0,2,0,0.0,0.2265,0,Successful Borrower
U03734,24,Diploma,Employed,8920.0,2,A03734,13,rent,17,0.61,cert,3817.0,0.6,0.14,155,0.74,0.35,0.53,0,0,0,3,1,0.0176,0.332,1,Defaulted
U03735,24,Bachelor's,Employed,6843.0,1,A03735,6,owner,4,0.76,bachelor,3362.0,0.47,0.07,168,0.86,0.14,0.24,0,0,0,3,0,0.1702,0.1545,0,Successful Borrower
U03736,25,Bachelor's,Employed,8984.0,3,A03736,34,none,1,0.64,bachelor,3380.0,0.49,0.07,220,0.9,0.24,0.18,0,0,0,3,1,0.0777,0.1505,0,Successful Borrower
U03737,25,Master's,Employed,8085.0,3,A03737,47,rent,7,0.43,master,4773.0,0.53,0.08,155,0.74,0.3,0.45,0,0,0,2,1,0.128,0.2905,0,Successful Borrower
U03738,21,Bachelor's,Employed,5503.0,2,A03738,18,rent,23,0.58,bachelor,2696.0,0.74,0.11,36,0.7,0.4,0.57,0,0,0,2,0,0.124,0.364,1,Defaulted
U03739,21,Bachelor's,Employed,9448.0,1,A03739,47,rent,24,0.7,bachelor,2593.0,0.65,0.09,199,0.88,0.21,0.18,0,0,0,3,1,0.0209,0.153,0,Successful Borrower
U03740,21,High School,Student,3813.0,1,A03740,10,rent,22,0.49,highschool,1032.0,0.61,0.08,156,0.89,0.18,0.29,0,0,0,2,2,0.1382,0.168,0,Successful Borrower
U03741,26,Master's,Self-Employed,10352.0,3,A03741,44,rent,13,0.48,master,2266.0,0.55,0.15,218,0.84,0.25,0.3,0,0,0,1,0,0.0852,0.216,0,Successful Borrower
U03742,23,Bachelor's,Employed,4060.0,1,A03742,54,rent,11,0.67,bachelor,2157.0,0.75,0.02,64,0.88,0.32,0.36,0,0,0,2,0,0.1516,0.215,0,Successful Borrower
U03743,20,Bachelor's,Student,4467.0,3,A03743,12,rent,6,0.41,bachelor,1739.0,0.54,0.07,83,0.9,0.12,0.23,0,0,0,3,0,0.0862,0.133,0,Successful Borrower
U03744,22,Master's,Employed,6950.0,2,A03744,35,rent,17,0.39,master,3681.0,0.61,0.05,143,0.77,0.38,0.28,0,0,0,3,0,0.0,0.253,0,Successful Borrower
U03745,21,Bachelor's,Employed,8140.0,2,A03745,47,rent,11,0.42,bachelor,3250.0,0.49,0.09,166,0.81,0.33,0.44,0,0,0,3,0,0.2368,0.2725,1,Defaulted
U03746,26,Bachelor's,Self-Employed,9688.0,2,A03746,29,none,4,0.37,bachelor,3377.0,0.54,0.16,169,0.86,0.17,0.38,0,0,0,2,1,0.0,0.2105,0,Successful Borrower
U03747,22,Diploma,Employed,7924.0,3,A03747,15,owner,1,0.65,cert,2480.0,0.47,0.03,157,0.74,0.3,0.4,0,0,0,3,0,0.0,0.2705,0,Successful Borrower
U03748,24,Bachelor's,Employed,8830.0,3,A03748,45,owner,4,0.58,bachelor,2280.0,0.51,0.04,202,0.9,0.17,0.2,0,0,0,3,2,0.0208,0.1335,0,Successful Borrower
U03749,25,Bachelor's,Employed,11088.0,2,A03749,43,owner,0,0.57,bachelor,3078.0,0.46,0.08,278,0.83,0.25,0.36,0,0,0,3,0,0.1259,0.224,0,Successful Borrower
U03750,22,Bachelor's,Student,3200.0,2,A03750,3,rent,15,0.69,bachelor,413.0,0.82,0.03,126,0.94,0.24,0.18,0,0,0,3,0,0.0279,0.1305,0,Successful Borrower
U03751,26,Bachelor's,Self-Employed,7231.0,3,A03751,31,rent,19,0.49,bachelor,2323.0,0.52,0.15,149,0.74,0.35,0.35,0,0,0,2,0,0.0612,0.2885,0,Successful Borrower
U03752,20,Bachelor's,Unemployed,1200.0,2,A03752,1,rent,16,0.66,bachelor,951.0,0.58,0.13,75,0.67,0.46,0.54,0,0,0,1,0,0.1014,0.385,1,Defaulted
U03753,22,High School,Employed,9764.0,1,A03753,34,owner,4,0.73,highschool,4942.0,0.46,0.15,250,0.73,0.37,0.53,0,0,0,2,0,0.0882,0.342,1,Defaulted
U03754,22,Bachelor's,Employed,7985.0,2,A03754,18,owner,3,0.63,bachelor,4084.0,0.62,0.04,155,0.89,0.23,0.25,0,0,0,3,0,0.0855,0.1645,0,Successful Borrower
U03755,20,Diploma,Student,3543.0,2,A03755,5,none,0,0.43,cert,1760.0,0.59,0.02,129,0.82,0.32,0.23,0,0,0,3,1,0.1052,0.2035,1,Defaulted
U03756,20,Bachelor's,Self-Employed,10225.0,1,A03756,44,none,4,0.33,bachelor,1768.0,0.66,0.13,278,0.86,0.23,0.26,0,0,0,3,0,0.1562,0.191,0,Successful Borrower
U03757,20,Bachelor's,Employed,8151.0,3,A03757,42,rent,13,0.59,bachelor,3720.0,0.72,0.16,177,0.71,0.39,0.43,0,0,0,1,0,0.0,0.3305,1,Defaulted
U03758,22,Bachelor's,Employed,7678.0,2,A03758,44,rent,11,0.62,bachelor,3077.0,0.6,0.05,213,0.8,0.33,0.36,0,0,0,2,0,0.1457,0.25,0,Successful Borrower
U03759,23,High School,Employed,7354.0,3,A03759,44,rent,23,0.53,highschool,5460.0,0.5,0.17,48,0.56,0.55,0.59,0,1,0,1,1,0.0213,0.4645,1,Defaulted
U03760,21,Master's,Unemployed,1200.0,3,A03760,2,rent,24,0.49,master,570.0,0.77,0.19,119,0.62,0.51,0.55,0,0,0,2,1,0.1926,0.4265,1,Defaulted
U03761,22,Master's,Student,3271.0,1,A03761,6,rent,10,0.55,master,1373.0,0.67,0.07,109,0.76,0.24,0.38,0,0,0,3,0,0.0855,0.2495,1,Defaulted
U03762,23,Bachelor's,Student,4042.0,2,A03762,10,rent,8,0.59,bachelor,2467.0,0.63,0.2,52,0.61,0.42,0.58,0,0,0,1,1,0.1555,0.4165,1,Defaulted
U03763,20,Bachelor's,Self-Employed,11168.0,1,A03763,45,owner,3,0.48,bachelor,4645.0,0.34,0.19,243,0.71,0.35,0.44,0,0,0,1,0,0.0,0.3275,1,Defaulted
U03764,26,Bachelor's,Self-Employed,8650.0,3,A03764,28,rent,22,0.51,bachelor,3739.0,0.57,0.17,157,0.64,0.33,0.59,0,0,0,1,0,0.1256,0.3815,1,Defaulted
U03765,24,Bachelor's,Employed,9578.0,2,A03765,46,owner,3,0.57,bachelor,5335.0,0.5,0.12,150,0.74,0.32,0.36,0,0,0,3,0,0.0369,0.279,0,Successful Borrower
U03766,25,High School,Employed,10236.0,3,A03766,26,owner,1,0.57,highschool,1764.0,0.4,0.06,312,0.92,0.19,0.27,0,0,0,3,0,0.0704,0.152,0,Successful Borrower
U03767,20,Bachelor's,Employed,9087.0,3,A03767,54,rent,9,0.53,bachelor,4101.0,0.71,0.07,213,0.71,0.37,0.59,0,0,0,2,0,0.0858,0.352,1,Defaulted
U03768,24,Master's,Employed,10033.0,2,A03768,59,rent,22,0.42,master,4315.0,0.52,0.11,225,0.87,0.21,0.24,0,0,0,3,0,0.1252,0.1745,0,Successful Borrower
U03769,22,High School,Employed,10415.0,3,A03769,32,owner,1,0.58,highschool,5322.0,0.55,0.08,155,0.75,0.38,0.44,0,0,0,2,1,0.1101,0.3045,0,Successful Borrower
U03770,26,Bachelor's,Employed,8575.0,3,A03770,15,owner,3,0.55,bachelor,4000.0,0.61,0.16,148,0.66,0.45,0.53,0,0,0,3,0,0.1473,0.388,1,Defaulted
U03771,22,Diploma,Unemployed,1385.0,2,A03771,2,rent,14,0.33,cert,300.0,0.6,0.11,98,0.89,0.36,0.16,0,0,0,2,0,0.2226,0.185,0,Successful Borrower
U03772,23,Master's,Self-Employed,9915.0,2,A03772,53,owner,4,0.37,master,3624.0,0.54,0.11,190,0.9,0.27,0.26,0,0,0,3,2,0.0857,0.184,0,Successful Borrower
U03773,23,Bachelor's,Employed,9607.0,3,A03773,41,owner,2,0.56,bachelor,2970.0,0.61,0.09,255,0.8,0.41,0.33,0,0,0,3,1,0.0,0.2685,0,Successful Borrower
U03774,25,High School,Employed,5127.0,2,A03774,8,rent,14,0.65,highschool,2076.0,0.67,0.12,125,0.85,0.32,0.34,0,0,0,3,1,0.0612,0.2355,0,Successful Borrower
U03775,21,Bachelor's,Unemployed,2520.0,1,A03775,6,rent,7,0.54,bachelor,317.0,0.63,0.08,51,0.82,0.31,0.26,0,0,0,1,1,0.0,0.2175,0,Successful Borrower
U03776,20,Bachelor's,Employed,10140.0,2,A03776,30,owner,4,0.48,bachelor,4394.0,0.68,0.03,192,0.87,0.32,0.35,0,0,0,2,1,0.0837,0.2175,0,Successful Borrower
U03777,25,High School,Self-Employed,7557.0,3,A03777,33,none,4,0.56,highschool,2435.0,0.51,0.14,158,0.79,0.27,0.31,0,0,0,2,1,0.0222,0.2395,0,Successful Borrower
U03778,21,Bachelor's,Employed,7118.0,1,A03778,56,owner,4,0.38,bachelor,2713.0,0.55,0.09,190,0.79,0.26,0.26,0,0,0,3,1,0.1645,0.217,0,Successful Borrower
U03779,22,Bachelor's,Employed,10456.0,2,A03779,36,rent,4,0.4,bachelor,3184.0,0.73,0.02,268,0.97,0.26,0.18,0,0,1,3,0,0.0864,0.1235,0,Successful Borrower
U03780,20,High School,Employed,2880.0,1,A03780,10,rent,15,0.48,highschool,1951.0,0.69,0.08,80,0.86,0.26,0.35,0,0,0,2,0,0.2118,0.2135,1,Defaulted
U03781,25,Bachelor's,Student,4256.0,1,A03781,12,rent,19,0.33,bachelor,1830.0,0.7,0.13,134,0.78,0.2,0.3,0,0,0,3,0,0.0601,0.2215,0,Successful Borrower
U03782,26,Bachelor's,Employed,8547.0,2,A03782,55,rent,9,0.51,bachelor,3215.0,0.6,0.09,193,0.72,0.3,0.51,0,0,0,3,1,0.0749,0.314,1,Defaulted
U03783,23,High School,Unemployed,3353.0,2,A03783,3,rent,4,0.65,highschool,1932.0,0.51,0.17,100,0.62,0.47,0.55,0,0,0,3,1,0.0884,0.4135,1,Defaulted
U03784,26,Master's,Employed,10049.0,3,A03784,37,rent,4,0.71,master,2505.0,0.64,0.07,223,0.81,0.34,0.41,0,0,0,3,0,0.0668,0.2645,1,Defaulted
U03785,25,Diploma,Student,1903.0,2,A03785,4,rent,5,0.61,cert,491.0,0.7,0.1,87,0.78,0.36,0.27,0,0,0,1,1,0.0082,0.2495,1,Defaulted
U03786,24,Diploma,Employed,9192.0,2,A03786,20,rent,24,0.68,cert,3000.0,0.69,0.05,235,0.9,0.19,0.26,0,0,0,3,1,0.0,0.155,0,Successful Borrower
U03787,20,Bachelor's,Student,2995.0,2,A03787,10,rent,14,0.46,bachelor,1400.0,0.54,0.14,40,0.56,0.54,0.61,0,0,0,1,2,0.0,0.4625,1,Defaulted
U03788,22,Bachelor's,Employed,8757.0,2,A03788,46,owner,3,0.58,bachelor,3373.0,0.6,0.06,200,0.87,0.33,0.24,0,0,0,3,0,0.2078,0.197,0,Successful Borrower
U03789,20,Master's,Employed,13103.0,2,A03789,39,owner,0,0.44,master,4734.0,0.42,0.08,252,0.79,0.36,0.31,0,0,0,2,0,0.0618,0.253,1,Defaulted
U03790,24,Bachelor's,Employed,6482.0,2,A03790,6,rent,8,0.52,bachelor,3088.0,0.48,0.15,114,0.65,0.37,0.53,0,1,0,2,0,0.1538,0.37,1,Defaulted
U03791,22,Diploma,Self-Employed,6520.0,1,A03791,11,rent,23,0.49,cert,1224.0,0.56,0.15,102,0.88,0.19,0.33,0,0,0,3,0,0.0401,0.1945,0,Successful Borrower
U03792,26,Bachelor's,Student,3941.0,3,A03792,10,none,0,0.58,bachelor,1730.0,0.68,0.08,116,0.73,0.27,0.47,0,0,0,2,0,0.0831,0.2915,0,Successful Borrower
U03793,22,High School,Employed,5709.0,2,A03793,42,none,0,0.52,highschool,1805.0,0.68,0.08,170,0.81,0.26,0.35,0,0,0,3,1,0.0573,0.231,0,Successful Borrower
U03794,23,Bachelor's,Employed,7854.0,2,A03794,41,owner,3,0.58,bachelor,1959.0,0.71,0.05,195,0.89,0.27,0.31,0,0,0,2,1,0.0143,0.191,0,Successful Borrower
U03795,25,Bachelor's,Employed,10652.0,1,A03795,40,none,0,0.65,bachelor,1173.0,0.63,0.04,302,0.98,0.17,0.15,0,0,0,3,1,0.0673,0.093,0,Successful Borrower
U03796,25,Bachelor's,Employed,10301.0,2,A03796,53,owner,0,0.39,bachelor,3966.0,0.44,0.17,208,0.68,0.45,0.61,0,0,0,3,2,0.1412,0.4025,0,Successful Borrower
U03797,21,Diploma,Student,4290.0,3,A03797,12,none,3,0.52,cert,1585.0,0.63,0.03,138,0.8,0.32,0.36,0,0,0,2,1,0.2497,0.2445,0,Successful Borrower
U03798,22,Bachelor's,Unemployed,2384.0,2,A03798,5,none,1,0.42,bachelor,1622.0,0.57,0.2,88,0.7,0.49,0.46,0,0,0,2,1,0.0836,0.3725,1,Defaulted
U03799,22,Bachelor's,Self-Employed,6313.0,3,A03799,22,rent,22,0.48,bachelor,3630.0,0.64,0.2,25,0.66,0.43,0.46,0,0,1,0,2,0.101,0.3715,1,Defaulted
U03800,22,Master's,Employed,7625.0,1,A03800,34,rent,6,0.48,master,4627.0,0.84,0.15,158,0.7,0.42,0.54,0,0,0,2,0,0.0111,0.3675,1,Defaulted
U03801,25,Bachelor's,Self-Employed,6432.0,3,A03801,8,rent,21,0.5,bachelor,1753.0,0.54,0.14,148,0.78,0.19,0.15,0,0,0,2,0,0.0724,0.183,0,Successful Borrower
U03802,24,Bachelor's,Employed,8110.0,1,A03802,10,none,4,0.71,bachelor,5519.0,0.52,0.12,117,0.7,0.41,0.46,0,0,1,3,0,0.0,0.3405,1,Defaulted
U03803,23,Diploma,Student,3090.0,3,A03803,12,none,2,0.3,cert,1893.0,0.77,0.12,52,0.73,0.36,0.39,0,0,0,2,1,0.0,0.3,1,Defaulted
U03804,20,Master's,Self-Employed,8466.0,2,A03804,45,owner,2,0.64,master,3476.0,0.46,0.13,199,0.77,0.39,0.4,0,0,0,3,0,0.0086,0.2975,0,Successful Borrower
U03805,26,Bachelor's,Self-Employed,8607.0,3,A03805,59,rent,4,0.4,bachelor,3793.0,0.71,0.14,151,0.72,0.32,0.47,0,0,0,2,2,0.0875,0.3165,0,Successful Borrower
U03806,25,High School,Employed,8865.0,2,A03806,18,none,2,0.63,highschool,3596.0,0.57,0.11,185,0.68,0.31,0.64,0,0,0,2,1,0.0019,0.366,1,Defaulted
U03807,22,Bachelor's,Unemployed,2015.0,2,A03807,6,rent,14,0.45,bachelor,801.0,0.69,0.17,89,0.74,0.39,0.39,0,0,0,1,0,0.0451,0.3115,1,Defaulted
U03808,23,High School,Self-Employed,9540.0,1,A03808,46,rent,10,0.47,highschool,3783.0,0.48,0.14,103,0.84,0.19,0.3,0,0,0,2,1,0.01,0.1995,1,Defaulted
U03809,26,Bachelor's,Self-Employed,11252.0,2,A03809,39,none,3,0.56,bachelor,3452.0,0.54,0.18,214,0.7,0.28,0.45,0,0,0,2,0,0.0162,0.3145,0,Successful Borrower
U03810,23,Master's,Self-Employed,7537.0,1,A03810,14,owner,0,0.62,master,3874.0,0.6,0.19,163,0.69,0.37,0.42,0,0,0,3,0,0.0477,0.3345,1,Defaulted
U03811,25,Bachelor's,Self-Employed,8279.0,3,A03811,7,rent,22,0.7,bachelor,3973.0,0.58,0.18,141,0.66,0.32,0.52,0,0,0,1,1,0.0421,0.356,0,Successful Borrower
U03812,24,Bachelor's,Unemployed,2951.0,3,A03812,3,rent,14,0.6,bachelor,1082.0,0.59,0.13,72,0.72,0.42,0.44,0,0,0,1,0,0.2063,0.3325,0,Successful Borrower
U03813,23,Bachelor's,Unemployed,2458.0,1,A03813,0,rent,9,0.61,bachelor,940.0,0.67,0.08,79,0.86,0.3,0.35,0,0,0,2,0,0.0568,0.2235,0,Successful Borrower
U03814,23,High School,Employed,9536.0,1,A03814,30,owner,2,0.68,highschool,4218.0,0.74,0.13,199,0.73,0.38,0.59,0,0,0,2,0,0.1042,0.3565,0,Successful Borrower
U03815,22,Diploma,Employed,8302.0,1,A03815,56,rent,13,0.73,cert,3470.0,0.7,0.15,102,0.73,0.29,0.51,0,0,0,3,1,0.1362,0.317,1,Defaulted
U03816,25,Diploma,Student,3388.0,2,A03816,1,rent,10,0.54,cert,1283.0,0.73,0.1,93,0.81,0.32,0.26,0,0,0,3,0,0.1434,0.2265,1,Defaulted
U03817,24,High School,Self-Employed,9894.0,3,A03817,55,none,0,0.53,highschool,3166.0,0.58,0.21,237,0.69,0.41,0.61,0,0,1,3,2,0.113,0.395,1,Defaulted
U03818,21,Bachelor's,Employed,8549.0,3,A03818,41,owner,3,0.31,bachelor,3594.0,0.6,0.09,203,0.82,0.26,0.24,0,0,0,2,0,0.1803,0.2015,1,Defaulted
U03819,23,Bachelor's,Self-Employed,8477.0,3,A03819,42,rent,19,0.58,bachelor,3936.0,0.76,0.18,116,0.77,0.29,0.37,0,0,0,2,0,0.0352,0.2725,1,Defaulted
U03820,22,PhD,Student,4987.0,3,A03820,11,owner,0,0.46,phd,2219.0,0.63,0.08,126,0.86,0.21,0.27,0,0,0,3,1,0.0795,0.181,0,Successful Borrower
U03821,23,Master's,Employed,8882.0,3,A03821,19,rent,14,0.51,master,2482.0,0.6,0.11,244,0.74,0.31,0.35,0,0,0,3,1,0.1933,0.2725,1,Defaulted
U03822,26,Bachelor's,Unemployed,3125.0,2,A03822,6,rent,24,0.52,bachelor,2139.0,0.67,0.22,27,0.68,0.4,0.55,0,0,0,2,2,0.0046,0.3825,1,Defaulted
U03823,22,Master's,Employed,7937.0,2,A03823,30,owner,3,0.75,master,3150.0,0.59,0.09,222,0.65,0.35,0.46,0,0,0,2,0,0.061,0.3385,0,Successful Borrower
U03824,21,Bachelor's,Employed,8208.0,2,A03824,34,rent,12,0.45,bachelor,2852.0,0.63,0.02,248,0.87,0.28,0.32,0,0,0,2,0,0.0716,0.1985,0,Successful Borrower
U03825,22,High School,Self-Employed,6624.0,2,A03825,55,owner,4,0.36,highschool,1555.0,0.53,0.16,151,0.86,0.18,0.18,0,0,0,1,1,0.0094,0.163,0,Successful Borrower
U03826,23,Master's,Self-Employed,6728.0,2,A03826,34,rent,7,0.3,master,2557.0,0.61,0.1,126,0.87,0.27,0.29,0,0,0,0,1,0.1158,0.2005,0,Successful Borrower
U03827,26,High School,Employed,8037.0,1,A03827,18,rent,22,0.58,highschool,3851.0,0.6,0.05,187,0.93,0.11,0.04,0,0,0,3,0,0.0876,0.0695,0,Successful Borrower
U03828,24,Diploma,Employed,7681.0,2,A03828,51,owner,0,0.49,cert,3906.0,0.47,0.11,177,0.74,0.34,0.37,0,0,0,2,1,0.0,0.285,0,Successful Borrower
U03829,25,Bachelor's,Self-Employed,11274.0,2,A03829,36,none,2,0.54,bachelor,4306.0,0.59,0.15,139,0.67,0.33,0.5,0,0,0,2,0,0.0421,0.3455,1,Defaulted
U03830,25,Diploma,Student,5000.0,2,A03830,10,rent,11,0.51,cert,1900.0,0.61,0.09,117,0.79,0.29,0.3,0,0,0,1,0,0.0979,0.2345,0,Successful Borrower
U03831,26,High School,Employed,6148.0,2,A03831,8,none,3,0.66,highschool,2611.0,0.64,0.1,102,0.83,0.28,0.4,0,0,0,3,1,0.0059,0.2445,0,Successful Borrower
U03832,26,High School,Employed,9123.0,2,A03832,38,none,3,0.57,highschool,4345.0,0.58,0.1,169,0.88,0.17,0.27,0,0,0,3,2,0.1254,0.167,0,Successful Borrower
U03833,23,Master's,Employed,8057.0,2,A03833,38,rent,8,0.43,master,2920.0,0.66,0.11,176,0.71,0.32,0.44,0,0,0,3,0,0.1806,0.308,1,Defaulted
U03834,21,Bachelor's,Student,3608.0,3,A03834,10,rent,9,0.3,bachelor,2131.0,0.59,0.04,126,0.84,0.25,0.21,0,0,0,3,0,0.2993,0.177,0,Successful Borrower
U03835,21,Bachelor's,Employed,8630.0,2,A03835,56,rent,16,0.43,bachelor,3268.0,0.51,0.07,219,0.86,0.1,0.32,0,0,0,3,0,0.0651,0.1645,0,Successful Borrower
U03836,23,Bachelor's,Employed,9203.0,1,A03836,57,owner,0,0.62,bachelor,4536.0,0.42,0.1,148,0.69,0.4,0.54,0,0,0,2,0,0.1452,0.3585,1,Defaulted
U03837,23,Bachelor's,Self-Employed,8523.0,2,A03837,29,rent,12,0.36,bachelor,4809.0,0.45,0.2,108,0.79,0.26,0.33,0,0,0,2,0,0.0749,0.251,0,Successful Borrower
U03838,24,Diploma,Unemployed,3347.0,2,A03838,0,rent,22,0.51,cert,2469.0,0.69,0.19,108,0.64,0.49,0.32,0,0,0,3,1,0.0521,0.357,0,Successful Borrower
U03839,20,Master's,Student,2495.0,1,A03839,7,rent,11,0.52,master,1595.0,0.73,0.08,46,0.83,0.25,0.4,0,0,0,3,1,0.0,0.234,0,Successful Borrower
U03840,26,High School,Employed,5215.0,1,A03840,49,rent,8,0.62,highschool,1096.0,0.43,0.04,166,0.91,0.2,0.25,0,0,0,3,1,0.0846,0.15,0,Successful Borrower
U03841,22,Bachelor's,Employed,9112.0,2,A03841,40,none,3,0.6,bachelor,4544.0,0.59,0.08,219,0.87,0.18,0.23,0,0,0,3,1,0.0026,0.16,0,Successful Borrower
U03842,20,Bachelor's,Employed,9626.0,3,A03842,57,rent,21,0.4,bachelor,2304.0,0.4,0.08,226,0.82,0.22,0.42,0,0,0,3,0,0.1192,0.235,0,Successful Borrower
U03843,21,PhD,Employed,7195.0,3,A03843,27,rent,21,0.37,phd,1028.0,0.39,0.07,175,0.87,0.19,0.23,0,0,0,3,0,0.0563,0.161,0,Successful Borrower
U03844,23,Bachelor's,Employed,8601.0,2,A03844,17,rent,22,0.3,bachelor,2633.0,0.44,0.08,224,0.82,0.24,0.36,0,0,0,3,0,0.0667,0.225,1,Defaulted
U03845,20,Bachelor's,Self-Employed,6890.0,2,A03845,27,rent,24,0.67,bachelor,2004.0,0.43,0.14,172,0.74,0.31,0.33,0,0,0,1,0,0.2268,0.272,0,Successful Borrower
U03846,21,High School,Self-Employed,5881.0,2,A03846,19,rent,21,0.54,highschool,3053.0,0.63,0.2,112,0.75,0.3,0.49,0,0,0,2,1,0.2296,0.315,0,Successful Borrower
U03847,20,High School,Employed,9109.0,3,A03847,57,rent,14,0.63,highschool,3263.0,0.54,0.03,220,0.84,0.24,0.33,0,0,0,2,1,0.2432,0.203,0,Successful Borrower
U03848,20,Master's,Employed,7230.0,2,A03848,45,owner,3,0.53,master,2672.0,0.6,0.07,189,0.86,0.21,0.31,0,0,0,2,0,0.0,0.1895,0,Successful Borrower
U03849,26,Bachelor's,Self-Employed,10321.0,3,A03849,44,rent,22,0.54,bachelor,3486.0,0.65,0.18,148,0.73,0.38,0.34,0,0,0,2,0,0.0,0.3015,0,Successful Borrower
U03850,25,Master's,Unemployed,3778.0,2,A03850,5,none,3,0.61,master,947.0,0.58,0.1,117,0.76,0.33,0.37,0,0,0,3,0,0.1375,0.274,0,Successful Borrower
U03851,26,Diploma,Employed,7956.0,1,A03851,50,owner,4,0.66,cert,2044.0,0.65,0.03,206,0.96,0.31,0.19,0,0,0,2,0,0.0322,0.1435,1,Defaulted
U03852,23,Bachelor's,Employed,9298.0,2,A03852,20,rent,24,0.34,bachelor,3907.0,0.61,0.1,238,0.86,0.24,0.33,0,0,0,3,1,0.0067,0.2065,0,Successful Borrower
U03853,22,Master's,Self-Employed,7949.0,1,A03853,3,rent,5,0.64,master,3292.0,0.46,0.17,129,0.77,0.26,0.33,0,0,0,1,1,0.177,0.2535,1,Defaulted
U03854,22,Bachelor's,Employed,9164.0,2,A03854,40,none,1,0.42,bachelor,4240.0,0.48,0.14,138,0.61,0.43,0.54,0,0,0,1,0,0.1711,0.4,1,Defaulted
U03855,21,High School,Employed,9212.0,2,A03855,47,owner,1,0.4,highschool,3323.0,0.6,0.04,294,0.77,0.27,0.34,0,0,0,2,0,0.0,0.239,0,Successful Borrower
U03856,26,Bachelor's,Employed,5382.0,2,A03856,51,rent,23,0.6,bachelor,3228.0,0.7,0.13,74,0.8,0.27,0.43,0,0,0,2,0,0.1299,0.2645,0,Successful Borrower
U03857,21,Master's,Employed,9773.0,2,A03857,55,rent,12,0.56,master,4736.0,0.45,0.09,154,0.66,0.37,0.53,0,0,0,3,0,0.0,0.3575,1,Defaulted
U03858,21,Master's,Employed,9603.0,3,A03858,59,owner,2,0.5,master,3498.0,0.73,0.04,125,0.7,0.34,0.49,0,1,0,3,0,0.0316,0.3185,0,Successful Borrower
U03859,26,Bachelor's,Student,3852.0,1,A03859,12,rent,6,0.58,bachelor,1933.0,0.85,0.09,103,0.69,0.38,0.35,0,0,0,3,1,0.1767,0.3045,0,Successful Borrower
U03860,21,Master's,Employed,7892.0,3,A03860,49,rent,7,0.67,master,2678.0,0.6,0.03,182,0.9,0.18,0.2,0,0,0,2,0,0.0464,0.1345,0,Successful Borrower
U03861,24,Diploma,Student,2269.0,3,A03861,1,rent,21,0.31,cert,300.0,0.45,0.07,92,0.69,0.45,0.54,1,0,0,2,0,0.0188,0.3665,1,Defaulted
U03862,22,Master's,Student,4632.0,3,A03862,2,rent,6,0.35,master,2600.0,0.38,0.16,64,0.65,0.34,0.48,0,0,0,0,0,0.1539,0.3515,1,Defaulted
U03863,25,Diploma,Student,4373.0,2,A03863,3,rent,21,0.3,cert,1459.0,0.55,0.06,140,0.88,0.19,0.21,0,0,0,3,0,0.0678,0.151,0,Successful Borrower
U03864,20,Master's,Employed,7204.0,1,A03864,21,none,0,0.61,master,2848.0,0.44,0.07,90,0.68,0.31,0.49,0,0,0,2,0,0.0,0.3225,0,Successful Borrower
U03865,21,Diploma,Employed,10268.0,1,A03865,37,owner,0,0.62,cert,4111.0,0.67,0.09,209,0.73,0.28,0.48,0,0,0,2,0,0.0846,0.298,1,Defaulted
U03866,23,Master's,Student,2036.0,2,A03866,9,rent,22,0.49,master,901.0,0.52,0.14,61,0.69,0.34,0.4,0,0,0,1,0,0.0553,0.3145,1,Defaulted
U03867,23,Diploma,Self-Employed,7041.0,3,A03867,10,owner,4,0.3,cert,3211.0,0.57,0.18,80,0.71,0.39,0.44,0,0,0,1,0,0.089,0.336,0,Successful Borrower
U03868,20,Bachelor's,Employed,8266.0,3,A03868,59,rent,19,0.69,bachelor,3669.0,0.53,0.06,143,0.77,0.37,0.33,0,0,0,3,0,0.0254,0.2645,0,Successful Borrower
U03869,26,Bachelor's,Unemployed,3809.0,3,A03869,6,rent,5,0.41,bachelor,994.0,0.55,0.14,111,0.79,0.4,0.41,0,0,0,2,0,0.0322,0.297,1,Defaulted
U03870,22,Bachelor's,Student,4803.0,1,A03870,6,rent,6,0.5,bachelor,2964.0,0.65,0.12,97,0.64,0.42,0.61,0,0,0,3,1,0.2191,0.4015,1,Defaulted
U03871,23,Bachelor's,Employed,10234.0,3,A03871,55,rent,13,0.51,bachelor,4190.0,0.58,0.05,140,0.88,0.28,0.21,0,0,0,3,1,0.0458,0.172,0,Successful Borrower
U03872,26,Bachelor's,Student,3903.0,2,A03872,9,rent,17,0.59,bachelor,1216.0,0.64,0.08,120,0.82,0.3,0.21,0,0,0,2,0,0.0639,0.2025,1,Defaulted
U03873,26,High School,Employed,8407.0,1,A03873,26,rent,12,0.54,highschool,3162.0,0.53,0.06,168,0.76,0.32,0.44,0,0,0,3,2,0.1441,0.283,0,Successful Borrower
U03874,21,Master's,Student,2553.0,3,A03874,9,rent,15,0.63,master,1680.0,0.63,0.08,49,0.68,0.42,0.47,0,0,0,1,0,0.0,0.3465,1,Defaulted
U03875,23,Bachelor's,Employed,7649.0,2,A03875,8,rent,7,0.46,bachelor,2951.0,0.49,0.13,221,0.82,0.26,0.48,0,0,0,3,0,0.0635,0.2675,0,Successful Borrower
U03876,23,Bachelor's,Self-Employed,8601.0,2,A03876,44,rent,11,0.48,bachelor,4175.0,0.43,0.17,127,0.77,0.24,0.37,0,0,0,3,2,0.1007,0.2585,0,Successful Borrower
U03877,26,Diploma,Employed,5028.0,3,A03877,46,rent,22,0.62,cert,2423.0,0.77,0.1,140,0.72,0.36,0.28,0,0,0,1,1,0.0082,0.273,1,Defaulted
U03878,26,Diploma,Student,2956.0,3,A03878,7,none,4,0.48,cert,1564.0,0.69,0.13,57,0.88,0.24,0.22,0,0,0,1,0,0.1238,0.1765,0,Successful Borrower
U03879,21,Bachelor's,Self-Employed,9509.0,3,A03879,53,owner,1,0.68,bachelor,3081.0,0.56,0.18,189,0.9,0.13,0.12,0,0,0,3,2,0.0,0.1245,0,Successful Borrower
U03880,22,Bachelor's,Student,3917.0,1,A03880,3,none,4,0.51,bachelor,1652.0,0.53,0.07,68,0.73,0.39,0.31,0,0,0,2,3,0.0742,0.28,0,Successful Borrower
U03881,26,Bachelor's,Self-Employed,7914.0,1,A03881,49,rent,16,0.45,bachelor,2258.0,0.66,0.15,162,0.81,0.2,0.32,0,0,0,2,2,0.0554,0.219,0,Successful Borrower
U03882,21,Master's,Employed,8488.0,3,A03882,48,none,1,0.59,master,5572.0,0.6,0.11,135,0.72,0.46,0.44,0,0,0,2,0,0.2133,0.3395,0,Successful Borrower
U03883,24,High School,Self-Employed,5209.0,2,A03883,43,rent,20,0.39,highschool,2862.0,0.73,0.14,100,0.72,0.25,0.46,0,0,0,2,2,0.0,0.2965,0,Successful Borrower
U03884,25,Bachelor's,Employed,12678.0,2,A03884,26,owner,1,0.49,bachelor,4147.0,0.57,0.09,282,0.75,0.35,0.47,0,0,0,2,1,0.0397,0.306,0,Successful Borrower
U03885,22,Bachelor's,Student,3827.0,1,A03885,10,rent,21,0.75,bachelor,2120.0,0.73,0.12,131,0.75,0.29,0.48,0,0,0,3,0,0.0497,0.298,1,Defaulted
U03886,21,Bachelor's,Employed,5027.0,2,A03886,50,rent,5,0.67,bachelor,1630.0,0.69,0.1,163,0.94,0.21,0.2,0,0,0,3,0,0.1706,0.1385,0,Successful Borrower
U03887,22,Diploma,Employed,9859.0,3,A03887,20,owner,2,0.42,cert,4125.0,0.73,0.13,175,0.7,0.29,0.48,0,0,0,2,1,0.0205,0.317,0,Successful Borrower
U03888,22,Bachelor's,Student,2918.0,3,A03888,2,rent,24,0.42,bachelor,643.0,0.53,0.03,83,0.89,0.21,0.18,0,0,0,0,0,0.0922,0.1405,0,Successful Borrower
U03889,22,Bachelor's,Employed,9103.0,2,A03889,32,owner,1,0.56,bachelor,3712.0,0.64,0.12,216,0.8,0.35,0.3,0,0,0,2,1,0.1093,0.2505,0,Successful Borrower
U03890,21,Bachelor's,Student,4350.0,2,A03890,7,none,2,0.66,bachelor,2015.0,0.78,0.06,103,0.75,0.29,0.38,0,0,0,3,0,0.028,0.264,0,Successful Borrower
U03891,20,Diploma,Employed,7169.0,2,A03891,44,rent,9,0.4,cert,1735.0,0.55,0.08,239,0.85,0.29,0.52,0,0,0,2,1,0.052,0.267,1,Defaulted
U03892,22,Bachelor's,Self-Employed,6967.0,3,A03892,48,rent,8,0.42,bachelor,2586.0,0.45,0.16,127,0.84,0.23,0.37,0,0,0,3,1,0.0211,0.23,0,Successful Borrower
U03893,24,Master's,Student,3321.0,3,A03893,8,rent,23,0.76,master,1930.0,0.77,0.13,47,0.81,0.29,0.31,0,0,0,0,2,0.0718,0.236,0,Successful Borrower
U03894,23,Diploma,Self-Employed,8818.0,2,A03894,22,rent,18,0.3,cert,4872.0,0.63,0.24,119,0.56,0.44,0.72,0,0,0,2,2,0.0898,0.48,1,Defaulted
U03895,25,Bachelor's,Employed,6852.0,3,A03895,7,none,0,0.83,bachelor,2763.0,0.58,0.08,197,0.95,0.13,0.31,0,0,0,3,0,0.0474,0.1395,0,Successful Borrower
U03896,23,Bachelor's,Employed,9740.0,3,A03896,27,owner,1,0.62,bachelor,2367.0,0.47,0.02,264,1.0,0.19,0.1,0,0,0,3,1,0.1336,0.0755,0,Successful Borrower
U03897,23,Bachelor's,Employed,7763.0,3,A03897,57,rent,10,0.61,bachelor,4264.0,0.46,0.19,104,0.63,0.37,0.62,1,0,0,3,2,0.2155,0.4055,1,Defaulted
U03898,25,Bachelor's,Student,2168.0,2,A03898,12,rent,13,0.39,bachelor,2004.0,0.57,0.14,0,0.56,0.52,0.63,0,0,0,1,3,0.1369,0.4625,1,Defaulted
U03899,22,Bachelor's,Student,3512.0,2,A03899,6,rent,12,0.61,bachelor,874.0,0.57,0.03,117,1.0,0.14,0.14,0,0,0,3,0,0.1059,0.0745,0,Successful Borrower
U03900,25,Bachelor's,Employed,7457.0,2,A03900,18,rent,17,0.52,bachelor,3991.0,0.55,0.1,155,0.65,0.32,0.53,0,0,0,2,1,0.156,0.35,0,Successful Borrower
U03901,25,Bachelor's,Employed,9190.0,3,A03901,47,rent,22,0.45,bachelor,3868.0,0.42,0.15,190,0.72,0.3,0.47,0,0,0,2,0,0.0851,0.313,1,Defaulted
U03902,23,Bachelor's,Employed,10394.0,3,A03902,30,rent,12,0.54,bachelor,4619.0,0.52,0.07,237,0.82,0.31,0.33,0,0,0,3,1,0.1853,0.2335,0,Successful Borrower
U03903,23,Diploma,Unemployed,2630.0,2,A03903,5,rent,4,0.41,cert,949.0,0.59,0.12,63,0.7,0.43,0.45,0,0,0,1,1,0.0,0.343,1,Defaulted
U03904,20,Bachelor's,Student,3463.0,1,A03904,10,rent,13,0.55,bachelor,1697.0,0.5,0.05,108,0.75,0.4,0.46,0,0,0,3,0,0.2171,0.31,0,Successful Borrower
U03905,20,Bachelor's,Student,3922.0,2,A03905,4,owner,3,0.5,bachelor,2561.0,0.71,0.14,69,0.65,0.47,0.53,0,0,0,3,0,0.2575,0.3935,0,Successful Borrower
U03906,22,Bachelor's,Employed,8447.0,3,A03906,44,rent,17,0.51,bachelor,4933.0,0.59,0.16,127,0.64,0.42,0.58,0,0,0,3,0,0.1038,0.4,0,Successful Borrower
U03907,21,Bachelor's,Employed,7882.0,1,A03907,45,owner,4,0.69,bachelor,3997.0,0.44,0.13,76,0.69,0.37,0.55,0,0,0,1,1,0.0745,0.358,1,Defaulted
U03908,22,Bachelor's,Employed,11519.0,2,A03908,55,rent,18,0.31,bachelor,4618.0,0.47,0.08,232,0.9,0.2,0.2,0,0,0,3,0,0.0382,0.147,0,Successful Borrower
U03909,21,Bachelor's,Student,3880.0,2,A03909,10,none,2,0.3,bachelor,1303.0,0.62,0.05,95,0.76,0.34,0.41,0,0,0,3,1,0.0945,0.279,0,Successful Borrower
U03910,22,High School,Student,3301.0,3,A03910,11,rent,15,0.3,highschool,1259.0,0.63,0.06,94,0.81,0.29,0.38,0,0,0,2,1,0.1334,0.243,1,Defaulted
U03911,25,High School,Self-Employed,9639.0,2,A03911,35,owner,2,0.3,highschool,2981.0,0.37,0.15,226,0.83,0.23,0.35,0,0,0,3,0,0.0988,0.227,0,Successful Borrower
U03912,25,Diploma,Student,3003.0,2,A03912,7,rent,9,0.49,cert,1754.0,0.6,0.17,96,0.67,0.45,0.52,0,0,0,3,1,0.0029,0.3835,1,Defaulted
U03913,21,High School,Employed,6709.0,3,A03913,18,owner,4,0.67,highschool,3233.0,0.68,0.08,111,0.87,0.16,0.25,0,0,0,1,0,0.0352,0.16,0,Successful Borrower
U03914,22,Bachelor's,Student,4820.0,3,A03914,3,rent,20,0.37,bachelor,2317.0,0.59,0.17,94,0.6,0.4,0.55,0,0,0,2,0,0.0779,0.403,1,Defaulted
U03915,26,High School,Employed,7178.0,2,A03915,57,none,2,0.45,highschool,2336.0,0.65,0.1,204,0.88,0.18,0.36,0,0,0,1,0,0.0611,0.192,0,Successful Borrower
U03916,24,Bachelor's,Unemployed,1954.0,3,A03916,1,rent,13,0.7,bachelor,631.0,0.76,0.14,66,0.83,0.39,0.29,0,0,0,2,0,0.1941,0.2505,0,Successful Borrower
U03917,22,Bachelor's,Employed,9330.0,3,A03917,54,owner,0,0.51,bachelor,2738.0,0.62,0.07,255,0.88,0.22,0.25,0,0,0,2,1,0.2603,0.17,0,Successful Borrower
U03918,25,Diploma,Employed,11196.0,1,A03918,55,none,1,0.45,cert,995.0,0.57,0.05,262,1.0,0.11,0.11,0,0,0,2,0,0.0666,0.0625,0,Successful Borrower
U03919,22,Diploma,Self-Employed,7091.0,3,A03919,16,owner,2,0.5,cert,2933.0,0.63,0.15,146,0.82,0.17,0.29,0,0,0,3,1,0.034,0.2005,1,Defaulted
U03920,26,Master's,Employed,9209.0,1,A03920,11,rent,8,0.62,master,2766.0,0.53,0.07,183,0.83,0.21,0.34,0,0,0,2,0,0.0578,0.2075,0,Successful Borrower
U03921,24,High School,Employed,5851.0,1,A03921,37,owner,4,0.81,highschool,3111.0,0.73,0.12,144,0.8,0.3,0.45,0,0,0,2,0,0.0631,0.2755,0,Successful Borrower
U03922,21,Diploma,Employed,7347.0,2,A03922,35,rent,7,0.5,cert,3810.0,0.62,0.16,142,0.72,0.31,0.39,0,0,0,3,0,0.1954,0.297,1,Defaulted
U03923,25,Master's,Self-Employed,10874.0,3,A03923,38,owner,1,0.49,master,2942.0,0.69,0.16,244,0.82,0.25,0.36,0,0,0,3,0,0.1302,0.2395,0,Successful Borrower
U03924,25,High School,Student,4695.0,3,A03924,2,owner,0,0.67,highschool,2581.0,0.64,0.09,13,0.68,0.29,0.44,0,0,0,2,0,0.1221,0.308,1,Defaulted
U03925,24,Bachelor's,Employed,11034.0,2,A03925,37,rent,12,0.3,bachelor,4244.0,0.37,0.1,180,0.8,0.21,0.42,0,0,0,3,0,0.0,0.2425,1,Defaulted
U03926,26,High School,Employed,8667.0,3,A03926,43,rent,19,0.38,highschool,3523.0,0.75,0.07,197,0.75,0.34,0.27,0,0,0,3,0,0.0577,0.2505,0,Successful Borrower
U03927,23,Bachelor's,Employed,10470.0,3,A03927,26,rent,17,0.45,bachelor,2058.0,0.67,0.05,267,0.98,0.16,0.12,0,0,0,3,1,0.1812,0.0845,0,Successful Borrower
U03928,20,Bachelor's,Unemployed,2617.0,1,A03928,5,rent,19,0.41,bachelor,1342.0,0.58,0.22,22,0.58,0.52,0.5,0,0,0,1,3,0.0049,0.435,0,Successful Borrower
U03929,21,Master's,Employed,8297.0,3,A03929,49,owner,1,0.44,master,3087.0,0.71,0.07,205,0.85,0.32,0.48,0,0,0,3,0,0.0878,0.263,0,Successful Borrower
U03930,20,Bachelor's,Unemployed,1712.0,2,A03930,3,rent,23,0.58,bachelor,792.0,0.74,0.15,24,0.67,0.51,0.43,0,0,0,1,0,0.1747,0.373,0,Successful Borrower
U03931,25,Master's,Employed,7157.0,2,A03931,53,rent,18,0.57,master,2965.0,0.53,0.05,159,0.78,0.34,0.26,0,0,0,1,0,0.1831,0.2345,0,Successful Borrower
U03932,20,Bachelor's,Employed,9414.0,2,A03932,60,owner,1,0.58,bachelor,4495.0,0.61,0.11,101,0.83,0.28,0.3,0,0,0,2,1,0.1025,0.221,0,Successful Borrower
U03933,26,Diploma,Student,3263.0,1,A03933,6,rent,11,0.55,cert,1560.0,0.65,0.04,40,0.9,0.13,0.2,0,0,0,3,1,0.1289,0.1235,0,Successful Borrower
U03934,22,Master's,Employed,8830.0,2,A03934,45,rent,12,0.5,master,3480.0,0.67,0.08,157,0.69,0.41,0.48,0,0,0,2,0,0.0098,0.343,1,Defaulted
U03935,21,Bachelor's,Employed,9432.0,2,A03935,42,rent,14,0.57,bachelor,3768.0,0.51,0.07,221,0.85,0.24,0.21,0,0,0,3,1,0.0855,0.1755,0,Successful Borrower
U03936,24,Bachelor's,Employed,9578.0,2,A03936,17,none,1,0.56,bachelor,2848.0,0.5,0.08,245,0.95,0.18,0.15,0,0,0,3,0,0.0,0.112,0,Successful Borrower
U03937,22,Bachelor's,Employed,9908.0,2,A03937,26,rent,5,0.79,bachelor,4383.0,0.6,0.12,154,0.83,0.26,0.37,0,0,0,3,0,0.0,0.235,0,Successful Borrower
U03938,24,Diploma,Student,3180.0,1,A03938,7,rent,18,0.49,cert,1521.0,0.68,0.09,47,0.67,0.37,0.51,0,0,0,1,0,0.0,0.349,1,Defaulted
U03939,24,Bachelor's,Self-Employed,5802.0,2,A03939,38,owner,3,0.3,bachelor,3366.0,0.58,0.21,140,0.69,0.35,0.4,0,0,0,3,2,0.0,0.3275,1,Defaulted
U03940,26,Bachelor's,Employed,9538.0,2,A03940,46,rent,13,0.63,bachelor,2493.0,0.85,0.02,249,1.0,0.16,0.16,0,0,0,3,1,0.0938,0.083,0,Successful Borrower
U03941,25,High School,Employed,10708.0,2,A03941,54,rent,4,0.55,highschool,5633.0,0.62,0.11,163,0.73,0.3,0.51,0,0,0,2,2,0.0121,0.3135,1,Defaulted
U03942,24,Bachelor's,Employed,7580.0,2,A03942,48,owner,1,0.68,bachelor,2043.0,0.54,0.07,174,0.84,0.24,0.27,0,0,0,3,0,0.0,0.194,0,Successful Borrower
U03943,22,Master's,Student,2577.0,1,A03943,4,rent,17,0.55,master,1827.0,0.66,0.3,60,0.56,0.62,0.69,0,1,0,1,3,0.0139,0.5265,1,Defaulted
U03944,26,Bachelor's,Self-Employed,9439.0,2,A03944,48,rent,20,0.31,bachelor,3569.0,0.48,0.17,153,0.67,0.36,0.49,0,0,0,3,0,0.0502,0.3535,1,Defaulted
U03945,23,Bachelor's,Employed,11238.0,2,A03945,29,none,4,0.46,bachelor,3970.0,0.63,0.09,236,0.88,0.21,0.18,0,0,0,2,0,0.1304,0.153,0,Successful Borrower
U03946,21,Bachelor's,Employed,10752.0,3,A03946,35,rent,19,0.63,bachelor,5092.0,0.66,0.14,220,0.75,0.39,0.45,0,0,0,3,0,0.1123,0.3185,1,Defaulted
U03947,26,Bachelor's,Unemployed,2896.0,2,A03947,2,rent,14,0.48,bachelor,1266.0,0.63,0.23,17,0.56,0.6,0.77,0,0,0,1,3,0.0625,0.531,1,Defaulted
U03948,20,Bachelor's,Self-Employed,9341.0,2,A03948,35,owner,3,0.37,bachelor,4680.0,0.85,0.24,111,0.57,0.44,0.59,0,0,1,3,0,0.1011,0.444,1,Defaulted
U03949,20,Bachelor's,Self-Employed,9034.0,3,A03949,27,owner,4,0.34,bachelor,3764.0,0.64,0.15,203,0.78,0.29,0.32,0,0,0,3,0,0.0,0.252,0,Successful Borrower
U03950,22,Bachelor's,Employed,7557.0,2,A03950,12,owner,2,0.6,bachelor,3741.0,0.66,0.07,180,0.81,0.24,0.43,0,0,1,3,1,0.0541,0.2445,0,Successful Borrower
U03951,20,High School,Employed,10259.0,2,A03951,56,owner,1,0.61,highschool,2624.0,0.55,0.06,251,0.96,0.14,0.1,0,0,0,3,0,0.1551,0.083,0,Successful Borrower
U03952,20,Master's,Employed,9351.0,2,A03952,28,owner,2,0.79,master,4881.0,0.57,0.07,128,0.66,0.33,0.56,0,0,0,1,0,0.0387,0.352,1,Defaulted
U03953,23,Bachelor's,Employed,7598.0,3,A03953,59,rent,6,0.43,bachelor,2419.0,0.59,0.05,210,0.81,0.26,0.36,0,0,0,3,0,0.0627,0.229,1,Defaulted
U03954,23,Bachelor's,Employed,10711.0,2,A03954,6,none,0,0.46,bachelor,1190.0,0.48,0.03,360,0.93,0.14,0.21,0,0,0,3,1,0.0,0.1165,0,Successful Borrower
U03955,20,Bachelor's,Employed,6288.0,3,A03955,41,rent,18,0.46,bachelor,2017.0,0.72,0.02,217,1.0,0.16,0.13,0,0,0,3,0,0.0425,0.0755,0,Successful Borrower
U03956,24,Diploma,Employed,7293.0,3,A03956,48,rent,8,0.49,cert,2881.0,0.65,0.11,163,0.8,0.25,0.48,0,0,0,2,1,0.1288,0.269,0,Successful Borrower
U03957,23,High School,Employed,7244.0,2,A03957,39,rent,16,0.42,highschool,1954.0,0.45,0.06,164,0.8,0.34,0.4,0,0,0,2,1,0.0576,0.264,0,Successful Borrower
U03958,20,Bachelor's,Employed,8776.0,2,A03958,7,owner,4,0.72,bachelor,3917.0,0.49,0.1,156,0.75,0.29,0.56,0,0,0,3,0,0.0741,0.315,0,Successful Borrower
U03959,22,Bachelor's,Self-Employed,9158.0,3,A03959,40,owner,4,0.55,bachelor,3314.0,0.49,0.11,243,0.85,0.18,0.23,0,0,0,2,0,0.1724,0.1715,1,Defaulted
U03960,26,Bachelor's,Unemployed,2012.0,1,A03960,3,rent,8,0.51,bachelor,963.0,0.7,0.11,70,0.72,0.41,0.37,0,0,0,2,0,0.0731,0.3095,0,Successful Borrower
U03961,26,PhD,Student,4238.0,2,A03961,10,owner,2,0.48,phd,2288.0,0.57,0.12,84,0.85,0.3,0.21,0,0,0,1,0,0.1001,0.198,0,Successful Borrower
U03962,24,Diploma,Employed,11970.0,2,A03962,57,owner,4,0.69,cert,2889.0,0.57,0.11,276,0.69,0.4,0.5,0,1,0,2,1,0.0,0.35,0,Successful Borrower
U03963,25,Bachelor's,Employed,6442.0,2,A03963,11,none,1,0.59,bachelor,2371.0,0.52,0.1,141,0.69,0.4,0.44,0,0,0,2,2,0.0,0.3335,1,Defaulted
U03964,26,Master's,Student,4622.0,3,A03964,1,rent,20,0.3,master,2521.0,0.56,0.13,77,0.59,0.45,0.45,0,0,0,2,0,0.0946,0.388,1,Defaulted
U03965,22,Bachelor's,Employed,6289.0,3,A03965,53,rent,9,0.76,bachelor,2212.0,0.75,0.07,150,0.86,0.34,0.32,0,0,0,2,1,0.0641,0.2245,0,Successful Borrower
U03966,22,High School,Employed,7883.0,3,A03966,60,rent,21,0.56,highschool,1180.0,0.58,0.02,258,0.94,0.17,0.26,0,0,0,3,0,0.0636,0.1315,0,Successful Borrower
U03967,22,High School,Employed,7342.0,1,A03967,14,rent,15,0.75,highschool,1831.0,0.75,0.07,147,0.9,0.19,0.27,0,0,0,3,2,0.137,0.1605,0,Successful Borrower
U03968,20,Bachelor's,Student,3332.0,3,A03968,12,rent,19,0.31,bachelor,782.0,0.85,0.07,113,0.92,0.11,0.23,0,0,0,3,1,0.1131,0.1235,0,Successful Borrower
U03969,23,Bachelor's,Employed,7419.0,2,A03969,11,rent,23,0.6,bachelor,3133.0,0.83,0.1,141,0.84,0.25,0.31,0,0,0,3,1,0.0,0.211,0,Successful Borrower
U03970,26,High School,Student,4165.0,2,A03970,8,rent,19,0.49,highschool,2217.0,0.63,0.06,53,0.79,0.34,0.31,0,0,0,2,0,0.1195,0.245,0,Successful Borrower
U03971,26,Master's,Employed,7095.0,2,A03971,28,rent,15,0.44,master,3548.0,0.58,0.13,159,0.74,0.26,0.6,0,1,0,2,0,0.0515,0.3255,1,Defaulted
U03972,25,Master's,Unemployed,2972.0,2,A03972,0,none,4,0.51,master,1170.0,0.54,0.19,93,0.59,0.51,0.6,0,0,0,1,3,0.0688,0.4495,1,Defaulted
U03973,21,High School,Employed,8603.0,2,A03973,49,rent,20,0.67,highschool,4648.0,0.56,0.05,157,0.89,0.25,0.19,0,0,0,3,2,0.0,0.156,0,Successful Borrower
U03974,25,Master's,Self-Employed,10831.0,2,A03974,28,none,0,0.58,master,2921.0,0.57,0.19,176,0.59,0.38,0.62,0,0,0,3,2,0.019,0.422,1,Defaulted
U03975,25,Bachelor's,Employed,7346.0,3,A03975,16,rent,7,0.44,bachelor,1842.0,0.56,0.04,217,0.79,0.31,0.28,0,0,0,3,1,0.0154,0.227,0,Successful Borrower
U03976,24,Bachelor's,Student,3771.0,2,A03976,1,rent,15,0.44,bachelor,2153.0,0.85,0.2,107,0.56,0.38,0.57,0,0,0,2,1,0.075,0.4215,1,Defaulted
U03977,22,Bachelor's,Student,4924.0,3,A03977,1,rent,12,0.65,bachelor,2961.0,0.74,0.11,39,0.63,0.39,0.47,0,0,0,2,0,0.0,0.361,0,Successful Borrower
U03978,24,Bachelor's,Employed,6947.0,2,A03978,59,rent,18,0.77,bachelor,3856.0,0.53,0.1,151,0.83,0.26,0.29,0,0,0,2,0,0.0883,0.212,0,Successful Borrower
U03979,23,Bachelor's,Employed,6728.0,3,A03979,7,owner,2,0.42,bachelor,2721.0,0.46,0.07,176,0.86,0.26,0.31,0,0,0,2,0,0.0,0.202,0,Successful Borrower
U03980,21,Bachelor's,Self-Employed,8865.0,2,A03980,8,rent,17,0.55,bachelor,3527.0,0.68,0.14,164,0.9,0.2,0.16,0,0,0,2,0,0.0396,0.146,0,Successful Borrower
U03981,23,Diploma,Self-Employed,9060.0,2,A03981,22,rent,23,0.47,cert,2618.0,0.63,0.13,234,0.81,0.26,0.29,0,0,0,2,1,0.0529,0.2235,0,Successful Borrower
U03982,26,High School,Employed,8676.0,1,A03982,51,none,0,0.77,highschool,3391.0,0.48,0.08,182,0.77,0.29,0.37,0,0,0,3,0,0.0498,0.2575,0,Successful Borrower
U03983,21,Diploma,Student,1501.0,3,A03983,4,rent,12,0.43,cert,1025.0,0.53,0.08,73,0.67,0.35,0.51,0,0,0,2,0,0.1202,0.3425,0,Successful Borrower
U03984,23,Master's,Self-Employed,4444.0,3,A03984,6,none,3,0.69,master,2101.0,0.6,0.14,78,0.78,0.28,0.3,0,0,0,0,1,0.019,0.243,0,Successful Borrower
U03985,23,Master's,Self-Employed,10860.0,1,A03985,27,rent,7,0.54,master,3610.0,0.54,0.13,201,0.82,0.27,0.4,0,0,0,3,0,0.0504,0.25,0,Successful Borrower
U03986,25,Diploma,Employed,6971.0,3,A03986,22,owner,0,0.61,cert,2266.0,0.77,0.1,166,0.72,0.28,0.3,0,0,0,3,0,0.0432,0.258,0,Successful Borrower
U03987,20,Bachelor's,Self-Employed,5064.0,2,A03987,33,rent,6,0.71,bachelor,1729.0,0.64,0.17,132,0.71,0.28,0.46,0,0,0,3,1,0.0434,0.312,0,Successful Borrower
U03988,20,Master's,Student,1996.0,1,A03988,7,rent,10,0.54,master,928.0,0.71,0.07,37,0.72,0.3,0.32,0,0,0,2,0,0.0696,0.2635,0,Successful Borrower
U03989,23,Bachelor's,Student,4843.0,3,A03989,11,rent,18,0.54,bachelor,1250.0,0.56,0.05,22,0.77,0.27,0.39,0,0,0,2,0,0.1954,0.253,1,Defaulted
U03990,25,Diploma,Employed,8075.0,3,A03990,59,rent,9,0.61,cert,4993.0,0.49,0.15,124,0.65,0.5,0.51,0,0,0,3,0,0.0642,0.3975,1,Defaulted
U03991,26,Bachelor's,Unemployed,2460.0,2,A03991,4,rent,8,0.48,bachelor,1054.0,0.65,0.14,114,0.74,0.42,0.47,0,0,0,2,0,0.1154,0.3345,0,Successful Borrower
U03992,23,PhD,Student,2724.0,2,A03992,10,none,2,0.57,phd,1538.0,0.72,0.08,67,0.81,0.34,0.3,0,0,0,2,0,0.1781,0.2385,1,Defaulted
U03993,21,Bachelor's,Unemployed,2183.0,3,A03993,1,rent,16,0.41,bachelor,947.0,0.59,0.13,32,0.65,0.49,0.43,0,0,0,2,0,0.0434,0.372,0,Successful Borrower
U03994,24,Diploma,Employed,9689.0,2,A03994,44,rent,11,0.43,cert,2125.0,0.62,0.05,264,0.91,0.17,0.24,0,0,1,2,0,0.0282,0.1415,0,Successful Borrower
U03995,26,High School,Self-Employed,9179.0,2,A03995,7,owner,2,0.3,highschool,2300.0,0.44,0.15,223,0.78,0.16,0.33,0,0,0,3,0,0.0912,0.222,1,Defaulted
U03996,22,Master's,Employed,7018.0,2,A03996,22,rent,8,0.74,master,2635.0,0.64,0.05,181,0.86,0.18,0.43,0,0,0,2,1,0.088,0.209,0,Successful Borrower
U03997,21,Bachelor's,Student,3063.0,2,A03997,4,rent,17,0.43,bachelor,1396.0,0.54,0.1,81,0.76,0.35,0.45,0,0,0,3,1,0.0108,0.299,0,Successful Borrower
U03998,23,Bachelor's,Unemployed,3523.0,2,A03998,6,rent,4,0.47,bachelor,1346.0,0.76,0.15,95,0.72,0.39,0.54,0,0,0,3,2,0.0,0.353,0,Successful Borrower
U03999,26,Bachelor's,Employed,10430.0,1,A03999,13,rent,18,0.68,bachelor,4327.0,0.72,0.08,195,0.81,0.28,0.4,0,0,0,2,0,0.1033,0.2485,0,Successful Borrower
U04000,22,Bachelor's,Employed,8410.0,3,A04000,28,owner,3,0.45,bachelor,1849.0,0.61,0.07,271,0.89,0.23,0.16,0,0,0,2,1,0.0544,0.1465,0,Successful Borrower
U04001,22,Diploma,Self-Employed,6977.0,2,A04001,47,owner,3,0.3,cert,1939.0,0.37,0.08,214,0.83,0.26,0.18,0,0,0,3,1,0.0637,0.1815,0,Successful Borrower
U04002,26,Bachelor's,Unemployed,3541.0,2,A04002,2,rent,12,0.61,bachelor,2349.0,0.5,0.21,75,0.61,0.56,0.55,0,0,0,0,2,0.1127,0.4455,1,Defaulted
U04003,22,Diploma,Unemployed,2687.0,2,A04003,3,rent,8,0.44,cert,1242.0,0.62,0.17,65,0.56,0.49,0.6,0,0,0,2,2,0.0183,0.452,1,Defaulted
U04004,24,Bachelor's,Student,3160.0,3,A04004,5,rent,6,0.3,bachelor,498.0,0.63,0.07,109,0.76,0.38,0.2,0,0,0,3,0,0.1304,0.2395,0,Successful Borrower
U04005,21,High School,Student,2575.0,1,A04005,2,rent,11,0.54,highschool,1420.0,0.63,0.07,81,0.75,0.38,0.38,0,0,0,0,1,0.0695,0.288,0,Successful Borrower
U04006,26,Diploma,Self-Employed,13361.0,2,A04006,59,owner,3,0.34,cert,3948.0,0.57,0.17,329,0.74,0.28,0.39,0,0,0,3,0,0.0,0.284,0,Successful Borrower
U04007,26,Bachelor's,Student,3242.0,3,A04007,5,rent,12,0.36,bachelor,2322.0,0.66,0.13,47,0.78,0.38,0.42,0,0,0,2,0,0.1255,0.2965,0,Successful Borrower
U04008,23,Master's,Unemployed,2839.0,2,A04008,2,rent,4,0.77,master,1459.0,0.69,0.13,49,0.76,0.3,0.39,0,0,0,2,1,0.1302,0.276,0,Successful Borrower
U04009,22,Diploma,Unemployed,2370.0,2,A04009,4,rent,9,0.48,cert,948.0,0.58,0.09,66,0.79,0.37,0.4,0,0,0,3,1,0.1626,0.2795,0,Successful Borrower
U04010,25,High School,Student,4122.0,2,A04010,12,none,3,0.55,highschool,1909.0,0.7,0.02,111,0.99,0.16,0.16,0,0,0,3,1,0.0888,0.0865,0,Successful Borrower
U04011,24,Bachelor's,Self-Employed,10573.0,3,A04011,46,rent,8,0.46,bachelor,2202.0,0.56,0.11,274,0.92,0.14,0.12,0,0,0,3,1,0.0631,0.1095,0,Successful Borrower
U04012,24,Diploma,Student,5341.0,2,A04012,2,rent,16,0.34,cert,2170.0,0.49,0.09,101,0.89,0.21,0.25,0,0,0,1,1,0.1248,0.167,0,Successful Borrower
U04013,23,Diploma,Self-Employed,8482.0,3,A04013,34,none,2,0.3,cert,2179.0,0.58,0.13,196,0.87,0.14,0.24,0,0,0,3,0,0.0333,0.16,0,Successful Borrower
U04014,26,Bachelor's,Unemployed,3874.0,3,A04014,6,rent,15,0.3,bachelor,1622.0,0.72,0.18,60,0.65,0.41,0.49,0,0,0,2,1,0.1033,0.3745,0,Successful Borrower
U04015,20,High School,Student,2453.0,3,A04015,8,rent,5,0.52,highschool,1319.0,0.72,0.11,63,0.7,0.46,0.54,0,0,0,2,0,0.0,0.3715,0,Successful Borrower
U04016,23,Diploma,Employed,10368.0,2,A04016,30,owner,0,0.61,cert,4371.0,0.46,0.12,196,0.8,0.32,0.43,0,0,1,3,1,0.0413,0.2755,0,Successful Borrower
U04017,22,Bachelor's,Employed,8331.0,2,A04017,23,owner,1,0.3,bachelor,4963.0,0.71,0.13,125,0.72,0.42,0.41,0,0,0,1,1,0.0819,0.325,0,Successful Borrower
U04018,20,High School,Unemployed,1200.0,3,A04018,2,rent,8,0.3,highschool,1215.0,0.82,0.23,54,0.56,0.6,0.76,0,0,0,1,2,0.0658,0.5285,1,Defaulted
U04019,23,Bachelor's,Employed,10423.0,2,A04019,10,rent,13,0.3,bachelor,3149.0,0.51,0.04,248,0.99,0.19,0.26,0,1,0,3,0,0.0902,0.122,0,Successful Borrower
U04020,25,Master's,Self-Employed,9693.0,3,A04020,47,rent,16,0.43,master,4645.0,0.67,0.23,120,0.61,0.45,0.63,0,0,0,2,2,0.0904,0.441,1,Defaulted
U04021,20,Bachelor's,Employed,7729.0,1,A04021,53,rent,12,0.48,bachelor,2516.0,0.62,0.04,215,0.9,0.31,0.27,0,0,0,3,0,0.0868,0.186,0,Successful Borrower
U04022,20,Bachelor's,Self-Employed,9302.0,2,A04022,58,rent,8,0.57,bachelor,2050.0,0.63,0.14,202,0.76,0.26,0.32,0,0,0,2,0,0.051,0.25,0,Successful Borrower
U04023,22,Bachelor's,Unemployed,1200.0,1,A04023,6,rent,8,0.49,bachelor,486.0,0.59,0.09,46,0.82,0.43,0.2,0,0,0,2,1,0.0294,0.234,1,Defaulted
U04024,23,Diploma,Self-Employed,10690.0,3,A04024,21,owner,3,0.4,cert,1569.0,0.51,0.1,290,0.94,0.19,0.26,0,0,0,3,2,0.177,0.1485,0,Successful Borrower
U04025,23,High School,Employed,10584.0,3,A04025,49,owner,2,0.62,highschool,4580.0,0.58,0.09,217,0.78,0.29,0.44,0,0,0,2,1,0.1526,0.273,0,Successful Borrower
U04026,25,Bachelor's,Employed,10053.0,2,A04026,14,rent,19,0.65,bachelor,3427.0,0.39,0.12,241,0.82,0.26,0.42,0,0,0,3,0,0.0551,0.251,0,Successful Borrower
U04027,24,High School,Employed,7672.0,2,A04027,19,none,2,0.62,highschool,3475.0,0.59,0.11,198,0.71,0.36,0.58,0,0,0,3,0,0.0573,0.353,1,Defaulted
U04028,25,Bachelor's,Student,3989.0,3,A04028,3,none,2,0.41,bachelor,1638.0,0.59,0.04,66,0.74,0.3,0.54,0,0,0,2,1,0.0171,0.307,1,Defaulted
U04029,25,PhD,Employed,10979.0,1,A04029,30,rent,12,0.89,phd,2707.0,0.55,0.02,260,0.99,0.05,0.17,0,0,0,3,0,0.1104,0.0615,0,Successful Borrower
U04030,22,Bachelor's,Employed,9945.0,3,A04030,36,owner,0,0.38,bachelor,3001.0,0.58,0.06,248,0.87,0.2,0.33,0,0,0,3,0,0.0,0.187,0,Successful Borrower
U04031,23,Diploma,Employed,8692.0,2,A04031,6,rent,16,0.48,cert,2898.0,0.66,0.08,200,0.76,0.4,0.32,0,0,0,3,1,0.0009,0.276,1,Defaulted
U04032,23,High School,Employed,8222.0,3,A04032,47,rent,10,0.5,highschool,4382.0,0.64,0.09,166,0.71,0.41,0.44,0,0,0,2,0,0.0889,0.3275,1,Defaulted
U04033,20,Bachelor's,Unemployed,2592.0,3,A04033,4,rent,10,0.44,bachelor,300.0,0.54,0.12,92,0.78,0.36,0.3,0,0,0,2,1,0.0778,0.26,0,Successful Borrower
U04034,22,Bachelor's,Employed,6292.0,1,A04034,13,owner,0,0.7,bachelor,2737.0,0.74,0.03,174,0.88,0.25,0.1,0,0,0,2,0,0.1102,0.134,0,Successful Borrower
U04035,20,Diploma,Employed,6266.0,2,A04035,28,none,3,0.8,cert,1666.0,0.34,0.02,199,0.92,0.21,0.22,0,0,0,3,1,0.0,0.1385,0,Successful Borrower
U04036,26,Master's,Student,2982.0,2,A04036,0,rent,8,0.5,master,1168.0,0.69,0.17,55,0.65,0.43,0.58,0,0,0,1,0,0.1974,0.4005,0,Successful Borrower
U04037,24,Master's,Student,3937.0,2,A04037,8,none,2,0.3,master,2906.0,0.75,0.16,0,0.64,0.44,0.6,0,0,0,1,1,0.0751,0.41,1,Defaulted
U04038,22,Master's,Employed,7363.0,3,A04038,20,owner,3,0.65,master,3611.0,0.45,0.09,205,0.83,0.23,0.32,0,0,0,3,1,0.0295,0.2105,0,Successful Borrower
U04039,24,Bachelor's,Student,3474.0,2,A04039,2,rent,9,0.46,bachelor,1939.0,0.63,0.05,68,1.0,0.17,0.06,0,0,0,3,0,0.0833,0.065,0,Successful Borrower
U04040,21,Bachelor's,Self-Employed,10700.0,3,A04040,23,owner,3,0.56,bachelor,4626.0,0.66,0.24,138,0.68,0.39,0.53,1,0,0,3,1,0.1768,0.378,1,Defaulted
U04041,23,Bachelor's,Unemployed,1931.0,3,A04041,1,none,4,0.57,bachelor,1734.0,0.77,0.22,58,0.65,0.43,0.55,0,0,0,1,0,0.1279,0.4005,0,Successful Borrower
U04042,24,Diploma,Student,2246.0,2,A04042,1,rent,14,0.3,cert,1737.0,0.68,0.13,39,0.81,0.31,0.26,0,0,0,1,1,0.0,0.2285,0,Successful Borrower
U04043,23,Bachelor's,Employed,8426.0,2,A04043,29,rent,6,0.58,bachelor,3214.0,0.61,0.08,198,0.74,0.36,0.47,0,0,0,3,0,0.1228,0.3105,0,Successful Borrower
U04044,25,Master's,Self-Employed,6290.0,2,A04044,48,rent,4,0.71,master,3066.0,0.61,0.19,64,0.82,0.26,0.29,0,0,0,1,0,0.1062,0.229,0,Successful Borrower
U04045,23,Bachelor's,Employed,7608.0,2,A04045,19,rent,6,0.36,bachelor,3576.0,0.62,0.15,188,0.73,0.3,0.46,0,0,0,1,0,0.1109,0.307,1,Defaulted
U04046,22,High School,Employed,9403.0,1,A04046,9,owner,3,0.73,highschool,3631.0,0.48,0.08,223,0.78,0.24,0.32,0,0,0,2,1,0.1292,0.229,0,Successful Borrower
U04047,24,High School,Employed,8064.0,1,A04047,14,owner,4,0.3,highschool,3663.0,0.44,0.1,184,0.86,0.14,0.43,0,0,0,3,0,0.0635,0.2065,0,Successful Borrower
U04048,22,High School,Self-Employed,7815.0,1,A04048,36,rent,23,0.35,highschool,2389.0,0.45,0.13,226,0.79,0.29,0.31,0,0,0,3,0,0.0698,0.243,0,Successful Borrower
U04049,24,Master's,Student,3621.0,2,A04049,7,rent,23,0.39,master,1530.0,0.67,0.05,116,0.82,0.3,0.26,0,0,0,1,1,0.0,0.2105,1,Defaulted
U04050,24,Bachelor's,Employed,8821.0,1,A04050,38,rent,14,0.74,bachelor,3520.0,0.68,0.05,153,0.78,0.37,0.47,0,0,0,3,0,0.0,0.2945,0,Successful Borrower
U04051,21,Bachelor's,Student,3424.0,2,A04051,10,rent,19,0.49,bachelor,2097.0,0.52,0.11,92,0.73,0.34,0.35,0,0,0,2,2,0.0835,0.2835,0,Successful Borrower
U04052,26,Diploma,Self-Employed,6930.0,3,A04052,40,rent,8,0.4,cert,2786.0,0.63,0.16,142,0.77,0.3,0.39,0,0,0,2,2,0.0955,0.277,0,Successful Borrower
U04053,26,Diploma,Unemployed,2570.0,1,A04053,4,none,4,0.73,cert,1863.0,0.68,0.22,46,0.65,0.5,0.58,0,0,0,0,2,0.0887,0.4255,1,Defaulted
U04054,26,PhD,Self-Employed,5389.0,1,A04054,5,rent,11,0.73,phd,2345.0,0.64,0.13,128,0.78,0.15,0.37,0,0,0,3,1,0.0371,0.2265,0,Successful Borrower
U04055,26,High School,Student,2168.0,2,A04055,6,rent,13,0.52,highschool,1023.0,0.63,0.11,63,0.8,0.24,0.38,0,0,0,0,0,0.0443,0.2415,0,Successful Borrower
U04056,20,Diploma,Employed,9989.0,1,A04056,25,rent,5,0.68,cert,2096.0,0.56,0.1,202,0.76,0.25,0.43,0,0,0,2,0,0.0933,0.269,0,Successful Borrower
U04057,23,Bachelor's,Employed,9236.0,1,A04057,20,rent,10,0.7,bachelor,3028.0,0.57,0.05,185,0.95,0.15,0.3,0,0,0,2,2,0.055,0.1375,0,Successful Borrower
U04058,21,Bachelor's,Employed,11109.0,1,A04058,28,rent,15,0.57,bachelor,3995.0,0.64,0.06,177,0.86,0.26,0.3,0,0,0,2,1,0.0,0.198,0,Successful Borrower
U04059,24,Diploma,Employed,8025.0,2,A04059,52,rent,12,0.31,cert,2953.0,0.64,0.05,193,0.9,0.27,0.22,0,0,0,3,0,0.0304,0.165,0,Successful Borrower
U04060,26,High School,Self-Employed,8959.0,1,A04060,33,rent,13,0.62,highschool,2759.0,0.62,0.16,190,0.74,0.33,0.29,0,0,0,3,0,0.0465,0.27,0,Successful Borrower
U04061,25,High School,Student,3736.0,3,A04061,2,rent,18,0.5,highschool,1421.0,0.6,0.02,111,0.95,0.13,0.16,0,0,0,3,0,0.1042,0.093,0,Successful Borrower
U04062,22,Diploma,Employed,8430.0,2,A04062,31,rent,18,0.77,cert,4443.0,0.65,0.11,149,0.69,0.38,0.43,0,0,0,2,0,0.1824,0.3275,0,Successful Borrower
U04063,25,Diploma,Employed,10512.0,1,A04063,6,rent,8,0.65,cert,1423.0,0.59,0.02,297,1.0,0.07,0.0,0,0,0,2,0,0.1026,0.0205,0,Successful Borrower
U04064,20,High School,Student,2142.0,2,A04064,12,rent,10,0.82,highschool,1021.0,0.8,0.08,34,0.9,0.35,0.35,0,0,0,3,0,0.105,0.222,0,Successful Borrower
U04065,26,High School,Employed,8906.0,2,A04065,40,rent,4,0.4,highschool,2239.0,0.42,0.11,203,0.82,0.29,0.31,0,0,0,3,0,0.0329,0.2295,0,Successful Borrower
U04066,26,Bachelor's,Employed,6186.0,2,A04066,20,none,0,0.36,bachelor,2363.0,0.67,0.07,202,0.79,0.31,0.32,0,0,0,2,0,0.0786,0.2415,0,Successful Borrower
U04067,25,Master's,Unemployed,2487.0,1,A04067,4,owner,0,0.49,master,1445.0,0.79,0.23,50,0.56,0.46,0.56,0,0,0,3,1,0.1468,0.4435,1,Defaulted
U04068,26,High School,Self-Employed,10968.0,2,A04068,12,owner,3,0.53,highschool,3419.0,0.53,0.11,238,0.85,0.16,0.33,0,0,0,3,0,0.0551,0.1915,0,Successful Borrower
U04069,26,High School,Unemployed,3757.0,2,A04069,0,rent,9,0.43,highschool,1436.0,0.56,0.14,133,0.82,0.36,0.33,0,0,0,2,1,0.0917,0.2565,0,Successful Borrower
U04070,25,Master's,Employed,8646.0,2,A04070,46,rent,4,0.52,master,4001.0,0.67,0.04,217,0.9,0.21,0.32,0,0,0,3,1,0.2325,0.1735,0,Successful Borrower
U04071,25,High School,Self-Employed,6899.0,2,A04071,34,rent,4,0.5,highschool,3041.0,0.6,0.19,132,0.66,0.44,0.54,0,0,0,2,0,0.0,0.3925,0,Successful Borrower
U04072,22,High School,Employed,6789.0,2,A04072,23,owner,3,0.53,highschool,2723.0,0.69,0.09,174,0.85,0.19,0.32,0,0,0,2,2,0.2067,0.1935,0,Successful Borrower
U04073,22,High School,Self-Employed,8584.0,3,A04073,22,rent,11,0.49,highschool,1817.0,0.59,0.08,178,0.97,0.16,0.11,0,0,0,3,2,0.0178,0.09,0,Successful Borrower
U04074,22,Diploma,Employed,9725.0,2,A04074,56,owner,4,0.35,cert,5226.0,0.6,0.15,122,0.56,0.5,0.63,0,1,0,2,2,0.0169,0.459,1,Defaulted
U04075,26,Diploma,Student,4818.0,1,A04075,11,rent,15,0.49,cert,2125.0,0.74,0.07,147,0.79,0.25,0.27,0,0,0,2,1,0.1474,0.214,0,Successful Borrower
U04076,23,Bachelor's,Employed,8834.0,3,A04076,31,rent,7,0.73,bachelor,1638.0,0.54,0.02,210,0.94,0.21,0.22,0,0,0,3,1,0.0469,0.1315,0,Successful Borrower
U04077,26,Bachelor's,Employed,7150.0,1,A04077,30,owner,2,0.43,bachelor,3159.0,0.5,0.13,169,0.64,0.36,0.63,0,0,0,2,1,0.1822,0.393,0,Successful Borrower
U04078,20,Master's,Employed,7728.0,2,A04078,40,none,0,0.54,master,2758.0,0.52,0.08,214,0.83,0.28,0.36,0,0,1,3,1,0.0337,0.2315,0,Successful Borrower
U04079,21,Diploma,Employed,7410.0,3,A04079,7,rent,20,0.57,cert,2282.0,0.59,0.08,151,0.79,0.35,0.34,0,0,0,3,0,0.1393,0.258,0,Successful Borrower
U04080,25,Bachelor's,Employed,9652.0,2,A04080,39,none,1,0.43,bachelor,4592.0,0.48,0.09,159,0.73,0.35,0.5,0,0,0,2,0,0.251,0.3205,1,Defaulted
U04081,20,Master's,Self-Employed,7562.0,2,A04081,56,rent,21,0.4,master,4138.0,0.54,0.16,93,0.73,0.28,0.31,0,0,0,3,1,0.0465,0.266,0,Successful Borrower
U04082,20,High School,Self-Employed,9919.0,2,A04082,45,rent,16,0.48,highschool,2491.0,0.4,0.19,176,0.75,0.32,0.5,0,0,0,3,1,0.0227,0.321,0,Successful Borrower
U04083,22,Bachelor's,Employed,5859.0,1,A04083,37,rent,4,0.42,bachelor,2456.0,0.62,0.04,99,0.81,0.26,0.3,0,0,0,2,2,0.0001,0.2125,0,Successful Borrower
U04084,21,Bachelor's,Employed,10325.0,3,A04084,54,owner,2,0.52,bachelor,3151.0,0.58,0.05,213,1.0,0.07,0.18,0,0,0,3,1,0.1537,0.07,0,Successful Borrower
U04085,24,Diploma,Employed,7133.0,3,A04085,19,owner,0,0.48,cert,2831.0,0.61,0.07,225,0.96,0.22,0.26,0,0,0,3,0,0.0544,0.1445,0,Successful Borrower
U04086,22,Bachelor's,Unemployed,2377.0,2,A04086,5,rent,16,0.44,bachelor,1231.0,0.56,0.12,61,0.78,0.38,0.42,0,0,0,1,0,0.0767,0.295,0,Successful Borrower
U04087,26,Bachelor's,Employed,9080.0,2,A04087,29,owner,1,0.42,bachelor,5111.0,0.75,0.15,202,0.75,0.31,0.5,0,0,0,3,0,0.0713,0.3125,1,Defaulted
U04088,21,Diploma,Employed,6309.0,1,A04088,26,none,3,0.69,cert,3505.0,0.43,0.17,102,0.62,0.39,0.59,0,0,0,2,1,0.1815,0.4035,1,Defaulted
U04089,24,Bachelor's,Unemployed,3020.0,2,A04089,2,none,4,0.48,bachelor,1915.0,0.71,0.25,33,0.56,0.61,0.71,0,0,0,2,3,0.0592,0.5215,1,Defaulted
U04090,22,Diploma,Self-Employed,7514.0,2,A04090,23,none,2,0.3,cert,2794.0,0.71,0.13,199,0.78,0.26,0.38,0,0,0,2,1,0.1685,0.2565,0,Successful Borrower
U04091,21,Bachelor's,Self-Employed,10616.0,2,A04091,55,rent,10,0.49,bachelor,5342.0,0.42,0.21,167,0.64,0.39,0.55,0,0,0,3,2,0.1301,0.3925,0,Successful Borrower
U04092,22,Diploma,Employed,8673.0,3,A04092,7,rent,17,0.55,cert,5036.0,0.56,0.12,99,0.71,0.41,0.41,0,0,0,3,0,0.0849,0.3245,1,Defaulted
U04093,21,Master's,Employed,7822.0,2,A04093,55,rent,20,0.55,master,1136.0,0.53,0.02,276,0.92,0.15,0.3,1,0,0,3,1,0.1331,0.1435,0,Successful Borrower
U04094,26,Diploma,Student,3385.0,3,A04094,0,rent,6,0.44,cert,1709.0,0.62,0.1,94,0.74,0.27,0.39,0,0,0,3,1,0.0185,0.271,1,Defaulted
U04095,22,Master's,Unemployed,3464.0,2,A04095,1,rent,24,0.52,master,2730.0,0.76,0.24,47,0.56,0.62,0.67,0,0,0,1,3,0.0113,0.5125,1,Defaulted
U04096,25,Bachelor's,Student,3430.0,2,A04096,6,rent,11,0.36,bachelor,2307.0,0.64,0.16,0,0.64,0.43,0.54,1,0,0,2,1,0.1384,0.3925,0,Successful Borrower
U04097,21,High School,Self-Employed,8759.0,2,A04097,14,none,3,0.39,highschool,4835.0,0.65,0.21,89,0.78,0.34,0.32,0,0,0,1,1,0.2621,0.2735,0,Successful Borrower
U04098,21,Bachelor's,Employed,9369.0,2,A04098,44,owner,1,0.41,bachelor,2023.0,0.54,0.08,221,0.81,0.24,0.44,0,0,0,2,0,0.0167,0.2485,0,Successful Borrower
U04099,26,Bachelor's,Self-Employed,10037.0,3,A04099,22,owner,3,0.37,bachelor,4230.0,0.51,0.2,149,0.68,0.34,0.45,0,1,0,2,0,0.1349,0.3395,0,Successful Borrower
U04100,26,Bachelor's,Unemployed,3508.0,1,A04100,2,owner,4,0.67,bachelor,1587.0,0.7,0.21,87,0.63,0.37,0.46,0,0,0,2,1,0.0,0.3685,1,Defaulted
U04101,22,Master's,Employed,8916.0,3,A04101,52,owner,0,0.64,master,1408.0,0.44,0.08,262,0.87,0.2,0.27,0,0,0,2,0,0.0,0.175,0,Successful Borrower
U04102,26,Diploma,Employed,10015.0,1,A04102,25,owner,2,0.52,cert,5285.0,0.71,0.07,206,0.94,0.24,0.23,0,0,0,3,2,0.1298,0.149,0,Successful Borrower
U04103,26,High School,Unemployed,3454.0,2,A04103,6,rent,19,0.32,highschool,2043.0,0.67,0.19,66,0.65,0.44,0.6,0,0,0,1,1,0.003,0.411,1,Defaulted
U04104,22,Bachelor's,Unemployed,2885.0,1,A04104,5,rent,11,0.49,bachelor,2269.0,0.79,0.3,0,0.56,0.55,0.62,0,0,0,2,3,0.0842,0.4915,1,Defaulted
U04105,22,Bachelor's,Student,1844.0,2,A04105,6,none,3,0.55,bachelor,546.0,0.63,0.08,45,0.75,0.37,0.21,0,0,0,1,1,0.0049,0.2445,0,Successful Borrower
U04106,25,High School,Unemployed,2801.0,3,A04106,1,rent,18,0.44,highschool,1520.0,0.73,0.2,78,0.56,0.61,0.64,0,0,0,1,2,0.0864,0.4965,1,Defaulted
U04107,20,Diploma,Employed,7288.0,2,A04107,11,rent,16,0.57,cert,1602.0,0.54,0.02,237,0.94,0.09,0.18,0,0,0,3,0,0.0,0.0915,0,Successful Borrower
U04108,22,Master's,Unemployed,2119.0,3,A04108,4,rent,10,0.33,master,1418.0,0.58,0.08,0,0.83,0.34,0.29,0,0,0,1,1,0.1445,0.229,0,Successful Borrower
U04109,24,High School,Employed,8746.0,2,A04109,25,rent,8,0.54,highschool,3104.0,0.58,0.04,226,0.91,0.26,0.24,0,0,0,3,0,0.084,0.1625,0,Successful Borrower
U04110,25,Master's,Employed,8474.0,2,A04110,14,rent,8,0.72,master,1734.0,0.62,0.04,208,0.82,0.26,0.32,0,0,0,2,1,0.0614,0.214,0,Successful Borrower
U04111,23,High School,Employed,8540.0,2,A04111,22,none,3,0.61,highschool,3415.0,0.6,0.06,200,0.84,0.28,0.26,0,0,0,2,1,0.1336,0.2,0,Successful Borrower
U04112,26,Diploma,Student,5019.0,2,A04112,9,rent,15,0.3,cert,1827.0,0.74,0.05,86,0.88,0.25,0.2,0,0,0,1,0,0.1356,0.162,0,Successful Borrower
U04113,20,High School,Employed,8604.0,2,A04113,33,rent,10,0.7,highschool,4371.0,0.44,0.1,130,0.79,0.25,0.43,0,0,0,2,0,0.298,0.2585,0,Successful Borrower
U04114,25,Bachelor's,Self-Employed,8660.0,2,A04114,29,rent,24,0.3,bachelor,4384.0,0.83,0.18,138,0.83,0.33,0.39,0,0,0,2,1,0.1296,0.2665,0,Successful Borrower
U04115,25,High School,Self-Employed,8943.0,3,A04115,21,owner,1,0.49,highschool,2682.0,0.66,0.15,145,0.83,0.24,0.23,0,0,0,3,0,0.0,0.1995,0,Successful Borrower
U04116,26,Bachelor's,Unemployed,2856.0,2,A04116,2,none,1,0.3,bachelor,1344.0,0.79,0.14,90,0.74,0.35,0.45,0,0,0,3,0,0.0138,0.312,0,Successful Borrower
U04117,21,Bachelor's,Student,4886.0,2,A04117,12,none,2,0.43,bachelor,1744.0,0.46,0.1,63,0.72,0.35,0.31,0,0,0,2,1,0.0,0.278,0,Successful Borrower
U04118,21,Bachelor's,Employed,6187.0,3,A04118,10,rent,21,0.61,bachelor,1065.0,0.53,0.03,135,0.94,0.14,0.27,0,0,1,3,1,0.157,0.128,0,Successful Borrower
U04119,21,Master's,Student,4190.0,1,A04119,5,none,3,0.53,master,990.0,0.54,0.06,84,0.83,0.26,0.42,0,0,0,1,0,0.1569,0.2385,0,Successful Borrower
U04120,22,Diploma,Employed,10512.0,3,A04120,43,rent,8,0.75,cert,5722.0,0.58,0.09,191,0.77,0.36,0.39,0,0,0,3,1,0.0,0.2815,0,Successful Borrower
U04121,22,Bachelor's,Employed,9123.0,2,A04121,38,owner,1,0.51,bachelor,3342.0,0.58,0.02,150,0.99,0.16,0.06,0,0,0,1,0,0.0,0.0615,0,Successful Borrower
U04122,26,Bachelor's,Student,2867.0,2,A04122,1,none,2,0.33,bachelor,1271.0,0.73,0.04,96,0.76,0.39,0.46,0,0,0,2,0,0.1818,0.3025,1,Defaulted
U04123,20,High School,Employed,10197.0,2,A04123,47,owner,2,0.67,highschool,4035.0,0.5,0.1,226,0.72,0.39,0.49,0,0,0,1,1,0.1329,0.333,1,Defaulted
U04124,20,Bachelor's,Unemployed,3407.0,3,A04124,4,none,1,0.3,bachelor,1374.0,0.56,0.09,60,0.9,0.35,0.34,0,0,0,1,0,0.2717,0.221,0,Successful Borrower
U04125,23,Bachelor's,Employed,8591.0,3,A04125,24,rent,18,0.64,bachelor,4570.0,0.51,0.14,134,0.66,0.33,0.65,0,0,1,2,2,0.0808,0.385,1,Defaulted
U04126,26,Diploma,Employed,9201.0,1,A04126,17,rent,5,0.37,cert,3023.0,0.71,0.09,161,0.81,0.33,0.29,0,0,0,2,1,0.0531,0.235,0,Successful Borrower
U04127,25,Master's,Employed,8369.0,2,A04127,21,rent,17,0.65,master,2746.0,0.47,0.04,160,0.9,0.19,0.25,0,0,0,3,0,0.0284,0.151,0,Successful Borrower
U04128,20,Diploma,Employed,7181.0,2,A04128,27,rent,11,0.54,cert,2615.0,0.62,0.09,143,0.74,0.39,0.4,0,0,0,3,0,0.0448,0.302,0,Successful Borrower
U04129,26,Bachelor's,Employed,8262.0,3,A04129,57,rent,19,0.42,bachelor,3615.0,0.59,0.09,170,0.92,0.1,0.18,0,0,0,3,0,0.108,0.1115,0,Successful Borrower
U04130,25,Bachelor's,Employed,8635.0,1,A04130,31,rent,22,0.77,bachelor,4761.0,0.53,0.16,130,0.61,0.46,0.47,0,0,0,3,0,0.0127,0.393,1,Defaulted
U04131,23,Bachelor's,Student,1746.0,2,A04131,4,none,2,0.49,bachelor,1334.0,0.61,0.17,0,0.62,0.47,0.6,0,0,1,1,2,0.0045,0.426,1,Defaulted
U04132,26,High School,Employed,7874.0,3,A04132,35,rent,10,0.55,highschool,3422.0,0.56,0.11,161,0.73,0.29,0.48,0,0,0,2,0,0.272,0.3035,0,Successful Borrower
U04133,23,Bachelor's,Self-Employed,4769.0,1,A04133,27,rent,9,0.53,bachelor,2290.0,0.67,0.14,111,0.81,0.2,0.25,0,0,0,2,0,0.0722,0.2,0,Successful Borrower
U04134,24,Bachelor's,Employed,9276.0,2,A04134,46,rent,15,0.46,bachelor,3060.0,0.42,0.08,258,0.88,0.26,0.29,0,0,0,1,1,0.1375,0.1915,0,Successful Borrower
U04135,21,Bachelor's,Employed,7811.0,2,A04135,16,none,1,0.67,bachelor,3943.0,0.57,0.08,139,0.83,0.24,0.39,0,0,0,3,1,0.0,0.229,0,Successful Borrower
U04136,22,Diploma,Self-Employed,7434.0,3,A04136,46,none,0,0.31,cert,3008.0,0.57,0.2,123,0.66,0.32,0.48,0,0,0,2,0,0.0399,0.349,1,Defaulted
U04137,25,Bachelor's,Self-Employed,10351.0,3,A04137,60,rent,18,0.62,bachelor,4104.0,0.62,0.15,134,0.74,0.32,0.49,0,0,0,3,0,0.0525,0.316,0,Successful Borrower
U04138,22,Bachelor's,Employed,8751.0,2,A04138,17,owner,0,0.57,bachelor,2928.0,0.47,0.05,203,0.88,0.23,0.38,0,0,0,2,1,0.0147,0.202,0,Successful Borrower
U04139,22,Bachelor's,Self-Employed,8831.0,2,A04139,33,owner,0,0.34,bachelor,3858.0,0.52,0.11,178,0.7,0.44,0.53,0,0,0,2,0,0.1842,0.364,0,Successful Borrower
U04140,21,Bachelor's,Employed,7490.0,1,A04140,29,rent,8,0.69,bachelor,3289.0,0.64,0.08,162,0.81,0.33,0.42,0,1,0,2,0,0.2123,0.266,0,Successful Borrower
U04141,26,Bachelor's,Employed,10919.0,2,A04141,56,owner,0,0.53,bachelor,4165.0,0.52,0.13,204,0.66,0.37,0.49,0,0,0,3,0,0.044,0.3535,1,Defaulted
U04142,20,High School,Student,2851.0,2,A04142,5,rent,9,0.56,highschool,1277.0,0.78,0.09,100,0.81,0.32,0.27,0,0,0,2,0,0.1103,0.2275,1,Defaulted
U04143,20,Bachelor's,Employed,8056.0,1,A04143,26,owner,3,0.51,bachelor,3870.0,0.56,0.05,112,0.76,0.34,0.36,0,0,0,2,1,0.0619,0.2665,0,Successful Borrower
U04144,21,Master's,Self-Employed,8818.0,2,A04144,52,rent,23,0.46,master,4594.0,0.59,0.17,159,0.7,0.38,0.41,0,0,0,3,1,0.071,0.328,1,Defaulted
U04145,24,PhD,Employed,9012.0,3,A04145,28,rent,22,0.43,phd,4374.0,0.42,0.13,189,0.65,0.33,0.45,0,0,0,3,0,0.1591,0.337,1,Defaulted
U04146,26,Bachelor's,Unemployed,2419.0,2,A04146,2,rent,13,0.49,bachelor,2051.0,0.6,0.26,10,0.56,0.49,0.58,0,0,0,2,2,0.1146,0.4605,1,Defaulted
U04147,26,Bachelor's,Self-Employed,6458.0,2,A04147,6,rent,23,0.57,bachelor,2378.0,0.55,0.14,113,0.8,0.3,0.47,0,0,0,2,0,0.0632,0.2835,0,Successful Borrower
U04148,26,Bachelor's,Student,4808.0,2,A04148,3,rent,19,0.36,bachelor,3417.0,0.62,0.2,24,0.56,0.45,0.55,0,0,0,2,1,0.0691,0.434,1,Defaulted
U04149,26,Diploma,Employed,7755.0,1,A04149,37,rent,24,0.43,cert,3584.0,0.72,0.12,154,0.77,0.35,0.46,0,0,0,3,0,0.1242,0.301,1,Defaulted
U04150,25,Bachelor's,Employed,7277.0,2,A04150,6,rent,22,0.45,bachelor,3329.0,0.56,0.13,122,0.74,0.41,0.51,0,0,0,3,1,0.0528,0.3405,0,Successful Borrower
U04151,23,High School,Self-Employed,7038.0,2,A04151,14,owner,4,0.32,highschool,2695.0,0.63,0.16,168,0.74,0.32,0.38,0,0,0,2,0,0.0,0.29,1,Defaulted
U04152,26,High School,Self-Employed,10196.0,1,A04152,19,owner,1,0.57,highschool,5669.0,0.65,0.18,96,0.65,0.4,0.36,0,0,0,1,1,0.044,0.3395,1,Defaulted
U04153,22,High School,Employed,5519.0,3,A04153,50,owner,0,0.59,highschool,2183.0,0.61,0.09,122,0.72,0.39,0.53,0,0,0,2,0,0.0545,0.3415,1,Defaulted
U04154,20,Diploma,Employed,9331.0,2,A04154,54,rent,11,0.45,cert,3258.0,0.58,0.08,228,0.74,0.39,0.39,0,0,0,0,0,0.0,0.298,1,Defaulted
U04155,24,Master's,Student,4638.0,1,A04155,9,none,0,0.61,master,2334.0,0.7,0.09,58,0.87,0.24,0.39,0,0,0,2,0,0.0,0.2165,0,Successful Borrower
U04156,23,Bachelor's,Self-Employed,10489.0,3,A04156,19,owner,3,0.48,bachelor,2198.0,0.5,0.1,293,0.89,0.12,0.16,0,0,0,3,0,0.1619,0.1235,0,Successful Borrower
U04157,20,Bachelor's,Self-Employed,9255.0,2,A04157,6,owner,4,0.45,bachelor,3059.0,0.8,0.19,249,0.65,0.35,0.37,0,0,0,2,1,0.0,0.331,1,Defaulted
U04158,21,High School,Employed,6589.0,2,A04158,16,none,1,0.51,highschool,3263.0,0.56,0.1,88,0.71,0.34,0.43,0,0,0,2,1,0.1787,0.309,0,Successful Borrower
U04159,24,PhD,Self-Employed,9265.0,3,A04159,15,owner,0,0.33,phd,4025.0,0.48,0.23,188,0.76,0.25,0.39,0,0,0,3,0,0.0933,0.2785,0,Successful Borrower
U04160,23,High School,Student,3833.0,1,A04160,6,none,2,0.37,highschool,2957.0,0.74,0.11,14,0.75,0.31,0.38,0,0,0,1,0,0.137,0.2765,1,Defaulted
U04161,20,Bachelor's,Employed,8955.0,2,A04161,28,rent,18,0.37,bachelor,3395.0,0.42,0.07,222,0.74,0.33,0.5,0,0,0,1,1,0.1835,0.309,1,Defaulted
U04162,20,Bachelor's,Student,3569.0,3,A04162,5,none,3,0.54,bachelor,1316.0,0.72,0.06,96,0.76,0.21,0.4,0,0,0,3,0,0.0556,0.2455,0,Successful Borrower
U04163,23,Bachelor's,Employed,7935.0,3,A04163,52,owner,1,0.5,bachelor,3494.0,0.46,0.07,141,0.75,0.27,0.45,0,0,0,2,1,0.0479,0.278,0,Successful Borrower
U04164,23,Diploma,Employed,8512.0,1,A04164,6,owner,1,0.39,cert,3084.0,0.64,0.07,210,0.77,0.31,0.39,0,0,0,2,0,0.0855,0.266,0,Successful Borrower
U04165,23,High School,Student,4640.0,2,A04165,11,owner,2,0.68,highschool,2259.0,0.59,0.14,68,0.66,0.39,0.52,0,1,0,2,2,0.1427,0.3675,1,Defaulted
U04166,26,Master's,Employed,8610.0,3,A04166,28,rent,22,0.43,master,2240.0,0.53,0.03,211,0.93,0.28,0.21,0,0,0,3,1,0.0977,0.1515,0,Successful Borrower
U04167,24,Master's,Student,3044.0,2,A04167,9,rent,11,0.38,master,1423.0,0.7,0.1,104,0.81,0.3,0.37,0,0,0,3,1,0.0477,0.249,0,Successful Borrower
U04168,24,Master's,Employed,8122.0,2,A04168,11,rent,13,0.63,master,3492.0,0.7,0.05,214,0.86,0.24,0.37,0,0,0,3,0,0.0264,0.209,0,Successful Borrower
U04169,23,High School,Unemployed,3182.0,2,A04169,3,rent,9,0.44,highschool,1593.0,0.6,0.09,47,0.73,0.43,0.38,0,0,0,1,0,0.0,0.3105,1,Defaulted
U04170,22,Bachelor's,Employed,9322.0,1,A04170,45,rent,12,0.62,bachelor,3868.0,0.58,0.08,184,0.81,0.21,0.36,0,0,0,3,0,0.1647,0.221,0,Successful Borrower
U04171,24,Bachelor's,Employed,9932.0,3,A04171,15,rent,21,0.34,bachelor,4471.0,0.6,0.07,188,0.8,0.31,0.33,0,0,0,3,0,0.0548,0.2405,0,Successful Borrower
U04172,24,High School,Self-Employed,6915.0,1,A04172,5,rent,8,0.6,highschool,2342.0,0.53,0.2,113,0.78,0.25,0.35,0,0,0,3,0,0.1192,0.257,0,Successful Borrower
U04173,20,Master's,Self-Employed,5394.0,2,A04173,37,rent,18,0.65,master,2268.0,0.61,0.11,98,0.96,0.23,0.31,0,0,0,3,0,0.1461,0.1655,0,Successful Borrower
U04174,23,High School,Employed,6162.0,1,A04174,52,rent,11,0.7,highschool,3177.0,0.6,0.09,84,0.85,0.33,0.29,0,0,0,1,0,0.2782,0.221,0,Successful Borrower
U04175,21,Bachelor's,Unemployed,1783.0,1,A04175,4,owner,0,0.43,bachelor,1195.0,0.65,0.15,32,0.78,0.41,0.32,0,0,0,2,2,0.0225,0.282,0,Successful Borrower
U04176,20,Bachelor's,Student,5058.0,2,A04176,8,rent,22,0.58,bachelor,3324.0,0.74,0.09,67,0.81,0.32,0.28,0,0,0,3,0,0.1326,0.23,0,Successful Borrower
U04177,20,Bachelor's,Student,3349.0,2,A04177,2,rent,12,0.38,bachelor,1206.0,0.5,0.08,118,0.7,0.32,0.36,0,0,0,2,0,0.1841,0.287,1,Defaulted
U04178,24,Bachelor's,Employed,8924.0,3,A04178,34,owner,4,0.72,bachelor,934.0,0.61,0.04,228,0.98,0.21,0.17,0,0,0,3,1,0.0983,0.108,0,Successful Borrower
U04179,21,Bachelor's,Employed,7541.0,2,A04179,21,owner,2,0.56,bachelor,3550.0,0.63,0.16,177,0.73,0.39,0.55,0,0,0,3,0,0.1797,0.3535,1,Defaulted
U04180,22,High School,Employed,7730.0,2,A04180,38,rent,5,0.56,highschool,3520.0,0.58,0.13,89,0.58,0.41,0.63,0,0,0,2,2,0.1002,0.4265,1,Defaulted
U04181,23,Bachelor's,Student,3357.0,2,A04181,0,rent,24,0.69,bachelor,2424.0,0.82,0.18,0,0.56,0.43,0.76,0,0,1,0,1,0.2401,0.4785,1,Defaulted
U04182,23,Bachelor's,Employed,8786.0,2,A04182,16,rent,6,0.61,bachelor,5088.0,0.55,0.13,158,0.65,0.4,0.51,0,0,0,3,0,0.0374,0.3695,1,Defaulted
U04183,23,Diploma,Employed,9237.0,3,A04183,42,none,2,0.56,cert,4236.0,0.66,0.08,172,0.77,0.36,0.32,0,0,0,2,1,0.1694,0.2625,0,Successful Borrower
U04184,22,Bachelor's,Student,3278.0,2,A04184,12,rent,8,0.3,bachelor,1380.0,0.59,0.08,83,0.86,0.26,0.25,0,0,0,1,0,0.0591,0.1885,0,Successful Borrower
U04185,22,High School,Employed,6137.0,1,A04185,56,rent,19,0.61,highschool,3235.0,0.64,0.15,86,0.6,0.45,0.62,0,1,0,2,1,0.0811,0.43,1,Defaulted
U04186,25,High School,Self-Employed,12531.0,1,A04186,25,rent,21,0.37,highschool,5024.0,0.6,0.2,213,0.68,0.37,0.52,0,0,0,2,1,0.1133,0.3645,1,Defaulted
U04187,24,PhD,Student,4646.0,2,A04187,7,none,3,0.44,phd,1394.0,0.6,0.03,99,0.9,0.25,0.33,0,0,0,3,1,0.0065,0.1845,0,Successful Borrower
U04188,25,High School,Employed,7347.0,3,A04188,20,rent,20,0.48,highschool,2480.0,0.64,0.11,162,0.72,0.32,0.35,0,1,1,2,0,0.1785,0.282,0,Successful Borrower
U04189,25,High School,Employed,11127.0,2,A04189,58,owner,2,0.55,highschool,3758.0,0.6,0.11,251,0.74,0.32,0.38,0,0,0,2,0,0.0739,0.2825,0,Successful Borrower
U04190,23,Bachelor's,Employed,6690.0,3,A04190,15,rent,11,0.59,bachelor,2955.0,0.66,0.09,135,0.92,0.22,0.18,0,0,1,3,1,0.0,0.1415,0,Successful Borrower
U04191,23,High School,Unemployed,2784.0,2,A04191,2,rent,12,0.56,highschool,1225.0,0.68,0.1,77,0.75,0.42,0.35,0,0,0,0,0,0.0,0.295,1,Defaulted
U04192,23,Bachelor's,Self-Employed,9945.0,2,A04192,38,none,4,0.3,bachelor,5046.0,0.55,0.18,140,0.62,0.42,0.47,0,0,0,2,0,0.0877,0.3825,1,Defaulted
U04193,25,Bachelor's,Employed,10020.0,3,A04193,16,rent,18,0.3,bachelor,4573.0,0.67,0.1,195,0.81,0.33,0.36,0,0,0,3,0,0.0441,0.254,1,Defaulted
U04194,26,High School,Employed,6802.0,2,A04194,35,rent,8,0.64,highschool,1887.0,0.57,0.04,211,0.82,0.29,0.31,0,0,0,3,0,0.0761,0.219,0,Successful Borrower
U04195,20,Bachelor's,Employed,9782.0,2,A04195,56,owner,1,0.55,bachelor,2600.0,0.47,0.02,278,0.87,0.25,0.27,0,0,0,3,1,0.0429,0.1785,0,Successful Borrower
U04196,21,Diploma,Employed,6502.0,1,A04196,13,owner,4,0.41,cert,2615.0,0.61,0.06,189,0.95,0.19,0.24,0,0,0,2,1,0.0,0.134,0,Successful Borrower
U04197,21,Master's,Student,3660.0,2,A04197,5,none,4,0.41,master,1550.0,0.51,0.07,76,0.76,0.27,0.38,0,0,0,2,1,0.0699,0.257,0,Successful Borrower
U04198,21,Bachelor's,Employed,8889.0,1,A04198,34,rent,23,0.59,bachelor,5819.0,0.57,0.17,53,0.63,0.43,0.48,0,0,0,2,1,0.1855,0.3825,1,Defaulted
U04199,23,Bachelor's,Employed,9689.0,3,A04199,37,owner,0,0.3,bachelor,3102.0,0.52,0.12,206,0.83,0.27,0.4,0,0,0,1,0,0.2337,0.245,1,Defaulted
U04200,26,Bachelor's,Employed,7049.0,2,A04200,37,owner,3,0.62,bachelor,2521.0,0.59,0.07,168,0.86,0.2,0.33,0,0,0,2,1,0.0639,0.192,0,Successful Borrower
U04201,21,Master's,Employed,8348.0,2,A04201,53,owner,1,0.59,master,3778.0,0.58,0.08,212,0.87,0.26,0.28,0,0,0,2,1,0.0,0.1925,0,Successful Borrower
U04202,24,High School,Student,2537.0,2,A04202,12,rent,19,0.61,highschool,387.0,0.65,0.04,81,0.81,0.29,0.39,0,0,0,2,0,0.0263,0.2425,0,Successful Borrower
U04203,25,Bachelor's,Student,3806.0,2,A04203,9,rent,5,0.48,bachelor,1767.0,0.69,0.11,117,0.83,0.29,0.24,0,0,0,1,0,0.06,0.2085,0,Successful Borrower
U04204,26,Bachelor's,Employed,8721.0,2,A04204,22,none,1,0.52,bachelor,3127.0,0.56,0.1,179,0.81,0.25,0.47,0,0,0,3,0,0.0,0.2615,0,Successful Borrower
U04205,25,Bachelor's,Self-Employed,6744.0,3,A04205,32,none,4,0.33,bachelor,2448.0,0.5,0.11,126,0.83,0.28,0.29,0,0,0,3,0,0.1698,0.2185,1,Defaulted
U04206,20,Bachelor's,Employed,7692.0,2,A04206,22,rent,22,0.62,bachelor,2603.0,0.68,0.02,98,0.98,0.15,0.18,0,0,0,2,1,0.1398,0.0925,0,Successful Borrower
U04207,25,Diploma,Employed,7715.0,3,A04207,11,rent,16,0.72,cert,2938.0,0.63,0.06,130,0.84,0.24,0.36,0,0,0,2,0,0.1847,0.215,0,Successful Borrower
U04208,24,High School,Employed,8362.0,1,A04208,6,rent,21,0.51,highschool,3522.0,0.5,0.03,178,0.82,0.21,0.33,0,0,0,3,0,0.0593,0.2025,0,Successful Borrower
U04209,22,Bachelor's,Employed,7610.0,2,A04209,55,rent,14,0.58,bachelor,2189.0,0.51,0.06,212,0.89,0.27,0.31,0,0,0,3,0,0.257,0.1925,0,Successful Borrower
U04210,25,Bachelor's,Employed,9638.0,1,A04210,50,owner,3,0.57,bachelor,2708.0,0.56,0.08,223,0.7,0.44,0.44,0,1,0,2,0,0.0347,0.337,0,Successful Borrower
U04211,20,Diploma,Employed,7388.0,3,A04211,23,owner,3,0.62,cert,2322.0,0.69,0.08,169,0.83,0.32,0.41,0,0,0,2,1,0.182,0.254,0,Successful Borrower
U04212,21,Bachelor's,Employed,7354.0,3,A04212,44,none,1,0.45,bachelor,3315.0,0.57,0.1,148,0.8,0.29,0.3,0,0,0,2,0,0.0833,0.2325,0,Successful Borrower
U04213,21,Bachelor's,Unemployed,2983.0,2,A04213,5,rent,16,0.59,bachelor,1593.0,0.67,0.15,0,0.66,0.45,0.46,0,0,0,0,1,0.1827,0.369,0,Successful Borrower
U04214,21,Bachelor's,Employed,6991.0,3,A04214,59,rent,10,0.5,bachelor,908.0,0.71,0.07,233,0.88,0.24,0.31,0,0,0,1,1,0.1035,0.19,0,Successful Borrower
U04215,26,Bachelor's,Self-Employed,7087.0,1,A04215,15,rent,7,0.53,bachelor,3270.0,0.56,0.2,108,0.81,0.23,0.36,0,0,0,3,0,0.0743,0.244,0,Successful Borrower
U04216,24,Bachelor's,Employed,4806.0,3,A04216,6,rent,5,0.35,bachelor,686.0,0.7,0.05,227,0.93,0.18,0.12,0,0,0,3,0,0.0789,0.107,0,Successful Borrower
U04217,26,Master's,Self-Employed,7437.0,3,A04217,46,rent,4,0.48,master,4118.0,0.61,0.22,138,0.66,0.3,0.46,0,0,0,1,1,0.0899,0.342,0,Successful Borrower
U04218,26,High School,Student,3635.0,2,A04218,11,rent,21,0.47,highschool,2068.0,0.7,0.1,81,0.83,0.31,0.25,0,0,0,1,1,0.0802,0.2145,0,Successful Borrower
U04219,23,Bachelor's,Student,4404.0,2,A04219,12,owner,4,0.44,bachelor,2281.0,0.65,0.13,71,0.71,0.37,0.52,0,0,0,1,0,0.0593,0.3435,0,Successful Borrower
U04220,24,Master's,Employed,8852.0,2,A04220,29,rent,20,0.32,master,4382.0,0.71,0.1,209,0.74,0.4,0.38,0,0,0,2,0,0.1479,0.301,0,Successful Borrower
U04221,21,High School,Employed,9947.0,3,A04221,45,owner,3,0.5,highschool,3180.0,0.57,0.05,248,1.0,0.11,0.19,0,0,0,2,0,0.0654,0.0825,0,Successful Borrower
U04222,23,Bachelor's,Student,3034.0,2,A04222,11,rent,11,0.3,bachelor,1346.0,0.7,0.06,74,0.87,0.23,0.24,0,0,0,2,1,0.057,0.172,0,Successful Borrower
U04223,25,Diploma,Self-Employed,3828.0,2,A04223,14,rent,7,0.3,cert,1950.0,0.53,0.16,75,0.8,0.25,0.35,0,0,0,2,1,0.0374,0.244,0,Successful Borrower
U04224,26,Bachelor's,Student,4483.0,1,A04224,5,rent,19,0.61,bachelor,1630.0,0.46,0.02,101,0.93,0.14,0.24,0,0,0,3,0,0.0404,0.1225,0,Successful Borrower
U04225,22,High School,Employed,9990.0,2,A04225,59,owner,3,0.42,highschool,3577.0,0.6,0.09,252,0.89,0.22,0.36,0,0,0,3,0,0.0,0.197,0,Successful Borrower
U04226,20,High School,Employed,4524.0,2,A04226,31,none,3,0.51,highschool,2040.0,0.73,0.04,105,0.98,0.2,0.12,0,0,0,2,0,0.0939,0.093,0,Successful Borrower
U04227,26,Bachelor's,Self-Employed,9923.0,2,A04227,23,rent,13,0.5,bachelor,3628.0,0.62,0.2,101,0.56,0.44,0.65,0,0,1,2,2,0.0887,0.4565,0,Successful Borrower
U04228,23,High School,Employed,8695.0,3,A04228,38,rent,12,0.53,highschool,3489.0,0.41,0.04,174,0.8,0.23,0.43,0,0,0,3,0,0.1404,0.241,0,Successful Borrower
U04229,22,Bachelor's,Student,3661.0,2,A04229,6,rent,7,0.39,bachelor,2150.0,0.53,0.07,64,0.84,0.35,0.27,0,0,0,2,1,0.1828,0.2215,0,Successful Borrower
U04230,26,Master's,Employed,6872.0,2,A04230,6,rent,15,0.35,master,2764.0,0.58,0.12,185,0.81,0.24,0.36,0,0,0,3,0,0.1158,0.2345,0,Successful Borrower
U04231,20,Bachelor's,Self-Employed,7529.0,2,A04231,33,rent,12,0.36,bachelor,4465.0,0.7,0.18,98,0.59,0.42,0.55,0,0,0,2,0,0.0762,0.413,0,Successful Borrower
U04232,26,Bachelor's,Employed,8165.0,1,A04232,47,rent,20,0.63,bachelor,2602.0,0.52,0.12,233,0.77,0.38,0.5,0,0,0,3,1,0.1025,0.3185,0,Successful Borrower
U04233,25,Master's,Employed,9815.0,2,A04233,54,rent,6,0.5,master,2373.0,0.51,0.02,219,1.0,0.16,0.09,0,0,0,2,0,0.0,0.0655,0,Successful Borrower
U04234,23,Bachelor's,Self-Employed,11517.0,1,A04234,15,rent,12,0.6,bachelor,4189.0,0.46,0.18,160,0.89,0.19,0.14,0,0,0,3,0,0.0,0.148,0,Successful Borrower
U04235,23,Master's,Employed,6790.0,3,A04235,37,none,3,0.59,master,2935.0,0.53,0.09,149,0.78,0.26,0.37,0,0,0,3,0,0.0046,0.248,1,Defaulted
U04236,20,High School,Student,3582.0,3,A04236,9,rent,10,0.54,highschool,1191.0,0.57,0.12,103,0.64,0.41,0.54,0,0,0,2,2,0.1552,0.3815,0,Successful Borrower
U04237,25,Diploma,Student,4323.0,1,A04237,9,owner,2,0.57,cert,1812.0,0.7,0.08,158,0.93,0.18,0.17,0,0,0,3,0,0.015,0.124,0,Successful Borrower
U04238,24,Bachelor's,Employed,8447.0,2,A04238,34,rent,21,0.3,bachelor,3880.0,0.51,0.05,153,0.8,0.31,0.36,0,0,0,2,1,0.0218,0.245,0,Successful Borrower
U04239,24,Diploma,Student,4210.0,1,A04239,7,rent,6,0.3,cert,750.0,0.54,0.05,84,1.0,0.1,0.08,0,0,0,1,0,0.0646,0.0525,0,Successful Borrower
U04240,26,Master's,Employed,8703.0,2,A04240,45,rent,8,0.54,master,2500.0,0.5,0.09,224,0.83,0.27,0.37,0,0,0,3,2,0.1127,0.233,0,Successful Borrower
U04241,24,High School,Employed,10005.0,2,A04241,22,owner,1,0.38,highschool,3648.0,0.65,0.02,246,0.92,0.18,0.32,0,0,0,3,1,0.0884,0.156,0,Successful Borrower
U04242,20,Diploma,Employed,8179.0,3,A04242,26,rent,7,0.41,cert,3387.0,0.6,0.08,182,0.74,0.28,0.55,0,0,0,3,0,0.0002,0.3105,1,Defaulted
U04243,26,Bachelor's,Employed,8022.0,1,A04243,16,rent,11,0.7,bachelor,5214.0,0.49,0.17,99,0.69,0.46,0.55,0,1,0,2,0,0.0,0.3865,0,Successful Borrower
U04244,21,Bachelor's,Employed,6701.0,2,A04244,17,none,1,0.49,bachelor,3528.0,0.63,0.09,179,0.86,0.29,0.34,0,0,0,3,0,0.0,0.22,0,Successful Borrower
U04245,23,Master's,Employed,7714.0,3,A04245,50,rent,17,0.47,master,2964.0,0.66,0.08,161,0.79,0.25,0.3,0,0,0,2,1,0.1941,0.223,1,Defaulted
U04246,23,High School,Self-Employed,5833.0,2,A04246,6,owner,4,0.3,highschool,2368.0,0.63,0.11,141,0.91,0.17,0.18,0,0,0,3,1,0.0,0.1355,0,Successful Borrower
U04247,24,High School,Employed,9195.0,3,A04247,9,owner,0,0.67,highschool,4273.0,0.65,0.08,212,0.75,0.39,0.51,0,0,0,3,0,0.089,0.3245,1,Defaulted
U04248,20,Master's,Student,3108.0,2,A04248,5,rent,4,0.69,master,741.0,0.7,0.02,85,0.98,0.18,0.0,0,0,0,3,1,0.0672,0.055,0,Successful Borrower
U04249,23,Bachelor's,Student,2742.0,2,A04249,9,none,3,0.45,bachelor,1601.0,0.73,0.08,0,0.73,0.37,0.34,0,0,0,3,2,0.0838,0.284,1,Defaulted
U04250,20,Bachelor's,Student,3334.0,2,A04250,10,rent,16,0.33,bachelor,1601.0,0.6,0.12,91,0.68,0.49,0.37,0,0,0,3,0,0.082,0.345,1,Defaulted
U04251,20,Bachelor's,Employed,9473.0,1,A04251,27,owner,4,0.3,bachelor,5418.0,0.56,0.12,175,0.79,0.27,0.45,0,0,0,2,1,0.1456,0.2715,1,Defaulted
U04252,26,Bachelor's,Self-Employed,9060.0,3,A04252,37,owner,3,0.49,bachelor,3626.0,0.46,0.14,159,0.82,0.25,0.28,0,0,0,2,1,0.173,0.2165,0,Successful Borrower
U04253,23,Master's,Self-Employed,8303.0,1,A04253,48,rent,20,0.57,master,3917.0,0.53,0.13,147,0.78,0.28,0.37,0,0,0,2,0,0.0518,0.259,0,Successful Borrower
U04254,21,Master's,Self-Employed,9736.0,1,A04254,22,owner,4,0.41,master,3022.0,0.51,0.13,226,0.81,0.27,0.31,0,0,0,3,2,0.043,0.231,0,Successful Borrower
U04255,24,Bachelor's,Employed,9289.0,2,A04255,43,owner,3,0.47,bachelor,3035.0,0.53,0.05,214,0.9,0.16,0.26,0,0,0,3,0,0.0,0.1475,0,Successful Borrower
U04256,25,Bachelor's,Employed,8924.0,3,A04256,6,rent,6,0.45,bachelor,2261.0,0.54,0.09,218,0.74,0.28,0.42,0,0,0,2,0,0.113,0.2795,0,Successful Borrower
U04257,25,High School,Employed,7404.0,2,A04257,21,rent,5,0.64,highschool,3009.0,0.63,0.11,138,0.81,0.35,0.41,0,0,0,2,1,0.0,0.273,1,Defaulted
U04258,20,Bachelor's,Unemployed,1930.0,1,A04258,0,owner,2,0.54,bachelor,1295.0,0.51,0.22,59,0.61,0.55,0.74,0,0,0,0,2,0.1235,0.492,1,Defaulted
U04259,20,Master's,Employed,6937.0,3,A04259,51,rent,7,0.78,master,3369.0,0.47,0.12,80,0.67,0.41,0.5,0,0,0,1,2,0.0,0.361,0,Successful Borrower
U04260,21,High School,Student,1271.0,3,A04260,3,none,0,0.47,highschool,1047.0,0.72,0.09,39,0.74,0.35,0.39,0,0,0,2,0,0.0,0.2895,1,Defaulted
U04261,24,Bachelor's,Employed,9225.0,3,A04261,32,owner,0,0.49,bachelor,3319.0,0.51,0.07,174,0.87,0.32,0.24,0,0,0,2,0,0.149,0.196,0,Successful Borrower
U04262,25,Diploma,Self-Employed,9542.0,2,A04262,33,owner,2,0.43,cert,2707.0,0.65,0.11,224,0.9,0.15,0.23,0,0,0,3,2,0.0682,0.1465,0,Successful Borrower
U04263,21,Diploma,Employed,6626.0,2,A04263,30,rent,6,0.62,cert,2538.0,0.71,0.12,98,0.81,0.23,0.39,0,0,0,3,0,0.0803,0.2395,1,Defaulted
U04264,24,Master's,Unemployed,3260.0,2,A04264,5,rent,10,0.68,master,2498.0,0.62,0.29,19,0.56,0.47,0.59,0,0,0,2,1,0.0856,0.4625,1,Defaulted
U04265,22,Bachelor's,Student,3850.0,1,A04265,4,owner,2,0.69,bachelor,2074.0,0.66,0.11,108,0.73,0.33,0.33,0,0,0,2,0,0.1339,0.276,1,Defaulted
U04266,25,High School,Unemployed,2893.0,2,A04266,3,rent,23,0.47,highschool,1150.0,0.65,0.16,107,0.58,0.45,0.47,0,0,0,3,1,0.0458,0.401,0,Successful Borrower
U04267,26,High School,Employed,9266.0,2,A04267,38,rent,8,0.53,highschool,4350.0,0.7,0.06,173,0.8,0.41,0.43,0,0,0,1,0,0.0,0.289,0,Successful Borrower
U04268,20,High School,Self-Employed,7504.0,2,A04268,50,rent,23,0.32,highschool,3124.0,0.55,0.16,152,0.69,0.39,0.41,0,0,1,3,1,0.0,0.3325,1,Defaulted
U04269,23,Diploma,Self-Employed,7791.0,2,A04269,42,rent,14,0.3,cert,1074.0,0.59,0.14,231,0.86,0.29,0.24,0,0,0,3,0,0.0455,0.2025,0,Successful Borrower
U04270,21,Bachelor's,Employed,6728.0,1,A04270,25,rent,13,0.73,bachelor,4338.0,0.6,0.15,102,0.65,0.45,0.53,0,0,0,3,0,0.0,0.39,1,Defaulted
U04271,21,Master's,Self-Employed,10764.0,2,A04271,33,owner,3,0.7,master,4727.0,0.37,0.13,126,0.7,0.23,0.35,0,0,0,3,0,0.0386,0.2695,0,Successful Borrower
U04272,21,Diploma,Employed,9147.0,2,A04272,28,rent,24,0.53,cert,5126.0,0.65,0.15,148,0.63,0.46,0.58,0,0,0,2,1,0.1212,0.412,0,Successful Borrower
U04273,21,Bachelor's,Employed,8513.0,1,A04273,44,owner,4,0.6,bachelor,3505.0,0.51,0.06,191,0.79,0.27,0.32,0,0,0,3,0,0.0737,0.23,0,Successful Borrower
U04274,22,Diploma,Employed,11219.0,2,A04274,54,none,1,0.71,cert,4096.0,0.6,0.08,220,0.74,0.43,0.43,0,0,0,2,0,0.0786,0.318,0,Successful Borrower
U04275,24,Bachelor's,Unemployed,2518.0,2,A04275,3,rent,13,0.62,bachelor,1085.0,0.81,0.1,62,0.83,0.39,0.34,0,0,1,3,1,0.1366,0.257,0,Successful Borrower
U04276,22,Bachelor's,Self-Employed,3637.0,3,A04276,21,none,0,0.33,bachelor,1402.0,0.59,0.14,108,0.71,0.3,0.45,0,0,0,2,0,0.1171,0.31,0,Successful Borrower
U04277,26,High School,Employed,7208.0,2,A04277,20,owner,3,0.41,highschool,2726.0,0.61,0.09,172,0.79,0.26,0.38,0,0,0,2,0,0.1195,0.247,0,Successful Borrower
U04278,22,Bachelor's,Self-Employed,12848.0,3,A04278,30,owner,4,0.41,bachelor,3293.0,0.6,0.15,267,0.82,0.24,0.28,0,0,0,3,0,0.0,0.2155,1,Defaulted
U04279,22,Diploma,Employed,8239.0,3,A04279,37,rent,14,0.47,cert,4866.0,0.41,0.18,145,0.68,0.34,0.54,0,0,0,1,1,0.0,0.359,0,Successful Borrower
U04280,21,Bachelor's,Employed,8382.0,2,A04280,16,none,2,0.51,bachelor,3400.0,0.69,0.03,182,0.69,0.32,0.4,0,0,0,2,0,0.0776,0.293,0,Successful Borrower
U04281,25,High School,Self-Employed,9214.0,3,A04281,11,rent,9,0.56,highschool,5319.0,0.62,0.19,119,0.58,0.47,0.5,0,0,0,1,1,0.1234,0.418,1,Defaulted
U04282,22,Bachelor's,Employed,8142.0,2,A04282,12,rent,17,0.55,bachelor,4780.0,0.42,0.19,67,0.56,0.55,0.64,0,0,0,2,2,0.0644,0.48,1,Defaulted
U04283,22,Bachelor's,Unemployed,2242.0,3,A04283,4,rent,6,0.53,bachelor,822.0,0.59,0.16,59,0.66,0.48,0.44,0,0,0,2,0,0.0257,0.373,0,Successful Borrower
U04284,20,Bachelor's,Employed,8900.0,3,A04284,39,none,2,0.41,bachelor,4198.0,0.47,0.05,191,0.92,0.22,0.32,0,0,0,3,0,0.0761,0.1705,0,Successful Borrower
U04285,24,Diploma,Employed,9175.0,1,A04285,12,none,2,0.6,cert,2999.0,0.4,0.1,146,0.82,0.26,0.28,0,0,0,2,1,0.116,0.213,0,Successful Borrower
U04286,25,High School,Employed,7362.0,1,A04286,9,rent,15,0.52,highschool,2695.0,0.74,0.11,142,0.87,0.23,0.22,0,0,0,3,0,0.0846,0.1745,0,Successful Borrower
U04287,25,Bachelor's,Employed,7259.0,1,A04287,18,rent,4,0.64,bachelor,2092.0,0.49,0.06,187,0.89,0.19,0.29,0,0,0,3,0,0.0386,0.1675,0,Successful Borrower
U04288,22,Diploma,Student,2656.0,1,A04288,7,rent,5,0.46,cert,885.0,0.7,0.04,65,0.86,0.3,0.27,0,0,0,2,0,0.0154,0.1975,0,Successful Borrower
U04289,22,Bachelor's,Student,3988.0,3,A04289,5,none,4,0.32,bachelor,2339.0,0.78,0.13,105,0.72,0.39,0.41,0,0,0,3,1,0.1298,0.3175,1,Defaulted
U04290,23,Diploma,Employed,7579.0,3,A04290,6,owner,1,0.35,cert,2617.0,0.5,0.12,255,0.78,0.28,0.47,0,0,0,3,0,0.0,0.2825,0,Successful Borrower
U04291,23,Bachelor's,Self-Employed,5075.0,1,A04291,16,rent,8,0.56,bachelor,2076.0,0.72,0.18,84,0.82,0.21,0.43,0,0,0,2,1,0.0,0.25,0,Successful Borrower
U04292,25,Master's,Employed,8866.0,3,A04292,50,rent,22,0.41,master,2642.0,0.54,0.05,214,0.71,0.37,0.57,0,0,1,3,1,0.149,0.344,1,Defaulted
U04293,23,High School,Employed,8066.0,3,A04293,9,rent,16,0.42,highschool,3207.0,0.67,0.09,178,0.92,0.24,0.01,0,1,0,3,0,0.1156,0.104,0,Successful Borrower
U04294,24,Bachelor's,Self-Employed,8493.0,2,A04294,36,rent,6,0.48,bachelor,5618.0,0.56,0.23,129,0.65,0.31,0.63,0,0,0,3,2,0.0957,0.392,1,Defaulted
U04295,25,Bachelor's,Student,2965.0,1,A04295,1,rent,22,0.4,bachelor,1781.0,0.74,0.09,55,0.72,0.35,0.47,0,0,0,1,0,0.0,0.3165,0,Successful Borrower
U04296,25,Bachelor's,Employed,7990.0,3,A04296,12,rent,11,0.54,bachelor,3871.0,0.6,0.06,154,0.82,0.26,0.36,0,0,0,3,1,0.1214,0.227,0,Successful Borrower
U04297,26,Master's,Student,5333.0,3,A04297,8,rent,6,0.3,master,1362.0,0.7,0.02,158,0.98,0.21,0.1,0,0,0,3,0,0.0876,0.0875,0,Successful Borrower
U04298,24,Bachelor's,Employed,7639.0,1,A04298,25,rent,4,0.67,bachelor,1883.0,0.46,0.08,233,0.96,0.1,0.26,0,0,0,3,0,0.0917,0.116,0,Successful Borrower
U04299,23,Bachelor's,Student,4795.0,3,A04299,10,rent,4,0.47,bachelor,2243.0,0.54,0.05,44,0.87,0.17,0.23,0,0,0,3,0,0.0,0.153,0,Successful Borrower
U04300,23,Bachelor's,Student,3824.0,1,A04300,5,rent,13,0.54,bachelor,2404.0,0.76,0.2,14,0.56,0.47,0.62,0,0,0,0,2,0.0221,0.4565,1,Defaulted
U04301,20,Master's,Employed,6622.0,1,A04301,13,owner,2,0.59,master,1224.0,0.53,0.07,193,1.0,0.11,0.0,0,0,0,3,0,0.0992,0.038,0,Successful Borrower
U04302,23,Bachelor's,Employed,9526.0,1,A04302,41,rent,13,0.64,bachelor,2207.0,0.64,0.06,225,0.85,0.26,0.25,0,0,0,3,0,0.1115,0.189,0,Successful Borrower
U04303,21,High School,Student,1661.0,1,A04303,9,rent,10,0.46,highschool,582.0,0.58,0.07,67,0.77,0.3,0.33,0,0,0,2,0,0.1261,0.2485,0,Successful Borrower
U04304,21,Bachelor's,Student,2249.0,2,A04304,6,rent,17,0.3,bachelor,1219.0,0.58,0.11,21,0.76,0.34,0.29,0,0,0,1,1,0.0648,0.258,1,Defaulted
U04305,25,High School,Student,4011.0,2,A04305,12,owner,2,0.36,highschool,1850.0,0.5,0.1,88,0.59,0.46,0.54,0,0,0,2,0,0.1139,0.4085,1,Defaulted
U04306,22,Diploma,Employed,9650.0,2,A04306,41,owner,1,0.52,cert,2958.0,0.69,0.1,189,0.82,0.19,0.34,0,0,0,3,0,0.0,0.2105,0,Successful Borrower
U04307,24,Bachelor's,Unemployed,3640.0,2,A04307,3,owner,3,0.68,bachelor,2419.0,0.65,0.13,86,0.82,0.32,0.3,0,0,0,2,0,0.0664,0.2375,0,Successful Borrower
U04308,24,Bachelor's,Student,4664.0,1,A04308,9,none,3,0.49,bachelor,1790.0,0.63,0.08,127,0.8,0.19,0.21,0,0,0,3,1,0.0479,0.182,0,Successful Borrower
U04309,26,Bachelor's,Employed,7322.0,2,A04309,16,rent,24,0.47,bachelor,2215.0,0.75,0.09,205,0.87,0.24,0.33,0,0,0,2,1,0.0808,0.2015,0,Successful Borrower
U04310,20,Bachelor's,Employed,6843.0,2,A04310,54,rent,4,0.53,bachelor,4221.0,0.57,0.14,135,0.73,0.29,0.48,0,0,0,2,1,0.0345,0.308,0,Successful Borrower
U04311,24,Bachelor's,Student,4225.0,2,A04311,5,rent,19,0.6,bachelor,2327.0,0.63,0.11,83,0.82,0.25,0.32,0,0,0,0,0,0.0566,0.222,0,Successful Borrower
U04312,25,Bachelor's,Self-Employed,8386.0,2,A04312,13,rent,20,0.74,bachelor,2573.0,0.53,0.14,202,0.78,0.34,0.44,0,0,0,3,1,0.0,0.293,1,Defaulted
U04313,25,Master's,Unemployed,3778.0,3,A04313,6,rent,6,0.47,master,2162.0,0.8,0.15,25,0.77,0.41,0.26,0,0,0,2,1,0.0,0.2705,0,Successful Borrower
U04314,24,Bachelor's,Employed,7857.0,1,A04314,24,rent,18,0.52,bachelor,3247.0,0.71,0.11,225,0.75,0.34,0.32,0,0,0,2,0,0.0862,0.269,1,Defaulted
U04315,26,Bachelor's,Student,2899.0,1,A04315,10,rent,11,0.51,bachelor,1154.0,0.62,0.07,47,0.67,0.38,0.58,0,0,0,1,0,0.1386,0.366,1,Defaulted
U04316,24,Bachelor's,Student,5234.0,1,A04316,12,none,0,0.65,bachelor,2600.0,0.57,0.11,112,0.78,0.18,0.4,0,0,1,2,1,0.1178,0.2385,0,Successful Borrower
U04317,26,PhD,Self-Employed,11058.0,3,A04317,60,owner,3,0.48,phd,6188.0,0.49,0.29,152,0.56,0.44,0.59,0,0,0,3,1,0.0637,0.455,1,Defaulted
U04318,26,Diploma,Student,3495.0,3,A04318,10,owner,3,0.67,cert,1239.0,0.58,0.07,127,0.76,0.28,0.41,0,0,0,2,0,0.0,0.267,0,Successful Borrower
U04319,26,Bachelor's,Student,3096.0,2,A04319,1,owner,2,0.38,bachelor,1847.0,0.76,0.22,33,0.56,0.59,0.76,0,0,0,0,3,0.0774,0.5245,1,Defaulted
U04320,20,Bachelor's,Student,5112.0,2,A04320,4,rent,15,0.55,bachelor,3366.0,0.67,0.21,118,0.56,0.48,0.61,0,0,0,3,2,0.0411,0.458,1,Defaulted
U04321,26,Diploma,Self-Employed,9415.0,3,A04321,17,rent,10,0.56,cert,5100.0,0.55,0.23,168,0.7,0.32,0.49,0,0,0,3,0,0.0796,0.342,0,Successful Borrower
U04322,23,High School,Employed,9101.0,2,A04322,60,owner,2,0.55,highschool,3395.0,0.4,0.06,199,0.64,0.41,0.59,0,0,0,3,1,0.0692,0.385,1,Defaulted
U04323,20,Bachelor's,Unemployed,2330.0,2,A04323,0,none,3,0.3,bachelor,946.0,0.69,0.21,73,0.74,0.39,0.48,0,0,0,0,3,0.1432,0.34,1,Defaulted
U04324,23,High School,Employed,9266.0,2,A04324,25,owner,3,0.48,highschool,5267.0,0.62,0.15,141,0.56,0.52,0.68,0,0,1,2,2,0.0733,0.4765,1,Defaulted
U04325,26,Bachelor's,Employed,9091.0,3,A04325,23,owner,0,0.62,bachelor,3732.0,0.53,0.08,253,0.84,0.24,0.28,0,0,0,2,0,0.148,0.198,0,Successful Borrower
U04326,23,Diploma,Unemployed,1666.0,2,A04326,5,owner,3,0.45,cert,1243.0,0.74,0.23,11,0.67,0.54,0.55,0,0,0,1,2,0.0464,0.4225,1,Defaulted
U04327,21,Bachelor's,Unemployed,3094.0,3,A04327,2,rent,9,0.59,bachelor,1714.0,0.51,0.19,76,0.75,0.48,0.39,0,0,0,1,0,0.0626,0.3335,1,Defaulted
U04328,25,Master's,Self-Employed,7516.0,2,A04328,14,rent,14,0.3,master,2537.0,0.62,0.09,219,0.91,0.12,0.24,0,0,0,3,0,0.0994,0.135,0,Successful Borrower
U04329,20,High School,Student,3186.0,3,A04329,0,rent,20,0.54,highschool,2182.0,0.76,0.11,93,0.74,0.31,0.34,0,0,0,2,2,0.0302,0.27,0,Successful Borrower
U04330,22,Bachelor's,Employed,11123.0,1,A04330,36,owner,1,0.7,bachelor,4187.0,0.47,0.1,224,0.95,0.2,0.26,0,0,0,3,0,0.0,0.1475,0,Successful Borrower
U04331,23,Master's,Employed,7606.0,2,A04331,32,rent,20,0.86,master,2765.0,0.54,0.1,159,0.73,0.34,0.49,0,0,0,3,0,0.0754,0.317,0,Successful Borrower
U04332,24,Master's,Employed,7443.0,3,A04332,13,rent,13,0.48,master,3628.0,0.62,0.11,125,0.81,0.26,0.4,0,0,0,3,0,0.097,0.248,0,Successful Borrower
U04333,23,High School,Employed,7281.0,3,A04333,34,owner,1,0.65,highschool,4154.0,0.56,0.08,141,0.81,0.26,0.36,0,0,0,3,0,0.1501,0.2335,0,Successful Borrower
U04334,24,Bachelor's,Employed,10292.0,2,A04334,25,rent,5,0.49,bachelor,3993.0,0.49,0.06,188,0.75,0.32,0.39,0,0,0,2,0,0.0929,0.274,0,Successful Borrower
U04335,26,Bachelor's,Employed,6726.0,3,A04335,10,rent,4,0.66,bachelor,2765.0,0.81,0.05,80,0.74,0.38,0.39,0,0,0,1,0,0.1503,0.291,1,Defaulted
U04336,21,Diploma,Employed,5140.0,2,A04336,7,rent,20,0.51,cert,2780.0,0.73,0.13,138,0.86,0.33,0.26,0,0,0,2,0,0.1011,0.216,0,Successful Borrower
U04337,22,Master's,Employed,8515.0,2,A04337,51,none,0,0.36,master,572.0,0.51,0.04,247,0.97,0.28,0.04,0,0,0,3,0,0.0,0.0965,0,Successful Borrower
U04338,23,Master's,Employed,7457.0,2,A04338,7,rent,24,0.61,master,4498.0,0.6,0.17,131,0.67,0.43,0.56,0,0,0,2,0,0.0739,0.3885,1,Defaulted
U04339,23,Master's,Employed,6279.0,2,A04339,19,rent,21,0.79,master,1441.0,0.69,0.02,185,0.91,0.16,0.06,0,0,0,3,0,0.0,0.0895,0,Successful Borrower
U04340,22,Bachelor's,Employed,4822.0,2,A04340,16,rent,21,0.34,bachelor,2386.0,0.4,0.1,125,0.84,0.31,0.43,0,0,0,3,0,0.1007,0.256,0,Successful Borrower
U04341,24,Master's,Self-Employed,8512.0,2,A04341,19,owner,4,0.38,master,2687.0,0.4,0.14,172,0.72,0.35,0.43,0,0,0,3,1,0.0747,0.314,0,Successful Borrower
U04342,26,Diploma,Employed,8562.0,2,A04342,49,rent,5,0.6,cert,4171.0,0.42,0.1,156,0.79,0.29,0.38,0,0,0,3,0,0.076,0.256,0,Successful Borrower
U04343,20,Master's,Unemployed,2057.0,3,A04343,5,rent,14,0.38,master,871.0,0.57,0.12,53,0.79,0.36,0.35,0,0,0,0,0,0.1146,0.269,0,Successful Borrower
U04344,23,High School,Employed,10266.0,1,A04344,29,rent,21,0.93,highschool,4367.0,0.6,0.12,184,0.73,0.34,0.48,0,0,0,3,1,0.0452,0.3175,0,Successful Borrower
U04345,20,Bachelor's,Student,3934.0,1,A04345,9,rent,19,0.3,bachelor,2663.0,0.63,0.12,67,0.81,0.26,0.3,0,0,0,1,1,0.0,0.2245,0,Successful Borrower
U04346,24,High School,Self-Employed,9631.0,2,A04346,56,rent,18,0.46,highschool,4819.0,0.55,0.19,146,0.69,0.34,0.43,0,0,0,2,0,0.089,0.3295,0,Successful Borrower
U04347,23,Bachelor's,Self-Employed,9126.0,3,A04347,57,rent,14,0.51,bachelor,5363.0,0.49,0.18,105,0.72,0.38,0.53,0,0,0,3,0,0.1299,0.3525,0,Successful Borrower
U04348,25,Diploma,Self-Employed,8951.0,3,A04348,11,rent,13,0.45,cert,5368.0,0.4,0.27,105,0.56,0.42,0.59,0,1,0,1,1,0.0346,0.447,1,Defaulted
U04349,26,Diploma,Employed,8172.0,1,A04349,25,none,1,0.37,cert,4036.0,0.5,0.09,164,0.76,0.3,0.29,0,0,0,2,1,0.0216,0.245,0,Successful Borrower
U04350,24,Bachelor's,Student,3330.0,3,A04350,3,rent,9,0.64,bachelor,553.0,0.67,0.03,134,0.79,0.4,0.27,0,0,0,2,1,0.0,0.2455,0,Successful Borrower
U04351,20,Master's,Student,3449.0,2,A04351,2,owner,4,0.5,master,2082.0,0.64,0.18,26,0.56,0.43,0.72,0,0,0,3,0,0.0,0.4685,1,Defaulted
U04352,20,High School,Employed,5863.0,2,A04352,24,rent,19,0.45,highschool,3198.0,0.54,0.16,82,0.66,0.38,0.49,0,0,0,2,0,0.1667,0.3605,1,Defaulted
U04353,23,Bachelor's,Unemployed,3064.0,3,A04353,2,rent,12,0.38,bachelor,1374.0,0.66,0.1,69,0.71,0.39,0.36,1,0,0,1,0,0.1266,0.304,1,Defaulted
U04354,26,Master's,Unemployed,3910.0,2,A04354,0,rent,9,0.81,master,1531.0,0.57,0.14,68,0.75,0.31,0.32,0,0,0,2,0,0.0803,0.266,0,Successful Borrower
U04355,25,Bachelor's,Unemployed,2136.0,3,A04355,6,none,2,0.41,bachelor,1794.0,0.6,0.22,0,0.6,0.57,0.56,0,0,0,1,3,0.0515,0.4555,1,Defaulted
U04356,25,Bachelor's,Self-Employed,9081.0,3,A04356,51,owner,4,0.52,bachelor,4033.0,0.65,0.15,151,0.75,0.28,0.37,0,0,0,3,1,0.1276,0.2725,1,Defaulted
U04357,20,High School,Student,3551.0,3,A04357,11,rent,7,0.61,highschool,1833.0,0.57,0.08,111,0.82,0.28,0.4,0,0,0,3,0,0.2103,0.245,0,Successful Borrower
U04358,23,Bachelor's,Employed,9335.0,2,A04358,10,rent,14,0.42,bachelor,4777.0,0.51,0.06,213,0.82,0.32,0.36,0,0,0,2,2,0.061,0.242,0,Successful Borrower
U04359,25,Bachelor's,Employed,8977.0,2,A04359,19,rent,6,0.64,bachelor,4725.0,0.59,0.07,171,0.83,0.32,0.23,0,0,0,3,0,0.1673,0.2075,0,Successful Borrower
U04360,21,Bachelor's,Student,4205.0,2,A04360,1,none,0,0.59,bachelor,1502.0,0.69,0.07,143,0.96,0.24,0.16,0,0,0,3,1,0.2175,0.1245,0,Successful Borrower
U04361,24,Bachelor's,Self-Employed,5984.0,1,A04361,51,owner,0,0.52,bachelor,2769.0,0.7,0.18,125,0.66,0.36,0.47,0,0,0,3,0,0.0,0.3535,1,Defaulted
U04362,23,Master's,Student,2645.0,1,A04362,5,rent,7,0.56,master,1434.0,0.55,0.03,46,0.85,0.38,0.3,0,0,0,2,0,0.0977,0.227,1,Defaulted
U04363,24,Master's,Employed,9897.0,2,A04363,55,rent,4,0.49,master,4886.0,0.58,0.17,170,0.62,0.34,0.53,0,0,0,2,1,0.0,0.376,1,Defaulted
U04364,26,Bachelor's,Self-Employed,8961.0,2,A04364,16,rent,17,0.56,bachelor,2361.0,0.51,0.1,190,0.91,0.14,0.19,0,0,0,3,0,0.0,0.129,0,Successful Borrower
U04365,25,Bachelor's,Unemployed,2178.0,3,A04365,3,owner,4,0.5,bachelor,528.0,0.48,0.11,104,0.68,0.41,0.44,0,0,0,3,0,0.0675,0.341,0,Successful Borrower
U04366,23,Master's,Student,4832.0,3,A04366,9,owner,4,0.49,master,1946.0,0.48,0.08,115,0.88,0.15,0.28,0,0,0,2,0,0.0573,0.1615,0,Successful Borrower
U04367,25,Bachelor's,Employed,9191.0,1,A04367,42,owner,0,0.66,bachelor,2403.0,0.57,0.02,261,1.0,0.17,0.17,0,0,0,2,0,0.0921,0.088,0,Successful Borrower
U04368,24,Diploma,Student,4049.0,3,A04368,1,rent,9,0.35,cert,1238.0,0.77,0.06,104,0.95,0.19,0.21,0,0,0,3,0,0.0,0.1265,0,Successful Borrower
U04369,21,High School,Unemployed,2865.0,2,A04369,2,rent,9,0.44,highschool,1150.0,0.67,0.08,87,0.81,0.37,0.25,0,0,0,2,0,0.1268,0.2335,0,Successful Borrower
U04370,20,High School,Employed,9254.0,3,A04370,11,rent,10,0.48,highschool,2322.0,0.55,0.03,238,0.87,0.15,0.34,0,0,0,3,0,0.0383,0.1725,0,Successful Borrower
U04371,23,Master's,Self-Employed,12315.0,2,A04371,12,owner,1,0.3,master,5557.0,0.63,0.13,183,0.72,0.32,0.44,0,0,0,2,1,0.1745,0.3075,1,Defaulted
U04372,21,Bachelor's,Employed,4988.0,1,A04372,17,rent,12,0.54,bachelor,2753.0,0.54,0.13,158,0.79,0.38,0.42,0,0,0,1,0,0.1134,0.293,1,Defaulted
U04373,21,Bachelor's,Self-Employed,6163.0,2,A04373,53,rent,10,0.71,bachelor,2724.0,0.54,0.16,140,0.77,0.23,0.45,0,0,0,2,0,0.0776,0.2745,1,Defaulted
U04374,24,Bachelor's,Self-Employed,10416.0,2,A04374,38,rent,21,0.6,bachelor,2370.0,0.53,0.16,307,0.83,0.17,0.37,0,0,0,2,0,0.0,0.2185,1,Defaulted
U04375,23,Bachelor's,Employed,6199.0,3,A04375,45,rent,18,0.66,bachelor,3858.0,0.58,0.22,47,0.56,0.49,0.62,0,0,0,2,2,0.0017,0.4645,0,Successful Borrower
U04376,20,Bachelor's,Employed,8407.0,2,A04376,8,owner,4,0.71,bachelor,3803.0,0.54,0.08,195,0.93,0.26,0.08,0,0,0,3,0,0.1354,0.1215,0,Successful Borrower
U04377,22,Bachelor's,Self-Employed,9689.0,2,A04377,42,rent,18,0.59,bachelor,3296.0,0.33,0.12,163,0.82,0.27,0.31,0,0,0,3,0,0.0,0.226,1,Defaulted
U04378,21,Bachelor's,Employed,9982.0,3,A04378,33,rent,9,0.53,bachelor,3030.0,0.4,0.07,203,0.92,0.22,0.19,0,0,0,2,1,0.0799,0.141,0,Successful Borrower
U04379,20,Bachelor's,Employed,8388.0,3,A04379,27,none,3,0.33,bachelor,3800.0,0.58,0.04,226,0.83,0.27,0.33,0,0,0,2,0,0.1808,0.2155,1,Defaulted
U04380,24,Bachelor's,Employed,7209.0,2,A04380,11,none,2,0.55,bachelor,2734.0,0.6,0.04,162,0.88,0.24,0.32,0,0,0,1,0,0.0232,0.188,0,Successful Borrower
U04381,21,PhD,Self-Employed,6333.0,3,A04381,6,rent,23,0.5,phd,3878.0,0.68,0.25,33,0.56,0.46,0.65,0,0,0,2,2,0.0454,0.469,1,Defaulted
U04382,24,High School,Student,4827.0,1,A04382,12,rent,11,0.35,highschool,3050.0,0.58,0.11,8,0.68,0.34,0.45,0,0,0,2,0,0.0,0.326,0,Successful Borrower
U04383,21,High School,Student,3771.0,2,A04383,8,rent,7,0.42,highschool,2200.0,0.69,0.13,62,0.68,0.36,0.45,0,0,0,1,0,0.0502,0.334,0,Successful Borrower
U04384,21,Bachelor's,Unemployed,2174.0,2,A04384,3,rent,7,0.49,bachelor,853.0,0.71,0.14,99,0.74,0.43,0.49,0,0,1,3,0,0.0889,0.342,1,Defaulted
U04385,20,Master's,Self-Employed,7206.0,3,A04385,60,rent,11,0.53,master,2973.0,0.71,0.15,165,0.73,0.36,0.49,0,0,0,3,1,0.0605,0.3295,0,Successful Borrower
U04386,23,Master's,Unemployed,2457.0,2,A04386,6,rent,5,0.37,master,1625.0,0.5,0.25,45,0.56,0.55,0.68,0,0,0,2,3,0.2102,0.499,1,Defaulted
U04387,22,Bachelor's,Self-Employed,5639.0,1,A04387,37,rent,18,0.62,bachelor,2001.0,0.67,0.11,158,0.8,0.23,0.22,0,0,0,1,0,0.124,0.199,0,Successful Borrower
U04388,26,High School,Self-Employed,6727.0,2,A04388,14,rent,4,0.6,highschool,2843.0,0.56,0.18,144,0.8,0.24,0.3,0,1,0,3,1,0.1656,0.232,0,Successful Borrower
U04389,25,Master's,Employed,8683.0,2,A04389,33,owner,1,0.47,master,2044.0,0.59,0.07,219,0.84,0.28,0.25,0,0,1,3,1,0.0963,0.199,0,Successful Borrower
U04390,22,High School,Employed,8973.0,3,A04390,30,rent,21,0.34,highschool,1662.0,0.55,0.04,212,1.0,0.12,0.04,0,0,0,3,0,0.1164,0.046,0,Successful Borrower
U04391,21,Master's,Student,3997.0,2,A04391,0,rent,19,0.43,master,2279.0,0.62,0.19,70,0.64,0.37,0.53,0,0,0,3,0,0.0256,0.3795,1,Defaulted
U04392,26,Bachelor's,Employed,8930.0,3,A04392,48,rent,10,0.53,bachelor,1767.0,0.47,0.03,239,0.94,0.23,0.18,0,0,0,2,1,0.0655,0.128,0,Successful Borrower
U04393,24,Bachelor's,Self-Employed,11223.0,1,A04393,59,owner,3,0.62,bachelor,2479.0,0.42,0.14,257,0.82,0.25,0.33,0,0,0,2,0,0.0,0.229,0,Successful Borrower
U04394,23,Master's,Student,4740.0,3,A04394,4,none,0,0.51,master,2729.0,0.65,0.15,54,0.59,0.4,0.52,0,0,0,2,0,0.0147,0.396,1,Defaulted
U04395,26,Bachelor's,Employed,8358.0,3,A04395,40,owner,0,0.3,bachelor,3252.0,0.59,0.07,200,0.72,0.34,0.46,0,0,0,3,0,0.0758,0.3085,0,Successful Borrower
U04396,26,Master's,Employed,9010.0,1,A04396,12,owner,1,0.49,master,4017.0,0.44,0.06,211,0.88,0.16,0.31,0,0,0,3,1,0.1219,0.1685,0,Successful Borrower
U04397,21,High School,Employed,6704.0,2,A04397,29,rent,21,0.48,highschool,1663.0,0.7,0.07,113,0.89,0.31,0.37,0,0,0,1,0,0.2064,0.219,0,Successful Borrower
U04398,23,Bachelor's,Student,2427.0,3,A04398,8,rent,23,0.47,bachelor,1419.0,0.64,0.03,59,0.89,0.29,0.29,0,0,0,2,1,0.0,0.188,0,Successful Borrower
U04399,24,High School,Employed,10903.0,1,A04399,41,rent,9,0.51,highschool,3605.0,0.53,0.07,240,0.87,0.13,0.36,0,0,0,2,1,0.0696,0.1785,0,Successful Borrower
U04400,21,High School,Employed,7950.0,2,A04400,40,owner,3,0.46,highschool,3744.0,0.63,0.06,96,0.81,0.27,0.43,0,0,0,1,1,0.1979,0.2505,1,Defaulted
U04401,21,Bachelor's,Employed,7235.0,2,A04401,7,rent,10,0.48,bachelor,3930.0,0.72,0.04,133,0.9,0.17,0.28,0,0,0,2,0,0.0471,0.1535,0,Successful Borrower
U04402,21,Master's,Student,2606.0,2,A04402,4,rent,12,0.62,master,1246.0,0.75,0.04,59,0.92,0.27,0.23,0,0,0,2,0,0.1173,0.159,0,Successful Borrower
U04403,23,Master's,Student,2126.0,1,A04403,2,rent,6,0.6,master,418.0,0.66,0.04,93,0.9,0.3,0.31,0,0,0,3,0,0.0675,0.1935,0,Successful Borrower
U04404,26,Master's,Unemployed,3463.0,1,A04404,0,rent,8,0.4,master,1567.0,0.48,0.15,56,0.82,0.38,0.26,0,0,0,3,0,0.1207,0.2455,0,Successful Borrower
U04405,26,Bachelor's,Unemployed,3094.0,3,A04405,1,owner,3,0.51,bachelor,2221.0,0.5,0.25,26,0.56,0.59,0.71,0,0,0,1,2,0.0712,0.5165,1,Defaulted
U04406,22,Bachelor's,Employed,4472.0,2,A04406,30,rent,6,0.42,bachelor,2666.0,0.49,0.16,84,0.61,0.38,0.52,0,0,0,2,1,0.1109,0.3855,1,Defaulted
U04407,25,Bachelor's,Employed,5841.0,2,A04407,25,owner,3,0.45,bachelor,2202.0,0.59,0.04,164,0.8,0.37,0.33,0,0,0,3,0,0.1115,0.251,0,Successful Borrower
U04408,23,Diploma,Employed,8877.0,3,A04408,28,none,4,0.56,cert,2910.0,0.67,0.09,182,0.82,0.23,0.41,0,0,0,3,1,0.0071,0.2365,0,Successful Borrower
U04409,20,Bachelor's,Employed,7030.0,3,A04409,24,rent,4,0.6,bachelor,3639.0,0.61,0.12,150,0.71,0.35,0.52,0,0,0,3,0,0.1125,0.337,0,Successful Borrower
U04410,26,Bachelor's,Self-Employed,7993.0,2,A04410,51,owner,2,0.61,bachelor,5375.0,0.67,0.22,15,0.63,0.45,0.6,0,0,0,1,2,0.0616,0.425,1,Defaulted
U04411,24,Master's,Employed,6978.0,1,A04411,17,rent,5,0.72,master,2120.0,0.5,0.06,196,0.82,0.25,0.35,0,0,0,3,0,0.12,0.222,0,Successful Borrower
U04412,23,Diploma,Employed,8100.0,3,A04412,52,owner,2,0.58,cert,1709.0,0.42,0.03,211,0.92,0.28,0.25,0,0,0,3,0,0.1662,0.165,0,Successful Borrower
U04413,22,Master's,Employed,4648.0,2,A04413,9,rent,7,0.52,master,3235.0,0.6,0.18,64,0.73,0.32,0.45,0,0,0,3,0,0.0369,0.314,0,Successful Borrower
U04414,25,Bachelor's,Self-Employed,5159.0,1,A04414,6,rent,12,0.72,bachelor,501.0,0.6,0.12,175,0.91,0.14,0.31,0,0,0,2,0,0.2754,0.162,0,Successful Borrower
U04415,20,Bachelor's,Employed,6705.0,1,A04415,24,rent,9,0.71,bachelor,2099.0,0.56,0.03,207,0.88,0.17,0.23,0,0,0,2,0,0.0,0.1465,0,Successful Borrower
U04416,21,Bachelor's,Employed,8466.0,1,A04416,46,rent,4,0.54,bachelor,3607.0,0.6,0.08,129,0.8,0.26,0.48,0,0,0,2,1,0.083,0.267,0,Successful Borrower
U04417,21,Master's,Employed,10162.0,2,A04417,53,owner,2,0.3,master,4137.0,0.38,0.02,236,0.94,0.32,0.19,0,0,0,3,0,0.0942,0.1515,0,Successful Borrower
U04418,23,High School,Student,2800.0,2,A04418,12,owner,3,0.54,highschool,1206.0,0.59,0.09,60,0.69,0.35,0.43,0,0,0,0,1,0.1625,0.317,0,Successful Borrower
U04419,24,Master's,Unemployed,2629.0,3,A04419,1,rent,4,0.57,master,1062.0,0.72,0.09,89,0.86,0.23,0.19,0,0,0,2,1,0.1109,0.1675,0,Successful Borrower
U04420,24,Diploma,Self-Employed,10410.0,2,A04420,12,owner,1,0.35,cert,3709.0,0.66,0.2,211,0.68,0.36,0.49,0,0,0,1,2,0.116,0.3545,1,Defaulted
U04421,23,Diploma,Employed,7841.0,2,A04421,45,owner,2,0.45,cert,3453.0,0.67,0.07,150,0.79,0.27,0.28,0,0,0,2,2,0.0355,0.2215,0,Successful Borrower
U04422,22,Bachelor's,Employed,6861.0,3,A04422,36,rent,19,0.53,bachelor,2742.0,0.59,0.08,157,0.8,0.25,0.32,0,0,0,2,0,0.0069,0.2245,0,Successful Borrower
U04423,24,Bachelor's,Self-Employed,9046.0,2,A04423,38,none,4,0.65,bachelor,3780.0,0.42,0.17,138,0.72,0.27,0.35,0,0,0,2,1,0.0465,0.2785,0,Successful Borrower
U04424,21,Bachelor's,Self-Employed,10639.0,3,A04424,45,rent,4,0.34,bachelor,2967.0,0.54,0.16,190,0.89,0.14,0.41,0,0,0,3,1,0.0216,0.2,0,Successful Borrower
U04425,26,Diploma,Self-Employed,7676.0,2,A04425,7,owner,2,0.51,cert,3275.0,0.46,0.09,200,1.0,0.05,0.11,0,0,0,3,0,0.0822,0.0535,0,Successful Borrower
U04426,25,High School,Employed,8867.0,3,A04426,42,rent,9,0.3,highschool,4082.0,0.66,0.11,204,0.76,0.36,0.35,0,0,0,3,0,0.1978,0.278,0,Successful Borrower
U04427,23,High School,Employed,9452.0,2,A04427,56,owner,3,0.57,highschool,3980.0,0.81,0.05,185,0.81,0.38,0.21,0,0,0,2,1,0.0704,0.2215,0,Successful Borrower
U04428,25,High School,Student,3439.0,2,A04428,5,rent,6,0.32,highschool,1268.0,0.68,0.12,26,0.8,0.32,0.27,0,0,0,3,0,0.2344,0.2355,0,Successful Borrower
U04429,24,Master's,Student,4102.0,2,A04429,0,rent,23,0.69,master,1471.0,0.44,0.08,72,0.72,0.32,0.42,0,0,0,1,0,0.1144,0.295,1,Defaulted
U04430,22,Master's,Self-Employed,6791.0,3,A04430,14,none,1,0.35,master,2676.0,0.61,0.15,113,0.81,0.26,0.42,0,0,0,2,0,0.0713,0.259,0,Successful Borrower
U04431,25,Bachelor's,Employed,8252.0,2,A04431,25,rent,10,0.57,bachelor,2331.0,0.67,0.03,176,0.88,0.24,0.3,0,0,0,2,0,0.0977,0.1815,0,Successful Borrower
U04432,25,High School,Student,4425.0,1,A04432,8,rent,18,0.46,highschool,1908.0,0.73,0.02,93,0.91,0.2,0.27,0,0,0,2,0,0.0194,0.152,0,Successful Borrower
U04433,25,Bachelor's,Employed,5980.0,2,A04433,18,rent,16,0.48,bachelor,2738.0,0.59,0.09,114,0.8,0.31,0.32,0,0,0,3,0,0.1887,0.241,0,Successful Borrower
U04434,26,Diploma,Employed,8554.0,2,A04434,31,rent,10,0.63,cert,2769.0,0.74,0.05,184,0.85,0.2,0.19,0,0,0,2,1,0.0114,0.1575,1,Defaulted
U04435,20,Master's,Employed,7471.0,1,A04435,53,rent,7,0.67,master,2440.0,0.71,0.06,258,0.84,0.2,0.23,0,0,0,3,0,0.0222,0.1725,0,Successful Borrower
U04436,24,Diploma,Student,3154.0,3,A04436,1,rent,13,0.45,cert,1253.0,0.67,0.08,102,0.79,0.24,0.37,0,0,0,2,0,0.2902,0.238,0,Successful Borrower
U04437,21,Master's,Student,2250.0,2,A04437,5,none,0,0.42,master,610.0,0.51,0.03,67,0.9,0.23,0.16,0,0,0,2,0,0.0879,0.137,0,Successful Borrower
U04438,21,PhD,Employed,11052.0,3,A04438,38,none,2,0.65,phd,4201.0,0.3,0.07,151,0.89,0.17,0.27,0,0,0,2,0,0.0745,0.159,0,Successful Borrower
U04439,26,High School,Student,4073.0,2,A04439,4,rent,21,0.56,highschool,1631.0,0.32,0.07,56,0.72,0.37,0.36,0,0,0,2,0,0.0509,0.291,0,Successful Borrower
U04440,23,Master's,Employed,9245.0,1,A04440,54,rent,21,0.92,master,2897.0,0.6,0.08,216,0.92,0.19,0.28,0,0,0,2,1,0.0,0.1575,0,Successful Borrower
U04441,22,High School,Self-Employed,8234.0,2,A04441,56,owner,0,0.56,highschool,3828.0,0.61,0.19,120,0.69,0.29,0.48,0,0,0,3,1,0.0847,0.3295,1,Defaulted
U04442,21,Bachelor's,Employed,7913.0,1,A04442,33,owner,4,0.56,bachelor,2648.0,0.56,0.06,230,0.87,0.22,0.32,0,0,0,3,0,0.0187,0.1895,0,Successful Borrower
U04443,25,High School,Employed,11581.0,3,A04443,38,none,2,0.69,highschool,1681.0,0.43,0.11,300,0.9,0.14,0.24,0,0,0,3,1,0.0454,0.1465,0,Successful Borrower
U04444,23,Master's,Self-Employed,12530.0,2,A04444,41,none,2,0.3,master,6026.0,0.7,0.13,125,0.79,0.22,0.29,0,0,0,2,2,0.0389,0.2205,0,Successful Borrower
U04445,20,Diploma,Employed,7155.0,2,A04445,21,owner,3,0.71,cert,2924.0,0.8,0.09,127,0.78,0.27,0.36,0,1,0,2,1,0.0996,0.248,1,Defaulted
U04446,22,Bachelor's,Employed,4133.0,3,A04446,13,rent,14,0.55,bachelor,1575.0,0.63,0.05,71,0.79,0.3,0.34,0,0,0,1,0,0.0678,0.241,0,Successful Borrower
U04447,21,Master's,Self-Employed,10237.0,2,A04447,53,rent,17,0.48,master,2637.0,0.44,0.14,183,0.72,0.31,0.43,0,0,0,2,0,0.0687,0.304,1,Defaulted
U04448,22,Bachelor's,Student,3743.0,3,A04448,5,rent,4,0.48,bachelor,1616.0,0.56,0.09,59,0.82,0.25,0.27,0,0,0,2,0,0.169,0.2065,1,Defaulted
U04449,25,Master's,Employed,11107.0,2,A04449,29,rent,12,0.6,master,3334.0,0.61,0.07,203,0.72,0.32,0.36,0,0,0,3,0,0.1495,0.2785,0,Successful Borrower
U04450,23,Bachelor's,Employed,8903.0,2,A04450,37,owner,3,0.42,bachelor,3139.0,0.69,0.09,197,0.8,0.3,0.27,0,0,0,2,0,0.1096,0.226,0,Successful Borrower
U04451,26,High School,Student,3828.0,3,A04451,9,none,1,0.54,highschool,991.0,0.45,0.06,82,0.87,0.25,0.19,0,0,0,1,1,0.0689,0.1645,0,Successful Borrower
U04452,25,High School,Employed,5957.0,1,A04452,15,owner,3,0.64,highschool,3153.0,0.64,0.07,124,0.78,0.25,0.4,0,0,0,1,1,0.037,0.25,0,Successful Borrower
U04453,23,Diploma,Employed,9119.0,3,A04453,58,none,2,0.62,cert,4411.0,0.57,0.03,189,0.75,0.33,0.42,0,0,0,3,0,0.1077,0.2795,0,Successful Borrower
U04454,24,Bachelor's,Employed,9778.0,1,A04454,51,rent,8,0.66,bachelor,3532.0,0.45,0.11,191,0.59,0.49,0.58,0,0,0,3,0,0.0511,0.4275,1,Defaulted
U04455,23,Bachelor's,Employed,11308.0,2,A04455,50,none,0,0.65,bachelor,2637.0,0.45,0.02,272,0.94,0.21,0.24,0,0,0,3,0,0.1577,0.1365,0,Successful Borrower
U04456,22,Bachelor's,Employed,8835.0,3,A04456,35,owner,2,0.63,bachelor,4074.0,0.65,0.08,132,0.7,0.34,0.46,0,0,0,3,0,0.0467,0.317,0,Successful Borrower
U04457,21,Diploma,Employed,9706.0,1,A04457,20,none,1,0.44,cert,4614.0,0.44,0.07,154,0.82,0.27,0.32,0,0,0,3,0,0.1454,0.221,0,Successful Borrower
U04458,24,High School,Student,2344.0,3,A04458,4,rent,20,0.51,highschool,618.0,0.69,0.02,56,0.91,0.18,0.12,0,0,0,2,1,0.1972,0.1095,0,Successful Borrower
U04459,25,Master's,Employed,7616.0,2,A04459,14,rent,7,0.51,master,3734.0,0.6,0.06,204,0.76,0.38,0.43,0,0,0,2,1,0.0732,0.2955,1,Defaulted
U04460,22,Master's,Self-Employed,7052.0,1,A04460,8,rent,18,0.5,master,3914.0,0.59,0.2,102,0.65,0.26,0.52,0,0,0,2,0,0.0,0.3475,1,Defaulted
U04461,20,Diploma,Student,2531.0,2,A04461,11,none,1,0.3,cert,1546.0,0.67,0.11,22,0.56,0.48,0.52,1,0,0,1,0,0.0617,0.4205,1,Defaulted
U04462,26,Diploma,Self-Employed,6703.0,2,A04462,6,none,0,0.43,cert,3230.0,0.55,0.15,148,0.78,0.17,0.3,0,0,0,2,1,0.0889,0.217,1,Defaulted
U04463,24,High School,Student,3279.0,1,A04463,10,rent,18,0.5,highschool,1795.0,0.69,0.09,69,0.87,0.21,0.22,0,0,0,2,0,0.0463,0.1665,0,Successful Borrower
U04464,21,Bachelor's,Employed,7177.0,2,A04464,11,rent,24,0.57,bachelor,1595.0,0.67,0.03,207,0.82,0.29,0.32,0,0,0,2,1,0.0,0.22,0,Successful Borrower
U04465,20,Master's,Student,2309.0,2,A04465,2,none,3,0.54,master,1122.0,0.58,0.11,109,0.62,0.4,0.56,0,0,0,3,1,0.1166,0.3895,1,Defaulted
U04466,26,Bachelor's,Employed,5421.0,1,A04466,45,none,2,0.62,bachelor,1317.0,0.51,0.09,141,0.77,0.24,0.41,0,0,0,2,0,0.1134,0.2565,1,Defaulted
U04467,23,High School,Employed,9844.0,1,A04467,32,owner,2,0.63,highschool,4030.0,0.58,0.09,203,0.82,0.22,0.37,0,0,0,2,1,0.1067,0.224,0,Successful Borrower
U04468,20,High School,Unemployed,2534.0,2,A04468,1,rent,6,0.63,highschool,1372.0,0.46,0.15,94,0.62,0.52,0.5,0,0,0,3,0,0.0,0.4105,1,Defaulted
U04469,24,Diploma,Employed,8584.0,2,A04469,41,owner,0,0.68,cert,4015.0,0.72,0.13,189,0.7,0.34,0.51,0,0,0,2,0,0.1042,0.337,1,Defaulted
U04470,22,Master's,Student,3543.0,1,A04470,10,none,1,0.52,master,1703.0,0.65,0.05,120,0.74,0.35,0.32,0,0,1,2,1,0.0249,0.266,1,Defaulted
U04471,20,Bachelor's,Employed,7478.0,2,A04471,43,rent,8,0.44,bachelor,2503.0,0.62,0.08,209,0.89,0.26,0.25,0,0,0,1,1,0.0,0.178,0,Successful Borrower
U04472,21,High School,Employed,7955.0,1,A04472,58,rent,11,0.77,highschool,4187.0,0.52,0.11,170,0.63,0.42,0.47,1,0,1,2,0,0.0,0.3685,1,Defaulted
U04473,26,High School,Employed,9050.0,2,A04473,23,owner,4,0.46,highschool,2893.0,0.48,0.04,250,0.84,0.2,0.23,0,0,0,1,1,0.1946,0.1695,0,Successful Borrower
U04474,24,Bachelor's,Student,1940.0,2,A04474,3,rent,20,0.45,bachelor,831.0,0.76,0.02,70,0.8,0.26,0.34,0,0,0,1,1,0.1775,0.223,0,Successful Borrower
U04475,24,Bachelor's,Employed,8146.0,2,A04475,35,owner,0,0.73,bachelor,3334.0,0.55,0.07,199,0.88,0.21,0.27,0,0,0,3,1,0.0,0.1725,0,Successful Borrower
U04476,23,Bachelor's,Unemployed,1369.0,1,A04476,0,rent,22,0.77,bachelor,300.0,0.82,0.17,0,0.66,0.44,0.48,0,0,0,1,0,0.1337,0.3745,1,Defaulted
U04477,22,High School,Student,2677.0,2,A04477,8,rent,12,0.39,highschool,2205.0,0.75,0.19,24,0.65,0.43,0.41,0,0,0,1,0,0.0031,0.361,1,Defaulted
U04478,22,Diploma,Employed,7985.0,3,A04478,40,rent,8,0.59,cert,3305.0,0.6,0.14,156,0.7,0.37,0.45,0,0,0,1,0,0.0047,0.331,1,Defaulted
U04479,23,Bachelor's,Student,3664.0,3,A04479,10,rent,20,0.35,bachelor,2037.0,0.64,0.18,68,0.62,0.44,0.52,0,0,0,1,0,0.015,0.4,1,Defaulted
U04480,25,Bachelor's,Student,2367.0,3,A04480,7,rent,24,0.35,bachelor,1510.0,0.68,0.23,23,0.56,0.5,0.74,0,0,0,2,2,0.0617,0.4985,1,Defaulted
U04481,23,Diploma,Employed,7735.0,2,A04481,7,rent,9,0.5,cert,3614.0,0.58,0.14,163,0.7,0.33,0.52,0,0,0,1,1,0.1254,0.3385,1,Defaulted
U04482,23,High School,Unemployed,2255.0,2,A04482,6,rent,8,0.7,highschool,1042.0,0.77,0.17,27,0.65,0.47,0.5,0,0,0,3,1,0.0606,0.3905,1,Defaulted
U04483,22,High School,Employed,6130.0,3,A04483,47,none,4,0.54,highschool,2098.0,0.62,0.07,118,0.83,0.31,0.38,0,0,0,3,1,0.0442,0.2425,0,Successful Borrower
U04484,20,Bachelor's,Employed,10436.0,2,A04484,8,rent,13,0.38,bachelor,5060.0,0.59,0.07,225,0.87,0.27,0.31,0,1,0,2,1,0.0406,0.201,0,Successful Borrower
U04485,22,High School,Self-Employed,8631.0,2,A04485,9,rent,14,0.55,highschool,2250.0,0.49,0.14,187,0.79,0.27,0.43,0,0,0,3,1,0.0221,0.2695,0,Successful Borrower
U04486,24,High School,Employed,8258.0,2,A04486,19,rent,22,0.81,highschool,3257.0,0.63,0.07,191,0.84,0.17,0.3,0,1,0,3,0,0.0725,0.184,1,Defaulted
U04487,26,Bachelor's,Employed,6777.0,2,A04487,43,rent,21,0.7,bachelor,2037.0,0.66,0.07,154,0.95,0.15,0.25,0,0,0,2,1,0.0562,0.128,0,Successful Borrower
U04488,20,Master's,Employed,8432.0,3,A04488,10,rent,7,0.46,master,4972.0,0.53,0.13,57,0.69,0.29,0.51,0,0,0,2,0,0.0244,0.328,1,Defaulted
U04489,20,Bachelor's,Unemployed,2861.0,3,A04489,5,rent,21,0.41,bachelor,693.0,0.82,0.13,71,0.9,0.28,0.26,0,0,0,3,1,0.091,0.1895,0,Successful Borrower
U04490,25,Diploma,Student,4393.0,3,A04490,2,rent,15,0.3,cert,2300.0,0.56,0.12,131,0.72,0.41,0.43,0,0,0,2,1,0.1447,0.326,0,Successful Borrower
U04491,22,Bachelor's,Student,2079.0,1,A04491,3,rent,23,0.51,bachelor,1296.0,0.56,0.04,36,0.9,0.31,0.11,0,0,0,2,1,0.0126,0.146,0,Successful Borrower
U04492,26,Diploma,Employed,8204.0,2,A04492,58,rent,15,0.64,cert,3799.0,0.49,0.06,157,0.89,0.27,0.19,0,0,0,3,1,0.0082,0.1625,0,Successful Borrower
U04493,23,Master's,Employed,9287.0,2,A04493,49,owner,2,0.53,master,4421.0,0.47,0.09,135,0.7,0.33,0.43,0,0,0,1,0,0.1925,0.3085,1,Defaulted
U04494,26,Bachelor's,Self-Employed,10119.0,1,A04494,18,owner,0,0.55,bachelor,2975.0,0.49,0.14,229,0.76,0.32,0.41,0,0,0,2,1,0.0599,0.2875,1,Defaulted
U04495,22,Bachelor's,Employed,6759.0,2,A04495,13,rent,17,0.45,bachelor,4209.0,0.43,0.1,86,0.74,0.37,0.53,0,0,0,1,2,0.0,0.331,1,Defaulted
U04496,24,Diploma,Employed,7989.0,1,A04496,36,rent,4,0.46,cert,4581.0,0.57,0.19,88,0.56,0.54,0.8,0,0,1,2,2,0.2512,0.5175,1,Defaulted
U04497,25,Bachelor's,Unemployed,2855.0,2,A04497,6,none,1,0.53,bachelor,1617.0,0.65,0.16,61,0.72,0.47,0.42,0,0,0,1,0,0.1526,0.3445,1,Defaulted
U04498,24,Bachelor's,Self-Employed,7384.0,2,A04498,23,rent,9,0.3,bachelor,2774.0,0.56,0.19,144,0.7,0.29,0.34,0,1,0,3,0,0.0974,0.291,0,Successful Borrower
U04499,21,Bachelor's,Employed,6761.0,1,A04499,47,rent,14,0.58,bachelor,3947.0,0.5,0.11,117,0.79,0.3,0.39,0,0,1,3,0,0.1557,0.2625,0,Successful Borrower
U04500,24,Master's,Self-Employed,5318.0,3,A04500,5,rent,18,0.43,master,2166.0,0.66,0.11,229,0.85,0.22,0.36,0,0,0,3,0,0.0,0.214,0,Successful Borrower
U04501,20,Bachelor's,Employed,8185.0,1,A04501,35,rent,17,0.69,bachelor,1765.0,0.55,0.05,254,0.93,0.2,0.23,0,0,0,3,0,0.0659,0.1395,0,Successful Borrower
U04502,25,Bachelor's,Employed,11820.0,2,A04502,31,none,2,0.59,bachelor,4617.0,0.56,0.04,208,0.77,0.25,0.35,0,0,0,2,0,0.0667,0.2365,0,Successful Borrower
U04503,21,Bachelor's,Unemployed,2764.0,3,A04503,4,rent,18,0.45,bachelor,1509.0,0.63,0.19,80,0.64,0.51,0.52,0,0,0,1,1,0.0688,0.412,0,Successful Borrower
U04504,23,Master's,Student,4551.0,2,A04504,3,rent,22,0.6,master,2259.0,0.69,0.17,46,0.57,0.55,0.5,0,1,0,1,2,0.1283,0.4385,1,Defaulted
U04505,23,Master's,Student,3489.0,1,A04505,10,rent,24,0.61,master,1273.0,0.67,0.07,76,0.74,0.44,0.37,0,0,0,1,1,0.0835,0.304,0,Successful Borrower
U04506,25,High School,Employed,8506.0,2,A04506,57,rent,7,0.49,highschool,5573.0,0.74,0.14,193,0.63,0.39,0.67,0,0,0,2,1,0.1874,0.4155,1,Defaulted
U04507,23,Master's,Student,5150.0,3,A04507,10,rent,6,0.58,master,2022.0,0.63,0.08,75,0.74,0.35,0.5,0,0,0,1,0,0.1323,0.3155,0,Successful Borrower
U04508,20,Bachelor's,Employed,8432.0,2,A04508,51,owner,1,0.62,bachelor,2287.0,0.53,0.04,137,0.88,0.27,0.33,0,0,0,3,0,0.0899,0.198,0,Successful Borrower
U04509,23,Bachelor's,Student,2866.0,2,A04509,3,none,0,0.39,bachelor,510.0,0.66,0.05,81,0.84,0.26,0.15,0,0,0,1,0,0.0351,0.166,0,Successful Borrower
U04510,21,Master's,Employed,5874.0,1,A04510,26,none,3,0.48,master,2543.0,0.62,0.09,191,0.85,0.24,0.26,0,0,0,1,0,0.0,0.191,0,Successful Borrower
U04511,26,Master's,Employed,8512.0,2,A04511,58,owner,3,0.72,master,2495.0,0.5,0.02,224,0.78,0.3,0.53,1,0,0,2,0,0.1513,0.2875,1,Defaulted
U04512,26,Bachelor's,Employed,7162.0,2,A04512,13,owner,0,0.5,bachelor,3262.0,0.68,0.12,94,0.72,0.31,0.54,0,0,0,2,0,0.0273,0.3285,1,Defaulted
U04513,20,High School,Employed,8085.0,3,A04513,31,rent,23,0.59,highschool,3634.0,0.52,0.13,192,0.73,0.36,0.43,0,0,0,3,1,0.0656,0.3115,0,Successful Borrower
U04514,26,Bachelor's,Self-Employed,7719.0,2,A04514,3,owner,2,0.75,bachelor,1901.0,0.52,0.16,181,0.87,0.16,0.29,0,0,0,2,0,0.1042,0.182,1,Defaulted
U04515,21,Bachelor's,Student,3705.0,2,A04515,11,rent,9,0.34,bachelor,1575.0,0.67,0.04,33,0.94,0.25,0.15,0,0,0,2,0,0.0925,0.127,0,Successful Borrower
U04516,21,Bachelor's,Employed,6609.0,2,A04516,13,rent,13,0.62,bachelor,1484.0,0.62,0.02,241,0.89,0.21,0.35,0,0,0,2,1,0.0703,0.1815,0,Successful Borrower
U04517,26,Bachelor's,Student,6142.0,2,A04517,12,rent,20,0.54,bachelor,3677.0,0.54,0.06,92,0.86,0.14,0.28,0,0,0,3,0,0.0,0.163,0,Successful Borrower
U04518,26,High School,Student,3714.0,2,A04518,0,rent,11,0.65,highschool,1740.0,0.77,0.05,30,0.86,0.22,0.25,0,0,0,0,1,0.1781,0.174,0,Successful Borrower
U04519,22,Master's,Employed,9524.0,2,A04519,58,owner,3,0.58,master,2739.0,0.65,0.09,226,0.83,0.22,0.21,0,0,0,2,0,0.1,0.1805,0,Successful Borrower
U04520,22,Master's,Unemployed,2587.0,3,A04520,6,rent,18,0.46,master,1353.0,0.66,0.15,72,0.59,0.46,0.56,0,0,0,1,0,0.0,0.421,1,Defaulted
U04521,25,Diploma,Self-Employed,9152.0,2,A04521,5,none,4,0.41,cert,2347.0,0.67,0.13,234,0.89,0.17,0.26,0,0,0,3,0,0.0479,0.1655,0,Successful Borrower
U04522,25,High School,Student,3904.0,2,A04522,1,none,4,0.44,highschool,872.0,0.54,0.07,167,0.9,0.21,0.32,0,0,0,3,0,0.0932,0.178,0,Successful Borrower
U04523,24,Master's,Student,3574.0,1,A04523,9,none,0,0.69,master,1927.0,0.6,0.11,61,0.72,0.43,0.47,0,0,0,1,1,0.1363,0.3395,1,Defaulted
U04524,20,High School,Student,2832.0,1,A04524,6,rent,8,0.73,highschool,2502.0,0.51,0.19,0,0.56,0.56,0.63,0,0,0,1,2,0.1449,0.48,1,Defaulted
U04525,20,High School,Self-Employed,5044.0,1,A04525,23,none,4,0.5,highschool,1695.0,0.71,0.1,83,0.93,0.1,0.1,0,0,0,2,0,0.1281,0.0895,0,Successful Borrower
U04526,22,Bachelor's,Employed,9472.0,2,A04526,38,rent,16,0.32,bachelor,4248.0,0.52,0.11,192,0.8,0.38,0.43,0,0,0,2,0,0.1466,0.289,0,Successful Borrower
U04527,23,Bachelor's,Employed,6542.0,2,A04527,26,rent,24,0.56,bachelor,1909.0,0.49,0.05,155,0.96,0.23,0.24,0,0,0,3,1,0.0267,0.139,0,Successful Borrower
U04528,26,High School,Employed,5571.0,1,A04528,6,owner,1,0.41,highschool,2108.0,0.51,0.03,148,0.88,0.26,0.33,0,0,0,3,0,0.087,0.194,0,Successful Borrower
U04529,20,Bachelor's,Employed,4647.0,2,A04529,8,rent,19,0.64,bachelor,1783.0,0.73,0.02,110,1.0,0.14,0.01,0,0,0,2,0,0.0854,0.0405,0,Successful Borrower
U04530,26,Diploma,Employed,8702.0,3,A04530,51,rent,8,0.62,cert,3641.0,0.55,0.12,176,0.7,0.38,0.46,0,0,1,3,0,0.0867,0.333,0,Successful Borrower
U04531,23,Master's,Employed,7326.0,2,A04531,37,none,4,0.53,master,3354.0,0.55,0.13,152,0.8,0.26,0.42,0,0,0,3,0,0.0639,0.2595,0,Successful Borrower
U04532,26,Bachelor's,Employed,9505.0,2,A04532,43,none,3,0.4,bachelor,3489.0,0.53,0.13,214,0.79,0.22,0.32,0,0,0,3,1,0.0627,0.228,0,Successful Borrower
U04533,26,Bachelor's,Employed,6863.0,1,A04533,45,owner,1,0.51,bachelor,3150.0,0.51,0.08,232,0.92,0.14,0.3,0,0,0,3,1,0.0,0.15,0,Successful Borrower
U04534,26,Master's,Student,4701.0,1,A04534,2,none,1,0.52,master,3591.0,0.78,0.15,35,0.66,0.36,0.47,0,0,0,1,0,0.0767,0.349,1,Defaulted
U04535,26,Bachelor's,Employed,3637.0,2,A04535,29,rent,4,0.54,bachelor,776.0,0.6,0.06,129,1.0,0.22,0.19,0,0,0,3,0,0.0812,0.1115,0,Successful Borrower
U04536,23,Bachelor's,Employed,9635.0,1,A04536,59,none,3,0.54,bachelor,3336.0,0.42,0.09,180,0.79,0.32,0.4,0,0,0,1,0,0.0138,0.267,0,Successful Borrower
U04537,20,High School,Self-Employed,7617.0,1,A04537,36,rent,24,0.72,highschool,2766.0,0.61,0.16,110,0.79,0.2,0.28,0,0,0,3,1,0.0,0.2175,0,Successful Borrower
U04538,25,Bachelor's,Employed,7874.0,1,A04538,24,owner,0,0.77,bachelor,2929.0,0.59,0.08,159,0.87,0.26,0.33,0,0,0,2,1,0.0964,0.205,0,Successful Borrower
U04539,22,Master's,Self-Employed,10008.0,2,A04539,26,rent,19,0.48,master,3691.0,0.55,0.19,223,0.86,0.27,0.26,0,0,0,3,0,0.0108,0.21,0,Successful Borrower
U04540,26,Bachelor's,Employed,6218.0,3,A04540,54,none,4,0.6,bachelor,4086.0,0.66,0.17,99,0.73,0.35,0.41,0,0,0,3,0,0.2064,0.31,0,Successful Borrower
U04541,22,Bachelor's,Student,1895.0,3,A04541,0,rent,24,0.61,bachelor,341.0,0.66,0.13,92,0.74,0.4,0.49,0,0,0,2,0,0.0948,0.333,1,Defaulted
U04542,24,Bachelor's,Student,1951.0,2,A04542,3,none,1,0.53,bachelor,1239.0,0.73,0.09,11,0.71,0.34,0.35,0,0,0,3,0,0.0,0.2875,0,Successful Borrower
U04543,23,High School,Employed,7274.0,1,A04543,60,owner,4,0.82,highschool,3733.0,0.5,0.14,159,0.71,0.34,0.46,1,0,0,2,0,0.0817,0.3225,1,Defaulted
U04544,21,Bachelor's,Employed,7970.0,2,A04544,46,owner,3,0.75,bachelor,1960.0,0.57,0.06,250,0.91,0.17,0.24,0,0,0,3,1,0.2351,0.143,0,Successful Borrower
U04545,25,Diploma,Student,4157.0,2,A04545,0,none,3,0.49,cert,2282.0,0.61,0.09,63,0.58,0.41,0.53,0,0,0,2,0,0.0457,0.3955,1,Defaulted
U04546,22,Bachelor's,Unemployed,2370.0,2,A04546,0,rent,12,0.63,bachelor,1392.0,0.7,0.18,96,0.62,0.43,0.54,0,0,0,2,0,0.1043,0.4025,1,Defaulted
U04547,20,Master's,Employed,10039.0,2,A04547,24,owner,1,0.4,master,4437.0,0.67,0.11,179,0.74,0.39,0.3,0,0,0,2,0,0.1058,0.28,1,Defaulted
U04548,22,High School,Student,2187.0,1,A04548,0,none,2,0.58,highschool,927.0,0.57,0.1,79,0.75,0.38,0.39,0,0,0,0,1,0.0453,0.295,1,Defaulted
U04549,22,High School,Unemployed,2170.0,3,A04549,6,rent,7,0.65,highschool,407.0,0.62,0.08,90,0.96,0.24,0.13,0,0,0,3,2,0.12,0.1185,0,Successful Borrower
U04550,25,Bachelor's,Self-Employed,8013.0,2,A04550,33,owner,2,0.3,bachelor,3130.0,0.66,0.2,152,0.69,0.26,0.44,0,0,0,3,2,0.0,0.3135,0,Successful Borrower
U04551,25,Bachelor's,Employed,7651.0,1,A04551,13,rent,18,0.64,bachelor,3664.0,0.68,0.06,142,0.83,0.31,0.4,0,0,0,2,0,0.0332,0.246,0,Successful Borrower
U04552,26,Bachelor's,Student,2802.0,2,A04552,1,owner,4,0.44,bachelor,1154.0,0.7,0.06,50,0.9,0.26,0.22,0,0,0,3,1,0.0907,0.164,0,Successful Borrower
U04553,22,Bachelor's,Employed,8105.0,1,A04553,45,rent,24,0.55,bachelor,4327.0,0.6,0.11,118,0.69,0.32,0.32,0,0,0,3,1,0.0652,0.285,0,Successful Borrower
U04554,25,PhD,Student,4162.0,3,A04554,11,rent,12,0.33,phd,1077.0,0.59,0.03,81,0.92,0.2,0.2,0,0,0,3,0,0.0983,0.1325,0,Successful Borrower
U04555,25,Diploma,Employed,9605.0,1,A04555,23,rent,17,0.53,cert,3925.0,0.73,0.06,200,0.78,0.32,0.38,0,0,0,2,0,0.0959,0.261,0,Successful Borrower
U04556,20,High School,Student,4129.0,1,A04556,3,rent,13,0.68,highschool,2751.0,0.52,0.15,50,0.75,0.38,0.4,0,0,0,2,0,0.1807,0.305,0,Successful Borrower
U04557,24,High School,Student,3037.0,2,A04557,4,rent,11,0.36,highschool,1590.0,0.55,0.06,78,0.74,0.35,0.43,0,0,0,1,0,0.1465,0.295,1,Defaulted
U04558,20,Bachelor's,Self-Employed,6587.0,3,A04558,14,none,4,0.6,bachelor,1589.0,0.57,0.12,154,0.84,0.35,0.23,0,0,0,2,1,0.1026,0.219,0,Successful Borrower
U04559,22,Diploma,Employed,9613.0,2,A04559,42,owner,0,0.46,cert,4928.0,0.63,0.08,186,0.76,0.32,0.38,0,0,0,2,0,0.0371,0.271,0,Successful Borrower
U04560,26,Bachelor's,Student,4994.0,1,A04560,6,rent,13,0.51,bachelor,1325.0,0.6,0.12,126,0.68,0.39,0.49,0,0,0,1,0,0.2324,0.35,0,Successful Borrower
U04561,25,Bachelor's,Self-Employed,9576.0,1,A04561,18,none,2,0.62,bachelor,3584.0,0.74,0.2,191,0.71,0.31,0.49,0,0,0,3,0,0.112,0.3315,0,Successful Borrower
U04562,21,Bachelor's,Employed,10293.0,3,A04562,44,rent,18,0.47,bachelor,5225.0,0.59,0.12,183,0.69,0.37,0.48,0,0,0,2,0,0.0,0.339,0,Successful Borrower
U04563,21,Master's,Employed,8931.0,1,A04563,19,owner,1,0.67,master,1920.0,0.73,0.06,216,0.77,0.27,0.4,0,0,0,3,2,0.1305,0.257,1,Defaulted
U04564,21,Master's,Self-Employed,3179.0,3,A04564,13,none,3,0.51,master,889.0,0.66,0.13,104,0.78,0.31,0.39,0,0,0,2,1,0.1354,0.2715,0,Successful Borrower
U04565,22,Bachelor's,Employed,5597.0,1,A04565,46,owner,4,0.52,bachelor,2821.0,0.49,0.13,122,0.78,0.32,0.26,0,0,0,2,0,0.1008,0.2415,1,Defaulted
U04566,24,High School,Self-Employed,8200.0,2,A04566,46,rent,23,0.67,highschool,2691.0,0.68,0.13,203,0.89,0.21,0.15,0,0,0,2,0,0.1344,0.148,0,Successful Borrower
U04567,23,Bachelor's,Student,3654.0,1,A04567,3,owner,1,0.75,bachelor,1466.0,0.6,0.06,73,0.96,0.19,0.25,0,0,0,2,1,0.0457,0.133,0,Successful Borrower
U04568,25,Master's,Student,2544.0,2,A04568,7,rent,13,0.42,master,1602.0,0.77,0.19,52,0.56,0.56,0.72,0,0,0,0,3,0.0199,0.5025,1,Defaulted
U04569,24,Bachelor's,Self-Employed,10139.0,3,A04569,58,owner,2,0.37,bachelor,1838.0,0.63,0.12,199,0.93,0.2,0.16,0,0,0,3,0,0.1503,0.1325,0,Successful Borrower
U04570,20,Bachelor's,Employed,7022.0,2,A04570,9,owner,0,0.51,bachelor,1924.0,0.6,0.03,212,0.86,0.31,0.39,0,0,0,2,0,0.1455,0.2285,0,Successful Borrower
U04571,25,Diploma,Employed,10068.0,3,A04571,25,rent,4,0.75,cert,5580.0,0.6,0.16,105,0.74,0.43,0.48,0,0,0,2,0,0.117,0.3425,1,Defaulted
U04572,23,Master's,Unemployed,3666.0,2,A04572,3,none,4,0.59,master,1002.0,0.56,0.14,114,0.78,0.38,0.24,0,0,0,1,1,0.0938,0.253,0,Successful Borrower
U04573,23,Diploma,Employed,10327.0,2,A04573,10,rent,21,0.62,cert,2543.0,0.52,0.05,254,0.95,0.16,0.1,0,0,0,2,1,0.0674,0.09,0,Successful Borrower
U04574,23,High School,Employed,6823.0,1,A04574,9,rent,23,0.52,highschool,2719.0,0.6,0.04,185,0.71,0.42,0.43,0,0,0,3,0,0.0,0.32,1,Defaulted
U04575,24,Bachelor's,Unemployed,3465.0,2,A04575,1,rent,8,0.43,bachelor,1578.0,0.66,0.15,87,0.72,0.42,0.48,0,0,0,2,2,0.0,0.3455,1,Defaulted
U04576,21,Master's,Employed,8356.0,2,A04576,34,owner,1,0.54,master,5739.0,0.44,0.17,74,0.61,0.44,0.55,0,0,0,2,1,0.0983,0.4095,1,Defaulted
U04577,24,Master's,Self-Employed,9187.0,1,A04577,13,owner,2,0.69,master,2374.0,0.56,0.14,238,0.81,0.25,0.4,0,0,0,2,0,0.0704,0.25,0,Successful Borrower
U04578,21,Master's,Student,3634.0,3,A04578,4,none,0,0.74,master,1770.0,0.67,0.09,76,0.77,0.33,0.28,0,0,0,1,1,0.0974,0.2465,0,Successful Borrower
U04579,25,High School,Student,4635.0,1,A04579,3,none,4,0.78,highschool,1947.0,0.71,0.12,127,0.78,0.39,0.33,0,0,0,2,1,0.0153,0.275,1,Defaulted
U04580,23,Bachelor's,Employed,10000.0,1,A04580,53,owner,0,0.63,bachelor,4091.0,0.68,0.07,274,0.88,0.3,0.28,0,0,0,2,0,0.144,0.1975,0,Successful Borrower
U04581,25,Bachelor's,Employed,9715.0,1,A04581,49,owner,0,0.76,bachelor,3640.0,0.56,0.05,278,0.9,0.27,0.16,0,0,0,3,0,0.0554,0.15,0,Successful Borrower
U04582,20,Master's,Unemployed,2874.0,3,A04582,3,none,2,0.62,master,1671.0,0.47,0.14,11,0.72,0.5,0.48,0,0,0,0,1,0.0,0.364,1,Defaulted
U04583,20,Master's,Employed,8348.0,1,A04583,53,owner,0,0.48,master,3975.0,0.46,0.08,165,0.75,0.33,0.39,0,0,0,1,0,0.1011,0.2795,0,Successful Borrower
U04584,22,Diploma,Employed,10640.0,1,A04584,24,owner,3,0.73,cert,3182.0,0.51,0.09,237,0.8,0.18,0.36,0,0,0,3,0,0.2221,0.2185,0,Successful Borrower
U04585,21,Bachelor's,Self-Employed,8515.0,3,A04585,15,rent,12,0.47,bachelor,3454.0,0.49,0.14,172,0.8,0.18,0.33,0,0,0,2,1,0.0,0.2185,0,Successful Borrower
U04586,20,Bachelor's,Employed,9114.0,3,A04586,45,owner,0,0.43,bachelor,2466.0,0.73,0.05,219,0.93,0.19,0.11,0,0,0,3,0,0.0428,0.107,0,Successful Borrower
U04587,25,Master's,Employed,7730.0,2,A04587,11,rent,22,0.51,master,1206.0,0.68,0.08,231,0.86,0.14,0.26,0,0,0,1,0,0.1306,0.161,0,Successful Borrower
U04588,25,Bachelor's,Self-Employed,8299.0,3,A04588,59,none,4,0.3,bachelor,1518.0,0.54,0.1,205,0.88,0.19,0.26,0,0,0,3,2,0.2565,0.1695,0,Successful Borrower
U04589,26,Bachelor's,Student,4212.0,2,A04589,2,rent,12,0.41,bachelor,2274.0,0.75,0.07,150,0.79,0.3,0.28,0,0,0,2,1,0.125,0.229,1,Defaulted
U04590,22,Bachelor's,Student,3753.0,3,A04590,9,rent,7,0.49,bachelor,2064.0,0.64,0.11,133,0.76,0.34,0.32,0,0,0,1,0,0.1463,0.2655,1,Defaulted
U04591,26,Master's,Self-Employed,6985.0,3,A04591,8,rent,19,0.45,master,1698.0,0.6,0.14,178,0.82,0.24,0.21,0,0,0,3,1,0.0495,0.1965,0,Successful Borrower
U04592,25,Bachelor's,Self-Employed,6529.0,2,A04592,26,rent,20,0.3,bachelor,2452.0,0.61,0.17,129,0.78,0.31,0.23,0,0,0,3,0,0.1314,0.2375,0,Successful Borrower
U04593,21,Master's,Employed,7644.0,1,A04593,9,owner,1,0.93,master,2424.0,0.59,0.06,202,0.99,0.19,0.04,0,0,0,3,0,0.0217,0.07,0,Successful Borrower
U04594,21,High School,Student,3979.0,2,A04594,8,rent,18,0.48,highschool,1545.0,0.57,0.14,78,0.79,0.27,0.3,0,0,0,2,1,0.094,0.237,0,Successful Borrower
U04595,26,Bachelor's,Student,3745.0,1,A04595,1,rent,15,0.5,bachelor,1333.0,0.6,0.09,144,0.76,0.33,0.34,0,0,0,3,1,0.0,0.265,1,Defaulted
U04596,25,Master's,Self-Employed,8193.0,3,A04596,24,owner,2,0.38,master,3950.0,0.67,0.17,192,0.67,0.37,0.5,0,0,0,3,1,0.1537,0.3585,1,Defaulted
U04597,21,High School,Employed,9935.0,3,A04597,22,none,1,0.48,highschool,2060.0,0.64,0.03,269,0.94,0.21,0.27,0,0,0,3,1,0.1286,0.1455,0,Successful Borrower
U04598,21,Bachelor's,Employed,6708.0,1,A04598,60,owner,4,0.78,bachelor,3769.0,0.57,0.12,104,0.78,0.19,0.47,0,0,0,2,0,0.0128,0.26,0,Successful Borrower
U04599,22,Master's,Self-Employed,7215.0,3,A04599,38,rent,8,0.37,master,1934.0,0.69,0.11,214,0.83,0.19,0.3,0,0,0,2,0,0.099,0.1985,0,Successful Borrower
U04600,23,Bachelor's,Student,1743.0,2,A04600,0,rent,19,0.68,bachelor,547.0,0.79,0.07,85,0.77,0.36,0.34,0,0,0,2,1,0.143,0.266,0,Successful Borrower
U04601,23,High School,Employed,5175.0,2,A04601,6,none,3,0.66,highschool,3681.0,0.81,0.21,14,0.56,0.48,0.74,0,0,1,0,1,0.1248,0.4905,1,Defaulted
U04602,20,High School,Unemployed,1964.0,3,A04602,1,rent,15,0.5,highschool,316.0,0.66,0.13,113,0.76,0.31,0.47,0,0,0,3,0,0.0307,0.2985,0,Successful Borrower
U04603,26,Bachelor's,Employed,10399.0,2,A04603,43,owner,2,0.43,bachelor,4435.0,0.41,0.07,199,0.85,0.18,0.25,0,0,0,3,1,0.1701,0.1705,0,Successful Borrower
U04604,20,Bachelor's,Self-Employed,9837.0,1,A04604,20,rent,16,0.67,bachelor,3517.0,0.66,0.09,170,0.94,0.18,0.17,0,0,0,3,0,0.0715,0.122,0,Successful Borrower
U04605,22,High School,Employed,9081.0,2,A04605,53,owner,1,0.43,highschool,6225.0,0.57,0.15,154,0.83,0.28,0.36,0,0,0,2,0,0.1289,0.242,0,Successful Borrower
U04606,23,Bachelor's,Employed,8081.0,2,A04606,21,owner,4,0.54,bachelor,2527.0,0.44,0.09,195,0.82,0.25,0.23,0,0,0,3,1,0.1112,0.1965,1,Defaulted
U04607,24,Master's,Employed,11352.0,3,A04607,15,rent,6,0.47,master,3575.0,0.66,0.1,299,0.82,0.29,0.24,0,0,0,3,0,0.1312,0.2105,0,Successful Borrower
U04608,24,Bachelor's,Student,5129.0,3,A04608,12,rent,10,0.54,bachelor,2895.0,0.68,0.18,0,0.7,0.34,0.53,0,0,0,2,1,0.2328,0.3495,0,Successful Borrower
U04609,25,Master's,Student,3218.0,2,A04609,9,rent,8,0.52,master,1289.0,0.62,0.07,90,0.9,0.23,0.19,0,0,0,3,1,0.1369,0.1505,0,Successful Borrower
U04610,21,High School,Employed,6218.0,1,A04610,42,owner,3,0.47,highschool,2275.0,0.61,0.03,130,0.87,0.25,0.4,0,0,0,3,1,0.0,0.2125,0,Successful Borrower
U04611,22,Bachelor's,Employed,9117.0,3,A04611,52,owner,4,0.49,bachelor,2368.0,0.5,0.05,238,0.91,0.27,0.3,0,0,0,3,1,0.0924,0.1815,0,Successful Borrower
U04612,25,Bachelor's,Self-Employed,9492.0,2,A04612,35,owner,4,0.68,bachelor,3524.0,0.64,0.15,192,0.72,0.2,0.45,0,0,0,2,1,0.0517,0.283,0,Successful Borrower
U04613,23,High School,Employed,7143.0,2,A04613,28,rent,14,0.4,highschool,5584.0,0.61,0.25,98,0.56,0.48,0.53,0,0,0,2,1,0.0,0.444,1,Defaulted
U04614,26,High School,Employed,10095.0,1,A04614,37,owner,2,0.39,highschool,4731.0,0.69,0.15,163,0.66,0.33,0.49,0,0,0,2,0,0.0813,0.3465,1,Defaulted
U04615,24,Bachelor's,Employed,10408.0,1,A04615,49,none,1,0.56,bachelor,2623.0,0.56,0.05,180,0.75,0.31,0.44,0,1,1,2,0,0.1094,0.2825,0,Successful Borrower
U04616,24,Bachelor's,Student,3311.0,2,A04616,1,rent,4,0.64,bachelor,998.0,0.72,0.07,104,0.81,0.31,0.28,0,0,0,2,0,0.1236,0.2245,0,Successful Borrower
U04617,24,Diploma,Student,4940.0,2,A04617,4,rent,9,0.68,cert,2022.0,0.54,0.13,95,0.78,0.26,0.46,0,0,0,2,1,0.0401,0.2765,0,Successful Borrower
U04618,22,Bachelor's,Employed,10016.0,3,A04618,55,none,1,0.3,bachelor,6788.0,0.48,0.17,149,0.82,0.38,0.43,0,0,0,2,1,0.1063,0.291,0,Successful Borrower
U04619,23,Bachelor's,Employed,12156.0,3,A04619,42,rent,15,0.49,bachelor,2835.0,0.51,0.03,310,1.0,0.15,0.19,0,0,0,3,0,0.0332,0.0895,0,Successful Borrower
U04620,26,Bachelor's,Employed,11209.0,1,A04620,24,owner,4,0.57,bachelor,5974.0,0.53,0.14,214,0.65,0.44,0.56,0,0,0,3,1,0.0903,0.3935,1,Defaulted
U04621,24,Master's,Unemployed,2785.0,1,A04621,4,rent,16,0.57,master,751.0,0.66,0.1,125,0.85,0.3,0.24,0,0,0,3,1,0.0752,0.2025,0,Successful Borrower
U04622,24,Bachelor's,Self-Employed,3783.0,2,A04622,6,rent,6,0.55,bachelor,2910.0,0.61,0.3,1,0.56,0.48,0.52,0,0,0,1,0,0.0914,0.449,1,Defaulted
U04623,25,PhD,Student,4569.0,1,A04623,5,rent,6,0.64,phd,2259.0,0.65,0.1,116,0.64,0.38,0.46,1,0,0,1,1,0.1092,0.351,0,Successful Borrower
U04624,21,Bachelor's,Student,3801.0,3,A04624,8,rent,12,0.55,bachelor,1231.0,0.49,0.03,105,0.95,0.18,0.14,0,0,0,3,1,0.0862,0.102,0,Successful Borrower
U04625,26,Master's,Employed,8707.0,3,A04625,34,rent,22,0.5,master,3595.0,0.62,0.08,159,0.74,0.37,0.39,0,0,0,3,1,0.0,0.293,0,Successful Borrower
U04626,20,High School,Self-Employed,10715.0,2,A04626,37,owner,0,0.63,highschool,4116.0,0.66,0.18,204,0.74,0.3,0.34,0,0,0,3,0,0.1359,0.278,1,Defaulted
U04627,21,High School,Employed,9203.0,2,A04627,55,rent,19,0.56,highschool,2086.0,0.5,0.08,264,0.77,0.3,0.43,0,0,0,2,0,0.0124,0.275,0,Successful Borrower
U04628,21,Bachelor's,Self-Employed,8374.0,2,A04628,16,rent,13,0.3,bachelor,3426.0,0.51,0.15,136,0.82,0.26,0.41,0,0,0,3,0,0.152,0.253,0,Successful Borrower
U04629,22,Bachelor's,Self-Employed,6766.0,3,A04629,57,owner,1,0.4,bachelor,1672.0,0.45,0.1,209,0.88,0.18,0.27,0,0,0,2,0,0.038,0.1695,0,Successful Borrower
U04630,26,Bachelor's,Employed,7374.0,1,A04630,14,rent,18,0.57,bachelor,2039.0,0.44,0.05,246,0.86,0.23,0.35,0,0,0,2,0,0.0799,0.2015,0,Successful Borrower
U04631,24,Bachelor's,Self-Employed,8163.0,2,A04631,33,owner,2,0.46,bachelor,3414.0,0.47,0.13,175,0.84,0.21,0.31,0,0,0,3,2,0.1616,0.2055,0,Successful Borrower
U04632,20,Bachelor's,Student,2899.0,1,A04632,12,rent,17,0.53,bachelor,771.0,0.57,0.05,80,0.84,0.27,0.19,0,0,0,3,1,0.0294,0.1785,0,Successful Borrower
U04633,25,High School,Employed,7798.0,2,A04633,17,rent,16,0.43,highschool,4129.0,0.64,0.09,132,0.7,0.38,0.57,0,0,0,2,1,0.097,0.356,1,Defaulted
U04634,24,High School,Student,3156.0,3,A04634,2,rent,16,0.48,highschool,2081.0,0.55,0.19,3,0.56,0.52,0.69,0,0,0,0,3,0.0984,0.485,1,Defaulted
U04635,24,Bachelor's,Student,3126.0,3,A04635,10,rent,6,0.57,bachelor,1970.0,0.63,0.13,62,0.7,0.5,0.46,0,0,0,1,2,0.1445,0.3645,1,Defaulted
U04636,22,Bachelor's,Self-Employed,9594.0,2,A04636,13,none,2,0.65,bachelor,4241.0,0.58,0.12,142,0.95,0.18,0.12,0,0,0,3,0,0.2731,0.1105,1,Defaulted
U04637,26,Bachelor's,Employed,8322.0,2,A04637,37,rent,17,0.62,bachelor,3303.0,0.53,0.08,154,0.84,0.29,0.3,0,0,0,2,0,0.0367,0.2155,0,Successful Borrower
U04638,25,Bachelor's,Student,3069.0,2,A04638,2,rent,19,0.37,bachelor,1599.0,0.75,0.15,91,0.8,0.32,0.35,0,0,0,3,2,0.1112,0.26,0,Successful Borrower
U04639,23,Diploma,Unemployed,2732.0,2,A04639,5,none,1,0.53,cert,1679.0,0.74,0.17,32,0.65,0.5,0.49,0,1,0,1,1,0.086,0.3955,1,Defaulted
U04640,24,Master's,Employed,9226.0,2,A04640,8,rent,21,0.65,master,3064.0,0.51,0.09,214,0.75,0.44,0.44,0,0,1,2,0,0.0,0.321,0,Successful Borrower
U04641,24,High School,Student,3240.0,1,A04641,7,rent,19,0.59,highschool,1208.0,0.65,0.02,134,1.0,0.06,0.0,0,0,0,2,1,0.153,0.018,0,Successful Borrower
U04642,21,Master's,Employed,7133.0,3,A04642,28,rent,10,0.5,master,1938.0,0.46,0.02,232,0.93,0.23,0.21,0,0,0,3,1,0.0991,0.1375,0,Successful Borrower
U04643,22,Bachelor's,Employed,6273.0,2,A04643,27,owner,2,0.75,bachelor,2629.0,0.7,0.14,158,0.61,0.44,0.72,0,0,0,2,1,0.1744,0.4475,1,Defaulted
U04644,22,Diploma,Employed,10334.0,2,A04644,43,none,2,0.55,cert,1556.0,0.47,0.04,304,0.96,0.17,0.29,0,0,0,2,1,0.0228,0.135,0,Successful Borrower
U04645,21,Bachelor's,Employed,7673.0,3,A04645,15,rent,9,0.48,bachelor,3866.0,0.49,0.09,145,0.79,0.26,0.36,0,0,0,2,0,0.0,0.242,0,Successful Borrower
U04646,23,Bachelor's,Student,2962.0,1,A04646,3,none,2,0.5,bachelor,1135.0,0.55,0.06,109,0.74,0.35,0.39,0,0,0,2,1,0.0322,0.285,1,Defaulted
U04647,22,Bachelor's,Self-Employed,10283.0,3,A04647,41,rent,4,0.3,bachelor,2336.0,0.41,0.11,222,0.75,0.41,0.27,0,0,0,2,0,0.0425,0.274,1,Defaulted
U04648,20,High School,Employed,7575.0,3,A04648,18,rent,15,0.47,highschool,2789.0,0.53,0.08,180,0.84,0.29,0.35,0,0,0,3,0,0.1817,0.228,0,Successful Borrower
U04649,24,Bachelor's,Self-Employed,9888.0,2,A04649,45,none,3,0.57,bachelor,2563.0,0.51,0.14,250,0.74,0.29,0.49,0,0,0,2,0,0.1072,0.307,0,Successful Borrower
U04650,25,High School,Employed,8280.0,2,A04650,43,rent,23,0.3,highschool,4106.0,0.56,0.07,178,0.78,0.22,0.42,0,0,0,3,1,0.0382,0.2475,0,Successful Borrower
U04651,21,Bachelor's,Student,4157.0,2,A04651,5,rent,7,0.49,bachelor,2879.0,0.77,0.2,114,0.71,0.32,0.33,0,0,0,3,1,0.0565,0.294,1,Defaulted
U04652,24,High School,Employed,10516.0,2,A04652,48,rent,4,0.63,highschool,3730.0,0.57,0.11,240,0.76,0.36,0.43,0,0,0,3,1,0.1712,0.298,0,Successful Borrower
U04653,21,Bachelor's,Employed,5558.0,2,A04653,11,owner,2,0.64,bachelor,1952.0,0.72,0.07,175,0.72,0.36,0.48,0,0,0,2,0,0.085,0.3185,1,Defaulted
U04654,22,Diploma,Employed,6867.0,3,A04654,60,owner,0,0.53,cert,3472.0,0.5,0.07,149,0.79,0.3,0.4,0,0,0,1,1,0.0757,0.259,0,Successful Borrower
U04655,26,Diploma,Employed,7972.0,2,A04655,32,rent,16,0.65,cert,2368.0,0.62,0.08,257,0.91,0.19,0.29,0,0,0,3,1,0.0,0.1635,0,Successful Borrower
U04656,26,Bachelor's,Employed,10453.0,2,A04656,49,rent,22,0.58,bachelor,4164.0,0.53,0.09,225,0.82,0.22,0.24,0,0,0,3,0,0.0,0.1915,1,Defaulted
U04657,20,Bachelor's,Employed,10433.0,2,A04657,29,rent,4,0.52,bachelor,3583.0,0.46,0.06,248,0.75,0.36,0.43,0,0,0,2,0,0.035,0.294,0,Successful Borrower
U04658,23,Bachelor's,Employed,8805.0,2,A04658,24,owner,0,0.65,bachelor,4235.0,0.61,0.14,157,0.73,0.35,0.29,0,0,0,3,0,0.0695,0.2755,1,Defaulted
U04659,26,PhD,Self-Employed,10419.0,2,A04659,20,rent,5,0.87,phd,3410.0,0.52,0.18,190,0.77,0.28,0.37,1,0,0,2,1,0.065,0.27,0,Successful Borrower
U04660,25,Bachelor's,Employed,8682.0,2,A04660,16,rent,21,0.81,bachelor,1975.0,0.8,0.02,245,1.0,0.16,0.32,0,0,0,3,0,0.1888,0.123,0,Successful Borrower
U04661,22,Bachelor's,Employed,7980.0,2,A04661,22,owner,3,0.63,bachelor,3853.0,0.69,0.16,127,0.71,0.47,0.35,0,0,0,2,0,0.0,0.3305,0,Successful Borrower
U04662,25,PhD,Self-Employed,13713.0,2,A04662,48,rent,8,0.61,phd,6196.0,0.56,0.19,187,0.66,0.42,0.41,0,0,0,3,0,0.1531,0.355,1,Defaulted
U04663,22,PhD,Self-Employed,8094.0,1,A04663,7,rent,9,0.62,phd,2780.0,0.6,0.21,161,0.57,0.39,0.5,0,0,0,3,1,0.0081,0.4045,0,Successful Borrower
U04664,22,Bachelor's,Self-Employed,11741.0,1,A04664,32,owner,4,0.45,bachelor,4283.0,0.48,0.15,202,0.8,0.17,0.45,0,0,0,2,1,0.0586,0.2475,0,Successful Borrower
U04665,26,Master's,Student,4506.0,2,A04665,7,rent,21,0.31,master,1212.0,0.61,0.04,153,0.81,0.22,0.31,0,0,0,2,1,0.2217,0.205,0,Successful Borrower
U04666,20,Master's,Unemployed,1716.0,3,A04666,4,rent,6,0.51,master,1193.0,0.51,0.2,39,0.67,0.39,0.46,0,0,0,0,2,0.0997,0.358,1,Defaulted
U04667,26,Bachelor's,Self-Employed,7448.0,1,A04667,26,rent,9,0.61,bachelor,3823.0,0.6,0.18,78,0.8,0.22,0.44,0,0,0,2,0,0.0,0.262,1,Defaulted
U04668,20,Bachelor's,Student,2450.0,2,A04668,10,rent,8,0.38,bachelor,1459.0,0.55,0.13,81,0.65,0.35,0.54,0,0,0,1,1,0.0549,0.3645,1,Defaulted
U04669,26,Bachelor's,Student,2244.0,3,A04669,0,owner,1,0.38,bachelor,1169.0,0.53,0.13,76,0.64,0.53,0.44,0,0,0,2,3,0.0078,0.388,1,Defaulted
U04670,23,Bachelor's,Employed,7644.0,3,A04670,35,rent,4,0.57,bachelor,2875.0,0.51,0.07,160,0.81,0.32,0.25,0,0,0,3,0,0.1092,0.2195,0,Successful Borrower
U04671,23,Bachelor's,Student,3602.0,3,A04671,12,rent,19,0.52,bachelor,2522.0,0.7,0.09,66,0.87,0.27,0.38,0,0,0,0,1,0.1118,0.2215,0,Successful Borrower
U04672,20,Bachelor's,Employed,10308.0,1,A04672,28,owner,2,0.6,bachelor,4313.0,0.48,0.04,186,0.88,0.27,0.32,0,0,0,3,1,0.0505,0.1955,0,Successful Borrower
U04673,24,Bachelor's,Employed,7018.0,1,A04673,32,rent,16,0.82,bachelor,4675.0,0.5,0.12,142,0.71,0.38,0.39,0,0,0,3,0,0.0,0.312,0,Successful Borrower
U04674,25,Bachelor's,Self-Employed,13105.0,2,A04674,51,owner,2,0.54,bachelor,1547.0,0.54,0.13,304,0.84,0.25,0.24,0,0,0,2,0,0.2263,0.198,0,Successful Borrower
U04675,21,Diploma,Student,1540.0,1,A04675,3,none,4,0.62,cert,868.0,0.53,0.05,68,0.73,0.32,0.53,0,0,0,0,0,0.0572,0.3145,0,Successful Borrower
U04676,23,Bachelor's,Employed,9839.0,2,A04676,53,rent,6,0.42,bachelor,2455.0,0.57,0.07,227,0.9,0.22,0.17,0,0,0,3,1,0.1272,0.143,0,Successful Borrower
U04677,23,Master's,Student,3795.0,2,A04677,6,none,1,0.45,master,2020.0,0.73,0.12,45,0.69,0.31,0.46,0,0,0,3,0,0.0908,0.319,0,Successful Borrower
U04678,20,High School,Employed,8883.0,2,A04678,12,none,2,0.61,highschool,4421.0,0.55,0.13,150,0.78,0.29,0.39,0,0,0,2,0,0.1055,0.2665,0,Successful Borrower
U04679,26,Diploma,Student,4029.0,2,A04679,0,rent,9,0.31,cert,1696.0,0.62,0.07,90,0.81,0.25,0.37,0,0,0,2,1,0.0741,0.232,0,Successful Borrower
U04680,20,Bachelor's,Student,5061.0,3,A04680,9,none,2,0.63,bachelor,1857.0,0.55,0.1,133,0.79,0.36,0.36,0,0,0,2,0,0.1604,0.2685,0,Successful Borrower
U04681,25,Bachelor's,Employed,7884.0,2,A04681,21,rent,8,0.33,bachelor,3268.0,0.45,0.06,154,0.95,0.17,0.23,0,0,0,3,0,0.1644,0.1265,0,Successful Borrower
U04682,25,PhD,Self-Employed,8466.0,2,A04682,13,rent,7,0.3,phd,3758.0,0.84,0.16,100,0.75,0.29,0.43,0,0,0,2,0,0.0429,0.2915,1,Defaulted
U04683,21,Bachelor's,Student,3817.0,1,A04683,11,none,2,0.59,bachelor,1168.0,0.76,0.02,160,0.77,0.29,0.48,0,0,0,3,0,0.0159,0.276,0,Successful Borrower
U04684,21,Bachelor's,Employed,7832.0,2,A04684,37,rent,24,0.48,bachelor,2103.0,0.61,0.06,195,0.9,0.2,0.27,0,0,0,3,1,0.2073,0.1615,0,Successful Borrower
U04685,22,Master's,Employed,8200.0,2,A04685,43,rent,4,0.53,master,921.0,0.7,0.02,212,0.96,0.22,0.11,0,0,0,3,0,0.1473,0.0995,0,Successful Borrower
U04686,23,Diploma,Employed,9362.0,2,A04686,48,rent,10,0.71,cert,2455.0,0.56,0.1,197,0.9,0.18,0.22,1,0,0,3,0,0.0432,0.15,0,Successful Borrower
U04687,24,Bachelor's,Employed,8022.0,3,A04687,29,none,4,0.64,bachelor,4463.0,0.6,0.16,9,0.63,0.5,0.51,0,0,0,1,1,0.0746,0.406,1,Defaulted
U04688,26,Bachelor's,Student,4626.0,2,A04688,9,rent,13,0.39,bachelor,1986.0,0.58,0.05,101,0.92,0.27,0.2,0,0,0,3,0,0.1373,0.153,0,Successful Borrower
U04689,23,High School,Student,3786.0,2,A04689,11,rent,5,0.43,highschool,1383.0,0.66,0.02,109,0.89,0.22,0.35,0,0,0,2,0,0.0504,0.184,1,Defaulted
U04690,25,Master's,Employed,10010.0,2,A04690,32,owner,1,0.49,master,3089.0,0.58,0.08,245,0.82,0.19,0.31,0,0,0,2,0,0.03,0.2,0,Successful Borrower
U04691,24,Bachelor's,Self-Employed,8985.0,2,A04691,59,rent,13,0.57,bachelor,3022.0,0.49,0.14,191,0.86,0.27,0.25,0,0,0,3,2,0.0923,0.2,1,Defaulted
U04692,24,Bachelor's,Employed,10184.0,3,A04692,43,rent,13,0.68,bachelor,2283.0,0.54,0.02,268,1.0,0.06,0.1,0,0,0,3,1,0.1764,0.043,0,Successful Borrower
U04693,21,Master's,Employed,6891.0,2,A04693,21,rent,9,0.58,master,1329.0,0.6,0.02,241,1.0,0.07,0.05,0,0,0,3,0,0.1296,0.033,0,Successful Borrower
U04694,22,PhD,Self-Employed,9505.0,2,A04694,60,owner,3,0.37,phd,5550.0,0.62,0.21,159,0.73,0.41,0.44,0,0,0,3,0,0.0906,0.3385,0,Successful Borrower
U04695,25,Bachelor's,Unemployed,2578.0,1,A04695,2,rent,16,0.75,bachelor,979.0,0.64,0.11,112,0.63,0.53,0.57,0,0,0,2,2,0.1048,0.421,1,Defaulted
U04696,22,Bachelor's,Unemployed,2183.0,1,A04696,3,rent,5,0.33,bachelor,1319.0,0.65,0.17,11,0.67,0.43,0.42,0,0,0,0,0,0.0,0.3535,1,Defaulted
U04697,24,Bachelor's,Employed,7772.0,2,A04697,55,rent,14,0.42,bachelor,2661.0,0.51,0.15,211,0.67,0.38,0.48,0,0,0,3,0,0.0915,0.353,1,Defaulted
U04698,21,Diploma,Employed,7497.0,2,A04698,39,rent,10,0.4,cert,1882.0,0.59,0.06,189,0.97,0.18,0.08,0,0,0,2,0,0.0869,0.0845,0,Successful Borrower
U04699,23,PhD,Employed,8987.0,3,A04699,25,rent,21,0.58,phd,4144.0,0.51,0.06,151,0.81,0.3,0.4,0,0,0,2,1,0.0477,0.2505,1,Defaulted
U04700,24,Master's,Employed,6940.0,2,A04700,46,owner,1,0.3,master,3906.0,0.62,0.07,96,0.92,0.2,0.14,0,0,0,3,1,0.1389,0.1235,0,Successful Borrower
U04701,20,Bachelor's,Self-Employed,5646.0,2,A04701,21,rent,6,0.47,bachelor,2422.0,0.61,0.17,132,0.75,0.36,0.36,0,0,0,3,0,0.0265,0.293,1,Defaulted
U04702,22,High School,Employed,9233.0,3,A04702,24,rent,19,0.64,highschool,4576.0,0.45,0.13,126,0.67,0.43,0.47,0,0,0,2,0,0.0938,0.36,0,Successful Borrower
U04703,25,High School,Student,4135.0,2,A04703,2,none,1,0.61,highschool,2113.0,0.64,0.16,46,0.62,0.41,0.57,0,0,0,3,1,0.0,0.402,1,Defaulted
U04704,20,Bachelor's,Student,2523.0,3,A04704,4,rent,13,0.49,bachelor,1636.0,0.66,0.06,39,0.81,0.32,0.26,0,0,0,3,0,0.1276,0.2205,0,Successful Borrower
U04705,26,Bachelor's,Self-Employed,7937.0,3,A04705,58,rent,11,0.63,bachelor,3274.0,0.65,0.08,125,0.9,0.05,0.3,0,0,0,3,0,0.0077,0.1345,0,Successful Borrower
U04706,24,Master's,Employed,8003.0,2,A04706,10,rent,10,0.59,master,2751.0,0.53,0.08,215,0.9,0.18,0.24,0,0,0,3,1,0.2441,0.152,0,Successful Borrower
U04707,24,Bachelor's,Self-Employed,9422.0,3,A04707,31,owner,3,0.51,bachelor,3088.0,0.58,0.13,212,0.85,0.21,0.4,0,0,0,2,0,0.1688,0.2245,0,Successful Borrower
U04708,25,Bachelor's,Employed,9094.0,2,A04708,48,owner,4,0.5,bachelor,2825.0,0.49,0.05,197,0.9,0.19,0.22,0,0,0,3,0,0.131,0.145,0,Successful Borrower
U04709,22,Diploma,Employed,7819.0,3,A04709,28,rent,15,0.57,cert,3088.0,0.65,0.09,130,0.73,0.31,0.34,0,0,0,3,0,0.1044,0.2705,0,Successful Borrower
U04710,22,Bachelor's,Employed,5245.0,2,A04710,16,rent,20,0.55,bachelor,1914.0,0.63,0.1,174,0.87,0.18,0.29,0,0,0,2,1,0.0239,0.178,0,Successful Borrower
U04711,21,Diploma,Employed,9240.0,3,A04711,31,owner,1,0.62,cert,3988.0,0.64,0.05,249,0.79,0.39,0.39,0,0,0,2,2,0.0931,0.276,0,Successful Borrower
U04712,23,High School,Unemployed,3005.0,2,A04712,1,rent,20,0.58,highschool,1928.0,0.78,0.22,48,0.66,0.42,0.49,0,0,0,1,2,0.0982,0.3795,1,Defaulted
U04713,26,Bachelor's,Self-Employed,6695.0,3,A04713,27,owner,1,0.46,bachelor,2124.0,0.71,0.15,175,0.81,0.27,0.21,0,0,0,1,0,0.1567,0.209,0,Successful Borrower
U04714,25,Bachelor's,Student,5061.0,2,A04714,11,owner,3,0.4,bachelor,2047.0,0.57,0.07,130,0.89,0.19,0.16,0,0,0,3,0,0.04,0.1365,0,Successful Borrower
U04715,22,Bachelor's,Employed,3612.0,3,A04715,12,rent,24,0.71,bachelor,1683.0,0.57,0.04,143,0.87,0.33,0.4,0,0,0,3,0,0.0788,0.234,0,Successful Borrower
U04716,26,High School,Employed,8264.0,1,A04716,55,rent,22,0.61,highschool,3775.0,0.81,0.04,159,0.73,0.3,0.25,0,0,0,2,1,0.0285,0.238,0,Successful Borrower
U04717,26,Bachelor's,Employed,10351.0,2,A04717,46,owner,4,0.3,bachelor,2704.0,0.55,0.07,280,0.92,0.22,0.18,0,0,0,3,0,0.1353,0.1385,0,Successful Borrower
U04718,20,Diploma,Employed,7771.0,3,A04718,12,rent,4,0.7,cert,3733.0,0.53,0.16,123,0.71,0.41,0.51,0,0,0,3,1,0.0076,0.3555,1,Defaulted
U04719,23,Bachelor's,Employed,9559.0,3,A04719,30,owner,0,0.53,bachelor,2368.0,0.62,0.03,226,1.0,0.05,0.16,0,0,0,2,1,0.1344,0.057,0,Successful Borrower
U04720,26,Bachelor's,Student,4253.0,2,A04720,7,none,3,0.42,bachelor,2724.0,0.54,0.14,68,0.69,0.36,0.52,0,0,0,1,0,0.0,0.3495,0,Successful Borrower
U04721,24,Bachelor's,Employed,10160.0,1,A04721,48,owner,1,0.61,bachelor,4622.0,0.59,0.09,186,0.76,0.28,0.36,0,0,0,2,0,0.0134,0.2575,1,Defaulted
U04722,24,Master's,Employed,5754.0,2,A04722,10,none,3,0.77,master,3203.0,0.67,0.11,104,0.76,0.34,0.53,0,0,0,2,0,0.0923,0.318,1,Defaulted
U04723,24,Bachelor's,Self-Employed,6986.0,3,A04723,11,rent,10,0.54,bachelor,2645.0,0.83,0.13,179,0.85,0.24,0.32,0,0,0,1,0,0.0511,0.212,0,Successful Borrower
U04724,23,Diploma,Student,4675.0,2,A04724,10,none,2,0.42,cert,2065.0,0.65,0.07,90,0.79,0.36,0.25,0,0,0,2,0,0.1017,0.2365,1,Defaulted
U04725,24,Bachelor's,Student,2171.0,1,A04725,9,none,1,0.4,bachelor,517.0,0.67,0.09,55,0.67,0.45,0.43,0,0,0,1,0,0.0,0.349,1,Defaulted
U04726,24,Master's,Employed,8181.0,3,A04726,42,rent,17,0.61,master,1196.0,0.48,0.02,278,0.97,0.14,0.1,0,0,0,3,0,0.0,0.0735,0,Successful Borrower
U04727,23,Bachelor's,Student,2101.0,2,A04727,2,none,0,0.87,bachelor,1634.0,0.68,0.15,14,0.74,0.49,0.43,0,0,0,2,0,0.0547,0.3435,0,Successful Borrower
U04728,24,Bachelor's,Student,4201.0,2,A04728,0,none,2,0.54,bachelor,1683.0,0.57,0.08,85,0.75,0.34,0.36,0,0,0,1,1,0.0474,0.2745,1,Defaulted
U04729,22,Bachelor's,Unemployed,1648.0,1,A04729,6,none,4,0.61,bachelor,1213.0,0.54,0.18,22,0.56,0.59,0.64,1,0,1,1,1,0.1396,0.4885,1,Defaulted
U04730,23,Bachelor's,Employed,8351.0,2,A04730,55,rent,17,0.62,bachelor,2660.0,0.53,0.07,234,0.81,0.31,0.29,0,0,0,3,1,0.0961,0.227,0,Successful Borrower
U04731,23,Bachelor's,Employed,5603.0,2,A04731,13,rent,24,0.82,bachelor,1447.0,0.54,0.08,181,0.89,0.16,0.24,0,0,0,2,1,0.0321,0.1505,0,Successful Borrower
U04732,24,Bachelor's,Employed,11434.0,3,A04732,43,owner,0,0.6,bachelor,5314.0,0.53,0.1,245,0.72,0.3,0.41,0,0,0,2,0,0.0162,0.2905,1,Defaulted
U04733,21,Bachelor's,Employed,6503.0,1,A04733,19,none,3,0.37,bachelor,3792.0,0.68,0.14,114,0.74,0.41,0.33,0,0,0,3,1,0.1409,0.297,0,Successful Borrower
U04734,23,Bachelor's,Unemployed,2942.0,3,A04734,4,rent,19,0.44,bachelor,1652.0,0.61,0.2,0,0.57,0.58,0.58,0,0,0,0,3,0.1136,0.4705,1,Defaulted
U04735,24,Bachelor's,Student,4236.0,3,A04735,7,rent,8,0.36,bachelor,2485.0,0.75,0.06,35,0.79,0.33,0.31,0,0,0,1,1,0.0226,0.2425,1,Defaulted
U04736,20,Diploma,Self-Employed,9604.0,2,A04736,23,rent,23,0.31,cert,1090.0,0.61,0.13,261,0.9,0.12,0.26,0,0,0,3,0,0.0591,0.1495,0,Successful Borrower
U04737,24,High School,Employed,9309.0,2,A04737,18,rent,16,0.3,highschool,2747.0,0.59,0.03,192,0.78,0.35,0.36,0,0,0,3,0,0.0337,0.259,0,Successful Borrower
U04738,24,Bachelor's,Student,5336.0,3,A04738,10,none,3,0.3,bachelor,1633.0,0.54,0.02,139,0.89,0.25,0.16,0,0,0,1,1,0.0802,0.144,0,Successful Borrower
U04739,22,High School,Student,1726.0,2,A04739,8,rent,12,0.66,highschool,1294.0,0.75,0.15,88,0.67,0.41,0.55,0,0,0,1,0,0.1941,0.378,1,Defaulted
U04740,24,Bachelor's,Unemployed,4419.0,2,A04740,3,rent,20,0.54,bachelor,1142.0,0.54,0.13,134,0.78,0.32,0.33,0,0,0,3,1,0.0,0.259,0,Successful Borrower
U04741,20,Bachelor's,Employed,7340.0,2,A04741,14,owner,3,0.6,bachelor,2827.0,0.63,0.08,193,0.79,0.24,0.38,0,0,0,3,1,0.1487,0.2405,0,Successful Borrower
U04742,23,Bachelor's,Employed,10546.0,2,A04742,30,rent,22,0.44,bachelor,4210.0,0.52,0.1,217,0.82,0.27,0.36,0,0,0,3,1,0.1358,0.2355,0,Successful Borrower
U04743,25,Diploma,Student,3046.0,2,A04743,6,rent,13,0.54,cert,1718.0,0.75,0.08,48,0.73,0.34,0.37,0,0,0,2,0,0.0013,0.284,0,Successful Borrower
U04744,21,Diploma,Employed,7307.0,1,A04744,10,rent,6,0.72,cert,2287.0,0.69,0.06,180,0.83,0.22,0.38,0,0,0,3,0,0.0857,0.2185,0,Successful Borrower
U04745,24,Diploma,Self-Employed,8009.0,2,A04745,37,rent,15,0.49,cert,2817.0,0.72,0.11,155,0.89,0.09,0.27,0,0,0,2,0,0.0,0.145,0,Successful Borrower
U04746,20,Diploma,Unemployed,2922.0,3,A04746,6,rent,17,0.4,cert,1220.0,0.61,0.15,2,0.61,0.49,0.51,0,0,0,2,0,0.1731,0.409,1,Defaulted
U04747,24,Bachelor's,Self-Employed,10863.0,3,A04747,54,owner,0,0.65,bachelor,3782.0,0.6,0.13,173,0.67,0.39,0.47,0,0,0,2,0,0.0,0.35,0,Successful Borrower
U04748,20,Bachelor's,Self-Employed,7753.0,1,A04748,59,owner,2,0.51,bachelor,2815.0,0.48,0.16,216,0.75,0.26,0.39,0,0,0,3,0,0.056,0.274,1,Defaulted
U04749,25,High School,Self-Employed,8661.0,2,A04749,34,rent,13,0.73,highschool,2309.0,0.65,0.15,180,0.87,0.25,0.25,0,0,0,3,2,0.1498,0.193,0,Successful Borrower
U04750,23,Master's,Employed,7578.0,2,A04750,18,owner,0,0.7,master,1914.0,0.63,0.07,216,0.84,0.24,0.31,0,0,0,3,0,0.1047,0.204,0,Successful Borrower
U04751,20,Bachelor's,Employed,7731.0,1,A04751,28,rent,6,0.81,bachelor,4053.0,0.77,0.14,181,0.75,0.24,0.5,0,0,0,3,1,0.11,0.2935,1,Defaulted
U04752,20,Bachelor's,Employed,11428.0,2,A04752,39,owner,4,0.58,bachelor,2922.0,0.41,0.1,276,0.73,0.3,0.44,0,0,0,3,1,0.1212,0.2945,1,Defaulted
U04753,25,High School,Employed,7472.0,2,A04753,29,rent,9,0.4,highschool,2528.0,0.7,0.06,176,0.76,0.38,0.42,0,0,0,3,0,0.0,0.293,1,Defaulted
U04754,20,Bachelor's,Unemployed,3593.0,2,A04754,6,rent,24,0.38,bachelor,1238.0,0.73,0.11,89,0.8,0.35,0.33,0,0,0,1,0,0.1434,0.2565,0,Successful Borrower
U04755,22,Bachelor's,Self-Employed,6477.0,2,A04755,8,rent,23,0.55,bachelor,2393.0,0.59,0.17,184,0.8,0.31,0.38,0,0,0,3,0,0.1225,0.268,0,Successful Borrower
U04756,22,High School,Employed,7945.0,3,A04756,47,rent,10,0.63,highschool,3372.0,0.48,0.09,131,0.81,0.32,0.47,0,0,0,3,1,0.0221,0.2775,1,Defaulted
U04757,26,Bachelor's,Unemployed,3075.0,2,A04757,0,rent,11,0.52,bachelor,1851.0,0.75,0.12,104,0.7,0.45,0.45,0,0,0,1,1,0.088,0.348,1,Defaulted
U04758,25,Diploma,Unemployed,3197.0,3,A04758,1,rent,14,0.38,cert,1626.0,0.65,0.13,97,0.79,0.31,0.33,0,0,0,3,0,0.1597,0.253,0,Successful Borrower
U04759,24,Master's,Employed,9439.0,2,A04759,46,rent,22,0.6,master,1147.0,0.45,0.04,245,0.92,0.21,0.2,0,0,0,2,1,0.0,0.1365,0,Successful Borrower
U04760,22,Diploma,Student,4987.0,2,A04760,6,none,1,0.5,cert,2195.0,0.59,0.07,77,0.75,0.34,0.45,0,0,0,2,0,0.0776,0.2955,1,Defaulted
U04761,20,Bachelor's,Employed,7756.0,3,A04761,48,rent,18,0.54,bachelor,892.0,0.57,0.02,217,0.98,0.22,0.23,0,0,0,3,0,0.0657,0.1225,0,Successful Borrower
U04762,20,Diploma,Student,3850.0,2,A04762,5,rent,12,0.46,cert,2016.0,0.71,0.13,92,0.75,0.29,0.41,0,0,0,3,0,0.0348,0.282,0,Successful Borrower
U04763,24,Bachelor's,Self-Employed,6963.0,2,A04763,54,owner,1,0.42,bachelor,3035.0,0.64,0.23,95,0.66,0.41,0.5,0,0,0,2,1,0.0,0.381,1,Defaulted
U04764,22,Bachelor's,Self-Employed,5275.0,3,A04764,25,rent,16,0.54,bachelor,3343.0,0.73,0.18,94,0.74,0.31,0.29,0,0,0,3,2,0.0674,0.268,0,Successful Borrower
U04765,23,Bachelor's,Self-Employed,8924.0,2,A04765,55,rent,5,0.49,bachelor,3244.0,0.63,0.12,139,0.83,0.28,0.32,0,0,0,3,0,0.0135,0.2275,0,Successful Borrower
U04766,21,Bachelor's,Employed,9564.0,2,A04766,48,rent,10,0.53,bachelor,4400.0,0.6,0.06,153,0.81,0.32,0.46,0,0,0,2,0,0.0348,0.2705,0,Successful Borrower
U04767,24,Diploma,Employed,7960.0,2,A04767,21,none,2,0.64,cert,3689.0,0.65,0.05,148,0.79,0.3,0.4,0,0,0,2,1,0.1296,0.256,0,Successful Borrower
U04768,22,Bachelor's,Employed,9957.0,2,A04768,23,rent,15,0.5,bachelor,6169.0,0.52,0.14,129,0.71,0.43,0.42,0,0,0,3,1,0.1437,0.335,0,Successful Borrower
U04769,22,High School,Student,3156.0,2,A04769,2,rent,4,0.49,highschool,1311.0,0.8,0.05,81,0.76,0.44,0.43,0,0,0,2,0,0.0005,0.309,0,Successful Borrower
U04770,24,High School,Student,2074.0,2,A04770,7,rent,16,0.44,highschool,1157.0,0.58,0.12,61,0.71,0.39,0.51,0,1,0,1,0,0.1036,0.3445,0,Successful Borrower
U04771,25,Bachelor's,Unemployed,2700.0,2,A04771,0,none,2,0.66,bachelor,1303.0,0.56,0.13,26,0.74,0.42,0.52,0,0,0,1,1,0.0078,0.3455,0,Successful Borrower
U04772,22,Bachelor's,Self-Employed,10707.0,3,A04772,30,none,2,0.53,bachelor,4389.0,0.53,0.17,227,0.71,0.29,0.53,0,0,1,2,1,0.0161,0.332,1,Defaulted
U04773,20,Bachelor's,Student,4196.0,3,A04773,10,rent,9,0.45,bachelor,1878.0,0.63,0.06,77,0.86,0.3,0.35,0,0,0,3,0,0.0009,0.2205,0,Successful Borrower
U04774,23,Bachelor's,Student,3749.0,2,A04774,8,rent,12,0.49,bachelor,1244.0,0.62,0.08,128,0.81,0.27,0.26,0,0,0,3,1,0.1282,0.211,0,Successful Borrower
U04775,20,Bachelor's,Student,3072.0,1,A04775,8,none,0,0.64,bachelor,1645.0,0.65,0.13,78,0.71,0.33,0.51,0,0,0,2,1,0.1541,0.331,1,Defaulted
U04776,22,High School,Employed,9669.0,1,A04776,39,rent,12,0.82,highschool,4406.0,0.49,0.11,173,0.68,0.37,0.58,0,0,0,2,0,0.0973,0.366,1,Defaulted
U04777,25,Bachelor's,Self-Employed,9553.0,3,A04777,32,rent,13,0.48,bachelor,5075.0,0.68,0.12,149,0.83,0.28,0.26,0,0,0,2,1,0.1169,0.2125,0,Successful Borrower
U04778,21,Diploma,Employed,10254.0,2,A04778,32,none,0,0.43,cert,4807.0,0.54,0.07,228,0.81,0.27,0.35,0,0,0,1,0,0.0841,0.232,0,Successful Borrower
U04779,21,Diploma,Student,3584.0,3,A04779,4,rent,9,0.65,cert,1549.0,0.74,0.12,60,0.85,0.33,0.21,0,0,0,2,2,0.1489,0.2055,0,Successful Borrower
U04780,23,Master's,Student,2077.0,2,A04780,3,rent,16,0.5,master,758.0,0.61,0.1,20,0.78,0.27,0.43,0,0,0,1,1,0.0,0.267,0,Successful Borrower
U04781,26,Diploma,Employed,10634.0,2,A04781,35,rent,13,0.46,cert,5136.0,0.71,0.15,149,0.62,0.46,0.55,0,0,0,3,1,0.0685,0.408,1,Defaulted
U04782,23,Master's,Employed,6940.0,2,A04782,10,rent,4,0.65,master,2505.0,0.76,0.04,193,0.88,0.28,0.44,0,0,0,3,0,0.0096,0.228,0,Successful Borrower
U04783,24,Bachelor's,Employed,10129.0,2,A04783,51,rent,10,0.6,bachelor,4187.0,0.44,0.1,178,0.83,0.26,0.32,0,0,0,1,0,0.0,0.2195,0,Successful Borrower
U04784,25,Bachelor's,Student,2651.0,2,A04784,3,rent,13,0.7,bachelor,1593.0,0.59,0.05,10,0.76,0.33,0.43,0,0,0,2,1,0.1485,0.2815,1,Defaulted
U04785,26,Diploma,Self-Employed,8620.0,2,A04785,4,rent,8,0.67,cert,4693.0,0.49,0.16,127,0.68,0.32,0.36,0,0,0,3,1,0.1317,0.306,0,Successful Borrower
U04786,21,Master's,Employed,8605.0,3,A04786,18,owner,3,0.32,master,2802.0,0.55,0.06,182,0.85,0.32,0.34,0,0,0,2,0,0.0033,0.2265,0,Successful Borrower
U04787,22,Diploma,Employed,11009.0,3,A04787,26,none,3,0.55,cert,2102.0,0.58,0.03,320,0.87,0.26,0.36,0,0,0,2,0,0.0124,0.205,0,Successful Borrower
U04788,23,Bachelor's,Student,1955.0,1,A04788,6,none,4,0.76,bachelor,300.0,0.69,0.03,137,0.87,0.32,0.39,0,0,0,3,0,0.0352,0.2275,0,Successful Borrower
U04789,21,Bachelor's,Employed,7064.0,2,A04789,21,rent,8,0.6,bachelor,3465.0,0.56,0.11,182,0.73,0.41,0.36,0,0,0,2,1,0.0708,0.3035,0,Successful Borrower
U04790,22,High School,Self-Employed,6816.0,3,A04790,31,rent,14,0.72,highschool,3795.0,0.51,0.19,64,0.79,0.31,0.34,0,0,0,1,1,0.0056,0.2645,0,Successful Borrower
U04791,26,High School,Employed,8688.0,1,A04791,58,owner,2,0.5,highschool,2959.0,0.64,0.04,172,0.89,0.29,0.24,0,0,0,2,0,0.0913,0.177,0,Successful Borrower
U04792,25,High School,Self-Employed,8843.0,2,A04792,43,rent,10,0.65,highschool,5230.0,0.56,0.2,93,0.64,0.41,0.41,0,0,0,1,0,0.0805,0.361,1,Defaulted
U04793,25,Bachelor's,Unemployed,3328.0,3,A04793,3,rent,5,0.38,bachelor,1633.0,0.67,0.18,69,0.66,0.44,0.58,0,0,0,1,1,0.1062,0.401,1,Defaulted
U04794,23,Bachelor's,Unemployed,3189.0,2,A04794,0,rent,22,0.33,bachelor,927.0,0.48,0.09,56,0.73,0.45,0.32,0,0,0,2,1,0.0357,0.3005,0,Successful Borrower
U04795,20,Bachelor's,Employed,6204.0,1,A04795,12,owner,3,0.84,bachelor,2136.0,0.5,0.1,130,0.9,0.18,0.21,0,0,0,3,0,0.0,0.1475,0,Successful Borrower
U04796,21,Bachelor's,Student,4754.0,3,A04796,5,rent,4,0.52,bachelor,2834.0,0.61,0.18,33,0.58,0.5,0.5,0,0,0,2,1,0.0728,0.424,1,Defaulted
U04797,22,Bachelor's,Student,3019.0,1,A04797,3,rent,13,0.54,bachelor,1897.0,0.66,0.15,43,0.61,0.4,0.53,0,0,0,0,0,0.1871,0.3915,1,Defaulted
U04798,23,Master's,Self-Employed,6710.0,1,A04798,19,owner,3,0.56,master,3083.0,0.53,0.15,105,0.79,0.17,0.39,0,0,0,2,0,0.1159,0.236,0,Successful Borrower
U04799,25,Bachelor's,Employed,9027.0,1,A04799,37,owner,1,0.49,bachelor,2977.0,0.73,0.02,234,0.87,0.23,0.33,0,0,0,1,0,0.1523,0.1885,0,Successful Borrower
U04800,23,Diploma,Employed,4866.0,1,A04800,36,none,4,0.57,cert,3219.0,0.77,0.19,25,0.71,0.24,0.46,0,0,0,1,1,0.1113,0.305,0,Successful Borrower
U04801,21,Master's,Student,3814.0,2,A04801,5,rent,20,0.49,master,1525.0,0.61,0.05,63,0.91,0.21,0.25,0,0,0,2,1,0.1601,0.154,0,Successful Borrower
U04802,26,Master's,Student,5447.0,3,A04802,10,rent,4,0.47,master,1820.0,0.54,0.06,103,0.78,0.3,0.4,0,0,0,3,1,0.0373,0.261,0,Successful Borrower
U04803,21,Bachelor's,Employed,9008.0,1,A04803,28,none,4,0.43,bachelor,1660.0,0.44,0.05,205,0.95,0.23,0.14,0,0,0,3,1,0.0437,0.1175,0,Successful Borrower
U04804,24,PhD,Unemployed,2911.0,3,A04804,6,rent,6,0.51,phd,1555.0,0.64,0.14,0,0.69,0.49,0.43,0,0,0,1,2,0.0,0.3595,1,Defaulted
U04805,20,Bachelor's,Self-Employed,9405.0,3,A04805,25,none,1,0.48,bachelor,4509.0,0.76,0.16,186,0.74,0.33,0.4,0,0,0,3,0,0.1204,0.2975,1,Defaulted
U04806,21,Bachelor's,Employed,8727.0,2,A04806,15,rent,10,0.74,bachelor,4195.0,0.61,0.08,208,0.79,0.32,0.21,0,0,0,1,1,0.1731,0.218,1,Defaulted
U04807,23,Bachelor's,Self-Employed,6931.0,2,A04807,28,rent,16,0.44,bachelor,1759.0,0.47,0.13,114,0.67,0.38,0.47,0,0,0,3,0,0.03,0.3475,1,Defaulted
U04808,22,Bachelor's,Employed,8983.0,2,A04808,44,none,0,0.36,bachelor,2225.0,0.64,0.05,272,0.96,0.22,0.3,0,0,0,3,0,0.1794,0.1515,0,Successful Borrower
U04809,22,Bachelor's,Self-Employed,10890.0,2,A04809,51,owner,3,0.44,bachelor,3264.0,0.42,0.16,215,0.7,0.24,0.42,0,0,0,1,0,0.0239,0.294,0,Successful Borrower
U04810,23,Diploma,Self-Employed,10249.0,3,A04810,37,rent,18,0.46,cert,1957.0,0.52,0.18,207,0.69,0.42,0.46,0,0,0,3,2,0.0957,0.3555,0,Successful Borrower
U04811,24,Bachelor's,Employed,10122.0,2,A04811,35,none,2,0.48,bachelor,4746.0,0.66,0.15,162,0.65,0.42,0.55,0,0,0,3,1,0.1155,0.3875,1,Defaulted
U04812,25,High School,Unemployed,3853.0,2,A04812,5,rent,18,0.38,highschool,2013.0,0.61,0.18,62,0.61,0.41,0.52,0,1,0,2,0,0.1325,0.396,0,Successful Borrower
U04813,23,High School,Self-Employed,7347.0,2,A04813,40,rent,21,0.41,highschool,2723.0,0.72,0.14,121,0.81,0.33,0.19,0,0,0,2,0,0.043,0.2175,0,Successful Borrower
U04814,22,Bachelor's,Employed,7838.0,1,A04814,19,rent,13,0.34,bachelor,1922.0,0.49,0.02,261,0.92,0.17,0.26,0,0,0,3,0,0.1843,0.1385,0,Successful Borrower
U04815,23,High School,Self-Employed,8373.0,3,A04815,24,rent,9,0.3,highschool,3192.0,0.48,0.19,149,0.8,0.21,0.27,0,0,0,3,1,0.0904,0.2185,1,Defaulted
U04816,24,Master's,Employed,8823.0,1,A04816,46,none,1,0.47,master,3897.0,0.55,0.1,183,0.76,0.26,0.31,0,0,0,3,0,0.0937,0.2415,0,Successful Borrower
U04817,23,Bachelor's,Student,4235.0,2,A04817,2,rent,18,0.34,bachelor,2488.0,0.72,0.08,139,0.85,0.29,0.31,0,0,0,2,0,0.0091,0.2145,0,Successful Borrower
U04818,20,Master's,Employed,7455.0,2,A04818,12,rent,9,0.42,master,2876.0,0.75,0.08,179,0.92,0.25,0.19,0,0,0,3,0,0.1063,0.15,0,Successful Borrower
U04819,21,High School,Employed,8931.0,2,A04819,42,owner,2,0.74,highschool,4182.0,0.61,0.09,225,0.74,0.42,0.49,0,0,0,3,0,0.0566,0.332,0,Successful Borrower
U04820,24,Bachelor's,Employed,8842.0,2,A04820,30,rent,13,0.57,bachelor,3072.0,0.64,0.08,221,0.8,0.33,0.39,0,0,0,3,0,0.0108,0.262,0,Successful Borrower
U04821,22,High School,Student,2326.0,3,A04821,3,rent,5,0.35,highschool,767.0,0.73,0.07,112,1.0,0.12,0.1,0,0,0,3,0,0.0987,0.0655,0,Successful Borrower
U04822,26,Bachelor's,Student,4356.0,2,A04822,8,rent,9,0.3,bachelor,1929.0,0.64,0.13,78,0.69,0.34,0.42,0,0,0,2,1,0.1737,0.318,0,Successful Borrower
U04823,23,High School,Employed,9545.0,2,A04823,48,rent,15,0.75,highschool,2639.0,0.61,0.06,221,0.86,0.18,0.31,0,0,0,2,0,0.0906,0.1805,0,Successful Borrower
U04824,22,Bachelor's,Employed,8404.0,2,A04824,34,rent,5,0.44,bachelor,2310.0,0.73,0.05,188,0.97,0.22,0.21,0,0,0,3,2,0.0,0.1255,0,Successful Borrower
U04825,21,PhD,Student,3058.0,2,A04825,7,rent,24,0.38,phd,1291.0,0.6,0.07,88,0.84,0.22,0.3,0,0,0,3,1,0.0,0.1965,0,Successful Borrower
U04826,20,Bachelor's,Employed,8164.0,3,A04826,37,rent,8,0.41,bachelor,3394.0,0.55,0.09,130,0.7,0.44,0.44,0,0,0,3,1,0.1175,0.3385,0,Successful Borrower
U04827,24,High School,Employed,8118.0,2,A04827,29,owner,3,0.3,highschool,2189.0,0.39,0.11,188,0.74,0.32,0.37,0,0,0,3,0,0.0058,0.28,1,Defaulted
U04828,20,Bachelor's,Self-Employed,8503.0,2,A04828,51,rent,8,0.45,bachelor,2919.0,0.64,0.11,147,0.89,0.18,0.08,0,0,0,3,0,0.0566,0.12,0,Successful Borrower
U04829,23,High School,Employed,6070.0,1,A04829,40,rent,16,0.63,highschool,3355.0,0.62,0.17,93,0.58,0.48,0.6,0,0,0,2,1,0.0233,0.4425,1,Defaulted
U04830,26,Master's,Employed,8294.0,3,A04830,26,rent,19,0.68,master,4430.0,0.54,0.14,152,0.74,0.42,0.42,0,0,0,3,0,0.0748,0.322,0,Successful Borrower
U04831,25,Diploma,Employed,9106.0,1,A04831,19,none,1,0.63,cert,4178.0,0.61,0.1,174,0.72,0.36,0.46,0,0,0,1,1,0.0664,0.318,1,Defaulted
U04832,25,Bachelor's,Employed,7053.0,3,A04832,29,rent,24,0.5,bachelor,3705.0,0.6,0.16,97,0.59,0.46,0.66,0,0,0,3,1,0.0663,0.4475,0,Successful Borrower
U04833,22,Bachelor's,Student,3123.0,3,A04833,0,none,3,0.58,bachelor,1011.0,0.71,0.09,24,0.65,0.35,0.51,0,0,0,1,0,0.0896,0.351,1,Defaulted
U04834,22,High School,Employed,9219.0,3,A04834,16,none,2,0.43,highschool,2194.0,0.56,0.13,203,0.83,0.33,0.31,0,0,0,3,0,0.0151,0.239,0,Successful Borrower
U04835,23,Bachelor's,Self-Employed,8398.0,2,A04835,31,rent,7,0.61,bachelor,2674.0,0.56,0.18,170,0.75,0.32,0.53,0,0,0,3,0,0.0657,0.327,0,Successful Borrower
U04836,26,High School,Employed,9636.0,2,A04836,41,rent,18,0.54,highschool,3516.0,0.48,0.07,186,0.67,0.46,0.52,0,0,0,3,0,0.1289,0.371,1,Defaulted
U04837,20,Bachelor's,Employed,8884.0,3,A04837,22,rent,23,0.64,bachelor,2522.0,0.53,0.02,243,0.87,0.25,0.15,0,0,0,2,1,0.0768,0.1485,1,Defaulted
U04838,24,Master's,Student,4966.0,3,A04838,4,rent,24,0.62,master,2508.0,0.61,0.19,79,0.77,0.3,0.41,0,0,0,1,0,0.0566,0.2865,1,Defaulted
U04839,26,High School,Employed,7891.0,3,A04839,32,none,4,0.58,highschool,2653.0,0.61,0.08,163,0.91,0.17,0.2,0,0,0,3,0,0.1604,0.136,0,Successful Borrower
U04840,20,Bachelor's,Employed,5211.0,2,A04840,12,rent,21,0.65,bachelor,3205.0,0.67,0.09,99,0.66,0.51,0.32,0,0,0,2,1,0.1242,0.34,0,Successful Borrower
U04841,22,Bachelor's,Employed,8207.0,2,A04841,48,rent,5,0.62,bachelor,5509.0,0.45,0.23,17,0.56,0.41,0.74,0,0,0,1,3,0.0973,0.476,1,Defaulted
U04842,25,Bachelor's,Student,2769.0,1,A04842,0,rent,9,0.69,bachelor,1045.0,0.54,0.11,55,0.73,0.34,0.38,0,0,0,1,1,0.0401,0.291,1,Defaulted
U04843,20,Master's,Self-Employed,7994.0,3,A04843,18,rent,10,0.3,master,2646.0,0.48,0.15,150,0.82,0.25,0.33,0,0,0,2,0,0.1076,0.2305,0,Successful Borrower
U04844,24,Master's,Employed,8091.0,3,A04844,35,rent,19,0.5,master,3627.0,0.53,0.06,211,0.67,0.39,0.47,0,0,0,3,1,0.1498,0.3395,1,Defaulted
U04845,25,High School,Student,3307.0,3,A04845,0,rent,11,0.36,highschool,1385.0,0.64,0.08,0,0.86,0.19,0.25,0,0,0,1,1,0.0019,0.171,0,Successful Borrower
U04846,23,Bachelor's,Employed,11646.0,2,A04846,45,owner,4,0.48,bachelor,7169.0,0.64,0.14,76,0.71,0.4,0.42,0,0,0,2,0,0.0181,0.3275,0,Successful Borrower
U04847,20,High School,Employed,5671.0,3,A04847,6,owner,0,0.42,highschool,1648.0,0.62,0.02,193,0.89,0.25,0.19,0,0,0,3,1,0.1648,0.1515,0,Successful Borrower
U04848,21,Diploma,Unemployed,3374.0,2,A04848,6,none,2,0.41,cert,1733.0,0.67,0.18,33,0.66,0.4,0.46,0,0,0,2,0,0.0915,0.361,0,Successful Borrower
U04849,24,Diploma,Self-Employed,9574.0,3,A04849,49,rent,19,0.3,cert,4271.0,0.54,0.18,203,0.8,0.31,0.23,0,0,0,3,0,0.0,0.232,0,Successful Borrower
U04850,25,Bachelor's,Student,3979.0,2,A04850,6,rent,24,0.61,bachelor,1814.0,0.76,0.12,82,0.82,0.25,0.29,0,0,0,1,1,0.0912,0.216,0,Successful Borrower
U04851,26,High School,Unemployed,3284.0,3,A04851,2,rent,24,0.72,highschool,2088.0,0.69,0.23,79,0.56,0.56,0.63,0,0,0,0,2,0.1838,0.486,1,Defaulted
U04852,21,Master's,Employed,9673.0,2,A04852,14,rent,13,0.3,master,2512.0,0.45,0.04,251,0.88,0.2,0.31,0,0,0,2,1,0.1375,0.1755,1,Defaulted
U04853,21,Bachelor's,Student,3740.0,1,A04853,12,rent,18,0.74,bachelor,1157.0,0.56,0.06,97,0.84,0.28,0.25,0,0,0,1,1,0.014,0.1975,0,Successful Borrower
U04854,20,Master's,Employed,10077.0,1,A04854,44,rent,16,0.46,master,5838.0,0.54,0.18,139,0.58,0.41,0.67,0,0,0,2,1,0.0255,0.444,1,Defaulted
U04855,24,Bachelor's,Employed,9828.0,3,A04855,23,rent,6,0.89,bachelor,2497.0,0.5,0.1,249,0.8,0.35,0.27,0,0,0,3,1,0.1678,0.24,0,Successful Borrower
U04856,21,Master's,Employed,8686.0,2,A04856,51,rent,6,0.61,master,3693.0,0.75,0.09,202,0.72,0.43,0.45,0,0,0,3,2,0.0,0.3315,0,Successful Borrower
U04857,22,Bachelor's,Unemployed,2048.0,1,A04857,6,rent,18,0.5,bachelor,1695.0,0.67,0.26,30,0.56,0.55,0.66,0,0,0,1,3,0.0795,0.4955,0,Successful Borrower
U04858,21,Bachelor's,Student,4726.0,1,A04858,10,rent,8,0.55,bachelor,2125.0,0.7,0.13,84,0.78,0.22,0.31,0,0,0,2,0,0.1229,0.229,0,Successful Borrower
U04859,26,High School,Employed,9149.0,2,A04859,25,none,3,0.48,highschool,3552.0,0.48,0.08,154,0.86,0.18,0.29,0,0,0,3,0,0.0594,0.1785,0,Successful Borrower
U04860,24,Master's,Employed,6593.0,1,A04860,39,rent,16,0.45,master,3273.0,0.64,0.07,140,0.75,0.4,0.41,0,0,0,2,0,0.0367,0.3005,0,Successful Borrower
U04861,23,Master's,Employed,10954.0,2,A04861,8,rent,15,0.41,master,3311.0,0.47,0.14,278,0.78,0.29,0.4,0,0,0,3,0,0.0743,0.2705,1,Defaulted
U04862,23,Diploma,Employed,7657.0,1,A04862,43,owner,2,0.79,cert,3782.0,0.61,0.06,124,0.79,0.33,0.39,0,0,0,2,1,0.1039,0.2625,0,Successful Borrower
U04863,26,PhD,Student,3284.0,1,A04863,10,rent,20,0.6,phd,1161.0,0.56,0.03,0,0.9,0.24,0.15,0,0,0,1,0,0.026,0.137,0,Successful Borrower
U04864,20,Bachelor's,Student,2285.0,3,A04864,4,none,3,0.52,bachelor,1034.0,0.72,0.08,4,0.73,0.35,0.47,0,0,0,1,1,0.0523,0.3115,0,Successful Borrower
U04865,26,Bachelor's,Employed,5774.0,2,A04865,12,rent,20,0.75,bachelor,1934.0,0.49,0.06,210,0.9,0.27,0.27,0,0,0,3,0,0.0639,0.179,0,Successful Borrower
U04866,22,Master's,Employed,8512.0,3,A04866,52,none,1,0.51,master,2420.0,0.64,0.02,177,0.84,0.33,0.37,0,0,0,3,1,0.1239,0.234,1,Defaulted
U04867,21,Master's,Student,2476.0,3,A04867,8,rent,7,0.7,master,1109.0,0.66,0.03,41,0.91,0.28,0.26,0,0,0,2,1,0.1239,0.171,0,Successful Borrower
U04868,24,Diploma,Student,4136.0,1,A04868,8,owner,1,0.49,cert,1227.0,0.66,0.05,115,0.82,0.29,0.23,0,0,0,3,0,0.1691,0.2005,0,Successful Borrower
U04869,24,High School,Employed,9392.0,3,A04869,22,owner,3,0.63,highschool,4727.0,0.54,0.09,195,0.72,0.32,0.5,0,0,0,3,1,0.1344,0.3165,1,Defaulted
U04870,21,Bachelor's,Student,2969.0,3,A04870,8,rent,5,0.43,bachelor,1744.0,0.65,0.15,46,0.57,0.41,0.58,1,0,0,2,1,0.2069,0.4205,1,Defaulted
U04871,20,Bachelor's,Employed,6710.0,1,A04871,28,none,3,0.61,bachelor,2180.0,0.68,0.06,208,0.88,0.22,0.2,0,0,0,3,0,0.2026,0.156,0,Successful Borrower
U04872,21,Diploma,Employed,8475.0,2,A04872,35,rent,13,0.32,cert,2435.0,0.48,0.02,210,0.88,0.26,0.22,0,0,0,2,1,0.1878,0.165,0,Successful Borrower
U04873,20,Bachelor's,Employed,8471.0,3,A04873,32,rent,13,0.38,bachelor,5289.0,0.72,0.18,165,0.8,0.36,0.26,0,0,0,2,0,0.0,0.252,0,Successful Borrower
U04874,26,Bachelor's,Student,2515.0,3,A04874,12,none,4,0.3,bachelor,2132.0,0.78,0.19,53,0.72,0.38,0.44,0,0,0,2,0,0.103,0.3315,1,Defaulted
U04875,21,Bachelor's,Employed,5435.0,1,A04875,14,rent,19,0.55,bachelor,2566.0,0.61,0.07,121,0.87,0.22,0.26,0,0,1,1,0,0.0357,0.176,0,Successful Borrower
U04876,24,High School,Employed,9801.0,3,A04876,10,owner,3,0.7,highschool,4773.0,0.53,0.1,160,0.74,0.37,0.51,0,0,0,1,2,0.0,0.326,1,Defaulted
U04877,24,Diploma,Employed,7792.0,3,A04877,12,rent,15,0.72,cert,2628.0,0.66,0.06,208,0.82,0.28,0.31,0,0,0,3,0,0.0593,0.2195,0,Successful Borrower
U04878,24,High School,Employed,7680.0,3,A04878,25,rent,22,0.55,highschool,2731.0,0.65,0.08,111,0.87,0.19,0.28,0,0,0,2,1,0.09,0.175,0,Successful Borrower
U04879,26,Master's,Student,2258.0,1,A04879,0,none,2,0.52,master,1235.0,0.74,0.07,48,0.88,0.28,0.22,0,0,0,2,0,0.0,0.1775,0,Successful Borrower
U04880,25,Bachelor's,Self-Employed,4093.0,2,A04880,21,rent,20,0.71,bachelor,1062.0,0.77,0.09,97,1.0,0.07,0.02,0,0,0,3,0,0.0626,0.036,0,Successful Borrower
U04881,24,Bachelor's,Unemployed,2643.0,2,A04881,2,rent,13,0.47,bachelor,484.0,0.72,0.12,87,0.73,0.41,0.44,0,0,0,1,1,0.1059,0.325,0,Successful Borrower
U04882,26,High School,Employed,9262.0,3,A04882,36,owner,2,0.7,highschool,4699.0,0.72,0.09,142,0.68,0.31,0.55,0,0,0,3,1,0.1781,0.3405,1,Defaulted
U04883,24,Bachelor's,Employed,7436.0,3,A04883,13,rent,22,0.5,bachelor,2724.0,0.49,0.11,180,0.86,0.18,0.27,0,0,0,3,0,0.1986,0.178,0,Successful Borrower
U04884,20,Bachelor's,Employed,7089.0,2,A04884,43,rent,6,0.46,bachelor,4298.0,0.53,0.15,84,0.64,0.4,0.53,0,0,0,1,0,0.0401,0.381,1,Defaulted
U04885,20,Master's,Student,2795.0,2,A04885,3,rent,5,0.36,master,529.0,0.66,0.04,70,0.94,0.17,0.23,0,0,0,3,1,0.0,0.127,0,Successful Borrower
U04886,26,Bachelor's,Unemployed,2229.0,3,A04886,1,rent,18,0.42,bachelor,1250.0,0.62,0.14,100,0.7,0.42,0.49,0,0,0,2,1,0.0419,0.3535,0,Successful Borrower
U04887,23,Bachelor's,Student,4015.0,2,A04887,7,rent,9,0.5,bachelor,1278.0,0.62,0.1,7,0.84,0.28,0.31,0,0,0,1,1,0.0,0.2185,0,Successful Borrower
U04888,25,Bachelor's,Employed,9792.0,2,A04888,33,rent,16,0.53,bachelor,3175.0,0.48,0.07,223,0.84,0.31,0.25,0,0,0,3,0,0.0141,0.2065,0,Successful Borrower
U04889,24,Diploma,Self-Employed,10231.0,3,A04889,46,none,3,0.3,cert,2672.0,0.62,0.09,249,0.83,0.18,0.17,0,0,0,2,0,0.1036,0.1605,0,Successful Borrower
U04890,25,Bachelor's,Student,3219.0,2,A04890,3,rent,6,0.47,bachelor,947.0,0.72,0.04,96,0.84,0.31,0.22,0,0,0,3,2,0.0728,0.1945,0,Successful Borrower
U04891,25,Master's,Self-Employed,7014.0,3,A04891,6,rent,11,0.55,master,3292.0,0.65,0.18,84,0.71,0.33,0.4,0,0,0,2,1,0.0769,0.311,1,Defaulted
U04892,20,High School,Student,4599.0,2,A04892,11,rent,9,0.57,highschool,2640.0,0.68,0.17,9,0.63,0.4,0.55,0,0,0,2,1,0.0,0.3925,0,Successful Borrower
U04893,24,High School,Student,3249.0,2,A04893,0,none,0,0.42,highschool,1372.0,0.56,0.07,55,0.7,0.38,0.34,0,1,0,2,0,0.153,0.2955,0,Successful Borrower
U04894,24,Bachelor's,Student,4850.0,2,A04894,5,rent,17,0.47,bachelor,2961.0,0.62,0.16,95,0.66,0.39,0.54,0,0,0,3,0,0.2179,0.3755,1,Defaulted
U04895,24,Master's,Self-Employed,11455.0,1,A04895,40,rent,9,0.74,master,5243.0,0.63,0.26,144,0.61,0.44,0.51,0,0,0,3,1,0.0336,0.413,1,Defaulted
U04896,22,Master's,Employed,10140.0,1,A04896,41,rent,7,0.42,master,3695.0,0.57,0.02,229,0.99,0.17,0.17,0,0,0,3,0,0.0924,0.0915,0,Successful Borrower
U04897,25,Diploma,Employed,10228.0,2,A04897,8,none,0,0.56,cert,2450.0,0.45,0.09,202,0.88,0.3,0.28,0,0,0,3,0,0.0,0.2005,0,Successful Borrower
U04898,22,Bachelor's,Self-Employed,6001.0,2,A04898,32,rent,19,0.35,bachelor,2675.0,0.65,0.14,119,0.8,0.26,0.45,0,0,0,3,2,0.0146,0.2685,0,Successful Borrower
U04899,23,High School,Student,5110.0,3,A04899,0,rent,22,0.53,highschool,2069.0,0.56,0.02,128,0.87,0.17,0.33,0,0,0,2,0,0.1042,0.1735,0,Successful Borrower
U04900,23,Bachelor's,Self-Employed,7928.0,1,A04900,20,rent,21,0.3,bachelor,1927.0,0.54,0.15,208,0.86,0.27,0.35,0,0,0,3,1,0.1,0.2265,0,Successful Borrower
U04901,25,Bachelor's,Student,4286.0,3,A04901,1,none,4,0.62,bachelor,717.0,0.68,0.08,182,0.86,0.25,0.3,0,0,0,3,0,0.0,0.1985,0,Successful Borrower
U04902,26,Master's,Employed,8787.0,3,A04902,32,none,3,0.57,master,2677.0,0.42,0.05,190,0.81,0.31,0.55,0,0,0,3,1,0.1122,0.289,0,Successful Borrower
U04903,24,Bachelor's,Student,3252.0,3,A04903,10,none,0,0.35,bachelor,1083.0,0.55,0.02,70,0.94,0.19,0.13,0,0,0,1,1,0.0006,0.104,1,Defaulted
U04904,26,Bachelor's,Employed,8868.0,3,A04904,19,none,2,0.54,bachelor,3580.0,0.5,0.05,217,0.87,0.21,0.35,0,0,0,3,0,0.0947,0.193,0,Successful Borrower
U04905,25,Bachelor's,Employed,9275.0,2,A04905,18,owner,2,0.33,bachelor,3858.0,0.6,0.11,187,0.73,0.37,0.55,0,0,0,3,2,0.1025,0.341,1,Defaulted
U04906,26,High School,Student,4347.0,3,A04906,2,none,4,0.63,highschool,2203.0,0.49,0.06,40,0.8,0.32,0.37,0,0,0,2,0,0.0128,0.2515,0,Successful Borrower
U04907,23,Diploma,Student,2329.0,1,A04907,4,rent,8,0.44,cert,1115.0,0.74,0.18,28,0.56,0.49,0.78,0,0,0,3,1,0.0,0.4985,1,Defaulted
U04908,23,Master's,Student,5039.0,2,A04908,12,none,0,0.62,master,1413.0,0.64,0.09,102,0.92,0.05,0.31,0,0,0,2,0,0.0841,0.1315,0,Successful Borrower
U04909,25,Bachelor's,Student,3965.0,2,A04909,9,owner,1,0.68,bachelor,1479.0,0.61,0.09,161,0.8,0.28,0.29,0,0,0,3,0,0.0,0.226,0,Successful Borrower
U04910,21,Master's,Self-Employed,8321.0,2,A04910,51,owner,0,0.73,master,4225.0,0.52,0.09,128,0.82,0.22,0.29,0,0,0,2,0,0.0913,0.204,0,Successful Borrower
U04911,22,Bachelor's,Employed,9349.0,1,A04911,29,rent,10,0.41,bachelor,2174.0,0.57,0.02,275,0.89,0.25,0.31,0,0,0,3,1,0.1737,0.1815,0,Successful Borrower
U04912,24,Bachelor's,Employed,8794.0,2,A04912,46,rent,16,0.6,bachelor,4544.0,0.79,0.13,198,0.76,0.29,0.44,0,0,0,2,0,0.0,0.286,1,Defaulted
U04913,20,Bachelor's,Employed,9838.0,2,A04913,50,none,1,0.46,bachelor,4736.0,0.48,0.09,259,0.71,0.42,0.49,0,0,0,3,1,0.1177,0.3425,0,Successful Borrower
U04914,22,High School,Employed,5530.0,3,A04914,21,owner,4,0.46,highschool,3657.0,0.73,0.14,95,0.75,0.29,0.37,0,0,0,3,1,0.1832,0.2735,1,Defaulted
U04915,25,High School,Self-Employed,9078.0,2,A04915,10,rent,12,0.52,highschool,4248.0,0.6,0.15,121,0.72,0.28,0.38,0,0,0,1,0,0.005,0.2855,1,Defaulted
U04916,21,Diploma,Self-Employed,9194.0,2,A04916,50,rent,5,0.34,cert,2265.0,0.54,0.1,186,0.87,0.19,0.18,0,0,0,3,0,0.1642,0.153,0,Successful Borrower
U04917,23,High School,Self-Employed,9252.0,2,A04917,5,rent,7,0.43,highschool,4628.0,0.52,0.19,116,0.67,0.27,0.41,0,0,0,2,0,0.0,0.314,0,Successful Borrower
U04918,24,Bachelor's,Student,3620.0,2,A04918,7,rent,23,0.49,bachelor,1846.0,0.59,0.07,108,0.88,0.25,0.3,0,0,0,3,0,0.1006,0.19,1,Defaulted
U04919,24,Master's,Self-Employed,7198.0,1,A04919,16,owner,3,0.67,master,4318.0,0.57,0.2,107,0.69,0.31,0.44,0,0,0,3,2,0.1701,0.326,1,Defaulted
U04920,23,High School,Employed,8465.0,1,A04920,27,rent,6,0.56,highschool,3557.0,0.53,0.05,258,0.88,0.25,0.25,0,0,0,2,0,0.0406,0.1745,0,Successful Borrower
U04921,22,Bachelor's,Student,3972.0,2,A04921,11,rent,11,0.3,bachelor,1507.0,0.79,0.07,132,0.92,0.23,0.27,0,0,0,3,1,0.1738,0.1635,0,Successful Borrower
U04922,26,Bachelor's,Employed,8699.0,3,A04922,15,rent,15,0.44,bachelor,5051.0,0.58,0.14,119,0.68,0.3,0.53,0,0,0,2,1,0.0634,0.3405,1,Defaulted
U04923,24,Bachelor's,Employed,7169.0,3,A04923,20,rent,23,0.65,bachelor,2654.0,0.56,0.13,138,0.79,0.32,0.5,0,0,0,2,0,0.0,0.298,0,Successful Borrower
U04924,22,Master's,Employed,8164.0,2,A04924,29,rent,11,0.57,master,3427.0,0.66,0.11,179,0.76,0.3,0.38,0,0,0,3,1,0.0712,0.2705,1,Defaulted
U04925,22,Master's,Self-Employed,7190.0,2,A04925,35,rent,24,0.3,master,2291.0,0.41,0.18,169,0.77,0.29,0.39,0,0,0,1,1,0.2165,0.2775,0,Successful Borrower
U04926,21,High School,Unemployed,2413.0,1,A04926,2,rent,17,0.7,highschool,1391.0,0.55,0.16,71,0.58,0.51,0.64,0,0,0,0,3,0.2665,0.4585,1,Defaulted
U04927,21,Bachelor's,Student,2907.0,2,A04927,9,none,4,0.51,bachelor,1090.0,0.61,0.05,63,0.86,0.24,0.3,0,0,0,3,0,0.2971,0.1915,0,Successful Borrower
U04928,22,High School,Employed,8242.0,2,A04928,38,rent,8,0.49,highschool,3424.0,0.47,0.1,202,0.75,0.3,0.35,0,0,0,3,0,0.1119,0.265,1,Defaulted
U04929,22,Bachelor's,Student,3667.0,2,A04929,6,rent,6,0.56,bachelor,2578.0,0.78,0.16,54,0.74,0.31,0.5,0,0,0,2,0,0.0,0.3175,1,Defaulted
U04930,25,Bachelor's,Employed,7385.0,2,A04930,59,owner,2,0.3,bachelor,3624.0,0.52,0.08,178,0.79,0.28,0.46,0,0,0,2,1,0.0112,0.2705,1,Defaulted
U04931,25,Bachelor's,Employed,8998.0,2,A04931,17,rent,16,0.6,bachelor,3158.0,0.54,0.06,217,0.91,0.22,0.21,0,0,1,2,1,0.0,0.148,0,Successful Borrower
U04932,22,Bachelor's,Employed,7591.0,3,A04932,46,rent,6,0.39,bachelor,2654.0,0.69,0.08,181,0.86,0.25,0.34,0,0,0,3,0,0.0,0.2085,0,Successful Borrower
U04933,22,Bachelor's,Student,4477.0,2,A04933,7,rent,11,0.3,bachelor,1812.0,0.47,0.08,96,0.75,0.23,0.38,0,0,0,3,1,0.024,0.252,0,Successful Borrower
U04934,24,Bachelor's,Self-Employed,10903.0,3,A04934,36,owner,2,0.41,bachelor,3968.0,0.51,0.15,270,0.83,0.26,0.29,0,0,0,3,1,0.0635,0.2195,0,Successful Borrower
U04935,25,High School,Self-Employed,7804.0,1,A04935,42,owner,4,0.58,highschool,4361.0,0.53,0.23,92,0.58,0.56,0.6,0,0,0,3,3,0.1238,0.4715,1,Defaulted
U04936,26,Diploma,Student,3996.0,3,A04936,10,rent,24,0.6,cert,1523.0,0.77,0.09,85,0.78,0.33,0.3,0,0,0,1,0,0.1222,0.248,0,Successful Borrower
U04937,20,Bachelor's,Self-Employed,8389.0,1,A04937,38,rent,6,0.51,bachelor,4529.0,0.68,0.22,139,0.58,0.41,0.74,0,0,0,1,1,0.0,0.4675,1,Defaulted
U04938,23,Bachelor's,Student,4602.0,2,A04938,8,rent,21,0.57,bachelor,2013.0,0.53,0.09,79,0.72,0.35,0.51,0,0,0,0,0,0.1063,0.3265,1,Defaulted
U04939,22,Master's,Unemployed,1819.0,3,A04939,0,rent,13,0.5,master,1141.0,0.73,0.25,62,0.57,0.56,0.64,0,0,0,1,2,0.0,0.488,1,Defaulted
U04940,21,Bachelor's,Self-Employed,9480.0,1,A04940,24,owner,0,0.7,bachelor,2491.0,0.57,0.15,224,0.76,0.28,0.48,0,0,0,2,1,0.0537,0.2965,1,Defaulted
U04941,26,Master's,Student,4700.0,2,A04941,9,none,2,0.42,master,1553.0,0.48,0.06,52,0.77,0.36,0.43,0,0,0,3,0,0.1938,0.287,1,Defaulted
U04942,25,Bachelor's,Employed,7826.0,3,A04942,6,rent,4,0.37,bachelor,4199.0,0.52,0.03,129,0.91,0.11,0.2,0,0,0,3,0,0.0577,0.1135,0,Successful Borrower
U04943,25,Bachelor's,Employed,7755.0,2,A04943,29,rent,21,0.49,bachelor,3068.0,0.64,0.14,141,0.69,0.4,0.41,0,0,0,1,0,0.0177,0.332,0,Successful Borrower
U04944,21,Bachelor's,Employed,9612.0,3,A04944,27,rent,7,0.47,bachelor,5176.0,0.41,0.09,155,0.78,0.35,0.43,0,0,0,1,1,0.1636,0.2855,0,Successful Borrower
U04945,26,High School,Employed,7223.0,3,A04945,38,rent,5,0.3,highschool,4096.0,0.4,0.11,103,0.64,0.48,0.56,0,0,0,2,0,0.1719,0.4025,1,Defaulted
U04946,22,Bachelor's,Self-Employed,8459.0,3,A04946,24,owner,0,0.52,bachelor,3866.0,0.62,0.13,185,0.66,0.26,0.46,0,0,0,2,2,0.0707,0.3185,0,Successful Borrower
U04947,24,Bachelor's,Student,4732.0,1,A04947,9,rent,14,0.61,bachelor,2498.0,0.56,0.13,80,0.6,0.38,0.55,0,0,0,1,0,0.138,0.392,1,Defaulted
U04948,25,Bachelor's,Student,3807.0,2,A04948,6,owner,3,0.4,bachelor,872.0,0.53,0.08,128,0.8,0.27,0.33,0,0,0,3,1,0.164,0.232,0,Successful Borrower
U04949,21,Bachelor's,Student,3389.0,3,A04949,7,rent,17,0.51,bachelor,1712.0,0.63,0.12,37,0.75,0.38,0.39,0,0,0,2,1,0.1777,0.298,0,Successful Borrower
U04950,20,Diploma,Employed,5166.0,2,A04950,6,rent,13,0.42,cert,2238.0,0.79,0.05,113,0.77,0.44,0.41,0,0,0,2,1,0.1018,0.3005,1,Defaulted
U04951,26,Bachelor's,Unemployed,3038.0,2,A04951,4,rent,8,0.44,bachelor,1886.0,0.67,0.16,61,0.77,0.34,0.38,0,0,0,1,1,0.0641,0.2845,0,Successful Borrower
U04952,24,Master's,Unemployed,3144.0,1,A04952,6,rent,17,0.64,master,1295.0,0.77,0.23,76,0.61,0.47,0.45,0,0,0,3,1,0.0699,0.401,0,Successful Borrower
U04953,26,Master's,Self-Employed,9140.0,1,A04953,60,owner,1,0.43,master,3380.0,0.49,0.14,236,0.85,0.23,0.35,0,0,0,3,0,0.0,0.2185,0,Successful Borrower
U04954,25,Diploma,Employed,8540.0,3,A04954,54,owner,4,0.34,cert,2985.0,0.71,0.05,206,0.84,0.24,0.19,0,0,0,3,0,0.0725,0.171,0,Successful Borrower
U04955,24,Bachelor's,Employed,9188.0,2,A04955,50,owner,2,0.58,bachelor,3967.0,0.62,0.11,237,0.72,0.37,0.54,0,0,0,2,2,0.0179,0.342,1,Defaulted
U04956,20,Bachelor's,Self-Employed,5102.0,1,A04956,9,none,3,0.48,bachelor,2325.0,0.52,0.11,108,0.94,0.1,0.2,0,0,0,3,1,0.0066,0.1125,0,Successful Borrower
U04957,20,High School,Employed,7764.0,1,A04957,14,rent,7,0.48,highschool,1348.0,0.59,0.09,277,0.86,0.23,0.36,0,0,0,1,0,0.0608,0.21,0,Successful Borrower
U04958,23,Bachelor's,Self-Employed,9139.0,3,A04958,52,owner,1,0.36,bachelor,4558.0,0.58,0.17,178,0.68,0.26,0.43,0,0,0,2,0,0.2259,0.31,0,Successful Borrower
U04959,22,Diploma,Student,4539.0,2,A04959,10,rent,13,0.32,cert,1847.0,0.54,0.09,97,0.78,0.34,0.39,0,0,0,3,1,0.1139,0.273,1,Defaulted
U04960,21,Diploma,Unemployed,3267.0,2,A04960,4,rent,24,0.48,cert,1844.0,0.61,0.2,83,0.72,0.37,0.53,0,0,0,3,1,0.0,0.353,0,Successful Borrower
U04961,23,Diploma,Self-Employed,10407.0,2,A04961,34,rent,9,0.44,cert,2947.0,0.46,0.17,188,0.8,0.29,0.33,0,0,0,3,1,0.0712,0.2505,0,Successful Borrower
U04962,23,Bachelor's,Student,4037.0,2,A04962,2,rent,19,0.7,bachelor,3346.0,0.69,0.12,30,0.7,0.44,0.41,0,0,0,2,0,0.1741,0.3355,1,Defaulted
U04963,25,High School,Employed,5548.0,3,A04963,36,none,1,0.43,highschool,3292.0,0.6,0.13,100,0.76,0.3,0.41,0,0,0,3,1,0.1734,0.281,0,Successful Borrower
U04964,26,Bachelor's,Student,4068.0,3,A04964,8,rent,4,0.41,bachelor,1130.0,0.54,0.02,125,0.89,0.19,0.2,0,0,0,3,1,0.1762,0.139,0,Successful Borrower
U04965,20,Bachelor's,Employed,6828.0,1,A04965,40,rent,18,0.62,bachelor,5219.0,0.77,0.23,35,0.56,0.45,0.53,0,0,1,2,2,0.1553,0.4335,1,Defaulted
U04966,25,Bachelor's,Self-Employed,10160.0,2,A04966,24,rent,23,0.43,bachelor,1418.0,0.57,0.13,265,0.94,0.17,0.15,0,0,0,3,0,0.2045,0.1205,0,Successful Borrower
U04967,25,Bachelor's,Employed,7921.0,1,A04967,40,rent,8,0.45,bachelor,3039.0,0.47,0.08,190,0.88,0.24,0.25,0,0,0,3,0,0.0986,0.1765,0,Successful Borrower
U04968,23,Master's,Employed,9128.0,2,A04968,56,rent,10,0.57,master,3856.0,0.65,0.09,182,0.69,0.36,0.53,0,0,0,2,1,0.1151,0.3445,0,Successful Borrower
U04969,25,Bachelor's,Employed,8515.0,2,A04969,7,rent,8,0.72,bachelor,4666.0,0.57,0.18,135,0.61,0.39,0.54,0,0,1,2,0,0.1498,0.396,0,Successful Borrower
U04970,23,Master's,Student,2894.0,2,A04970,11,none,1,0.6,master,1827.0,0.67,0.11,61,0.74,0.44,0.48,0,0,0,1,0,0.0922,0.3375,1,Defaulted
U04971,24,High School,Employed,9591.0,3,A04971,56,owner,1,0.68,highschool,2842.0,0.72,0.13,270,0.84,0.29,0.35,0,0,0,2,1,0.0575,0.2355,0,Successful Borrower
U04972,26,Master's,Self-Employed,7486.0,2,A04972,48,none,1,0.51,master,2761.0,0.5,0.17,174,0.76,0.3,0.37,0,0,0,3,0,0.1043,0.277,1,Defaulted
U04973,22,Master's,Unemployed,2582.0,1,A04973,2,rent,23,0.59,master,1794.0,0.76,0.25,45,0.58,0.49,0.63,0,0,0,0,2,0.0,0.4645,1,Defaulted
U04974,25,Bachelor's,Employed,6151.0,1,A04974,7,rent,8,0.64,bachelor,2254.0,0.46,0.04,150,0.85,0.24,0.33,0,0,1,3,0,0.1888,0.201,1,Defaulted
U04975,21,Bachelor's,Student,2623.0,3,A04975,5,rent,8,0.61,bachelor,1297.0,0.65,0.06,94,0.94,0.23,0.13,0,1,0,3,1,0.1901,0.12,0,Successful Borrower
U04976,20,Master's,Employed,8718.0,3,A04976,30,owner,1,0.66,master,3627.0,0.57,0.05,276,0.95,0.18,0.21,0,0,0,3,0,0.108,0.1225,0,Successful Borrower
U04977,25,Bachelor's,Student,3613.0,2,A04977,1,rent,19,0.59,bachelor,1217.0,0.64,0.05,93,0.88,0.22,0.24,0,0,0,3,1,0.1141,0.1645,0,Successful Borrower
U04978,22,Master's,Student,3959.0,1,A04978,5,owner,3,0.7,master,2000.0,0.69,0.09,77,0.62,0.39,0.58,0,0,0,1,1,0.0,0.389,1,Defaulted
U04979,26,Bachelor's,Student,3157.0,2,A04979,5,rent,9,0.43,bachelor,1736.0,0.58,0.13,49,0.76,0.34,0.39,0,0,0,2,2,0.0097,0.286,0,Successful Borrower
U04980,20,Bachelor's,Self-Employed,8267.0,1,A04980,25,none,2,0.44,bachelor,2701.0,0.69,0.15,182,0.79,0.26,0.28,0,0,0,1,1,0.0437,0.231,0,Successful Borrower
U04981,22,Master's,Self-Employed,6909.0,2,A04981,32,none,0,0.45,master,2265.0,0.62,0.13,171,0.72,0.31,0.52,0,0,0,3,0,0.1974,0.325,1,Defaulted
U04982,23,Diploma,Unemployed,1951.0,1,A04982,3,owner,4,0.3,cert,1005.0,0.56,0.16,8,0.68,0.45,0.6,0,0,0,1,1,0.0508,0.3985,1,Defaulted
U04983,21,Master's,Student,4100.0,2,A04983,1,rent,20,0.38,master,2102.0,0.63,0.03,66,0.96,0.2,0.27,0,0,0,2,0,0.0633,0.136,0,Successful Borrower
U04984,25,Diploma,Self-Employed,9449.0,1,A04984,30,owner,2,0.62,cert,1776.0,0.34,0.16,283,0.86,0.12,0.2,0,0,0,3,1,0.0759,0.153,0,Successful Borrower
U04985,20,Bachelor's,Self-Employed,12730.0,2,A04985,57,owner,0,0.44,bachelor,4014.0,0.49,0.13,209,0.82,0.26,0.2,0,0,0,2,1,0.0754,0.1975,0,Successful Borrower
U04986,21,Bachelor's,Employed,6285.0,3,A04986,14,rent,20,0.4,bachelor,1690.0,0.78,0.05,159,0.83,0.2,0.4,0,0,0,3,0,0.1773,0.217,0,Successful Borrower
U04987,21,Diploma,Student,5003.0,1,A04987,9,none,4,0.73,cert,3692.0,0.58,0.24,11,0.56,0.48,0.61,0,0,0,3,2,0.0647,0.4625,1,Defaulted
U04988,20,High School,Unemployed,1205.0,2,A04988,6,rent,8,0.6,highschool,731.0,0.72,0.2,133,0.61,0.51,0.55,0,0,0,3,2,0.058,0.4315,1,Defaulted
U04989,20,Diploma,Employed,8089.0,3,A04989,45,rent,17,0.5,cert,2158.0,0.71,0.09,229,0.81,0.28,0.28,0,0,0,3,0,0.1353,0.22,0,Successful Borrower
U04990,20,Diploma,Self-Employed,9016.0,2,A04990,28,rent,11,0.52,cert,4261.0,0.65,0.24,127,0.61,0.47,0.63,0,0,0,3,2,0.123,0.4475,1,Defaulted
U04991,25,PhD,Employed,8545.0,3,A04991,44,none,1,0.45,phd,2557.0,0.53,0.09,300,0.8,0.31,0.34,0,0,0,2,0,0.0,0.246,0,Successful Borrower
U04992,24,Bachelor's,Employed,7406.0,2,A04992,22,owner,1,0.76,bachelor,3475.0,0.59,0.06,127,0.96,0.21,0.23,0,0,0,3,2,0.0567,0.133,0,Successful Borrower
U04993,26,High School,Employed,9986.0,2,A04993,51,owner,0,0.63,highschool,5682.0,0.61,0.1,138,0.68,0.34,0.51,0,0,0,3,1,0.1088,0.3395,0,Successful Borrower
U04994,23,Master's,Employed,9399.0,3,A04994,25,none,0,0.56,master,4313.0,0.64,0.11,205,0.84,0.3,0.29,0,0,0,2,1,0.1082,0.22,1,Defaulted
U04995,21,Bachelor's,Employed,7295.0,3,A04995,17,rent,8,0.51,bachelor,3245.0,0.62,0.07,203,0.87,0.21,0.27,0,0,0,2,0,0.0687,0.176,0,Successful Borrower
U04996,23,High School,Self-Employed,6466.0,1,A04996,16,rent,9,0.48,highschool,2873.0,0.48,0.15,179,0.76,0.29,0.4,0,0,0,2,0,0.1071,0.279,0,Successful Borrower
U04997,26,Diploma,Self-Employed,7351.0,1,A04997,10,none,3,0.48,cert,3223.0,0.49,0.2,111,0.63,0.37,0.56,0,0,0,3,1,0.1666,0.392,1,Defaulted
U04998,24,Bachelor's,Self-Employed,10360.0,3,A04998,44,owner,0,0.44,bachelor,1334.0,0.64,0.18,293,0.76,0.37,0.33,0,0,0,3,1,0.1168,0.286,0,Successful Borrower
U04999,24,Master's,Self-Employed,9367.0,3,A04999,30,none,4,0.3,master,2698.0,0.51,0.12,214,0.91,0.24,0.15,0,0,0,3,1,0.0432,0.147,0,Successful Borrower
U05000,22,High School,Employed,10735.0,1,A05000,57,none,1,0.65,highschool,3186.0,0.73,0.03,284,0.96,0.2,0.21,0,1,0,3,1,0.1163,0.121,0,Successful Borrower
U05001,23,Diploma,Unemployed,1643.0,3,A05001,5,none,0,0.48,cert,638.0,0.65,0.16,5,0.56,0.62,0.57,0,0,0,1,1,0.0824,0.4755,1,Defaulted
U05002,22,High School,Unemployed,3164.0,2,A05002,4,rent,8,0.31,highschool,894.0,0.69,0.12,79,0.82,0.27,0.24,0,0,0,1,0,0.0,0.2085,0,Successful Borrower
U05003,24,Bachelor's,Unemployed,2039.0,2,A05003,3,rent,11,0.4,bachelor,700.0,0.68,0.09,32,0.82,0.29,0.16,0,0,0,0,0,0.1455,0.189,0,Successful Borrower
U05004,20,High School,Unemployed,4177.0,3,A05004,3,rent,14,0.45,highschool,1259.0,0.65,0.15,93,0.78,0.24,0.4,0,0,0,3,0,0.0,0.2595,0,Successful Borrower
U05005,25,Master's,Student,5592.0,1,A05005,6,rent,14,0.6,master,1591.0,0.65,0.03,106,0.92,0.13,0.2,0,0,0,3,1,0.184,0.115,0,Successful Borrower
U05006,21,High School,Employed,8370.0,1,A05006,45,owner,3,0.62,highschool,5103.0,0.54,0.1,181,0.82,0.36,0.39,0,0,0,3,0,0.0969,0.2655,0,Successful Borrower
U05007,23,Bachelor's,Employed,9725.0,2,A05007,18,rent,13,0.61,bachelor,3246.0,0.57,0.11,182,0.84,0.3,0.41,0,0,0,2,1,0.1216,0.25,0,Successful Borrower
U05008,23,Bachelor's,Student,1797.0,3,A05008,1,rent,4,0.36,bachelor,1167.0,0.61,0.2,46,0.73,0.38,0.43,0,0,0,2,0,0.0,0.327,1,Defaulted
U05009,22,Diploma,Employed,10375.0,1,A05009,50,rent,13,0.69,cert,3144.0,0.59,0.04,243,0.8,0.27,0.31,0,0,0,2,0,0.0,0.221,0,Successful Borrower
U05010,21,Diploma,Self-Employed,6228.0,3,A05010,40,owner,1,0.31,cert,2009.0,0.69,0.12,105,0.81,0.25,0.34,0,0,0,1,0,0.2135,0.232,0,Successful Borrower
U05011,21,Bachelor's,Student,4087.0,2,A05011,9,rent,11,0.3,bachelor,2260.0,0.62,0.08,62,0.78,0.22,0.27,0,0,0,2,0,0.1297,0.2115,0,Successful Borrower
U05012,24,Bachelor's,Self-Employed,9108.0,2,A05012,34,owner,3,0.38,bachelor,4154.0,0.42,0.18,206,0.69,0.26,0.44,0,0,0,3,1,0.0,0.3105,0,Successful Borrower
U05013,20,Bachelor's,Employed,7495.0,2,A05013,11,rent,9,0.44,bachelor,3517.0,0.65,0.05,200,0.79,0.27,0.44,0,0,0,2,1,0.0315,0.2585,0,Successful Borrower
U05014,20,Diploma,Employed,4904.0,2,A05014,17,rent,18,0.62,cert,2100.0,0.51,0.09,105,0.93,0.15,0.15,0,0,0,2,0,0.2352,0.113,0,Successful Borrower
U05015,21,High School,Employed,8432.0,3,A05015,17,rent,19,0.59,highschool,3234.0,0.55,0.07,186,0.82,0.35,0.35,0,0,0,3,2,0.0937,0.2485,1,Defaulted
U05016,21,Diploma,Employed,7610.0,3,A05016,54,rent,14,0.65,cert,3120.0,0.64,0.1,236,0.78,0.3,0.37,0,0,0,3,1,0.0935,0.2595,0,Successful Borrower
U05017,24,Bachelor's,Self-Employed,6332.0,1,A05017,29,owner,0,0.41,bachelor,2454.0,0.63,0.15,150,0.88,0.23,0.18,0,0,0,3,0,0.0,0.167,0,Successful Borrower
U05018,22,Bachelor's,Employed,10421.0,3,A05018,49,rent,21,0.54,bachelor,4907.0,0.35,0.12,206,0.74,0.41,0.53,0,0,0,3,0,0.1293,0.344,1,Defaulted
U05019,23,High School,Employed,6707.0,2,A05019,27,rent,18,0.3,highschool,1872.0,0.63,0.06,206,0.87,0.22,0.31,0,0,0,3,0,0.0666,0.187,0,Successful Borrower
U05020,21,Diploma,Student,3827.0,2,A05020,6,rent,5,0.62,cert,1599.0,0.73,0.05,102,0.9,0.27,0.14,0,0,0,3,1,0.1078,0.145,0,Successful Borrower
U05021,25,Bachelor's,Self-Employed,7698.0,2,A05021,22,rent,6,0.47,bachelor,3889.0,0.59,0.2,108,0.61,0.36,0.41,0,0,0,3,2,0.0657,0.359,1,Defaulted
U05022,21,Bachelor's,Employed,9859.0,2,A05022,9,owner,0,0.56,bachelor,4269.0,0.59,0.17,189,0.64,0.38,0.58,0,0,0,2,1,0.0,0.3915,1,Defaulted
U05023,22,Diploma,Student,2330.0,1,A05023,7,none,4,0.57,cert,2416.0,0.73,0.19,21,0.62,0.47,0.52,0,0,0,2,0,0.1164,0.409,1,Defaulted
U05024,25,High School,Student,5438.0,3,A05024,12,none,2,0.73,highschool,2916.0,0.71,0.11,36,0.77,0.36,0.43,0,0,0,1,1,0.1439,0.2945,0,Successful Borrower
U05025,24,Bachelor's,Self-Employed,8101.0,2,A05025,47,owner,1,0.33,bachelor,2892.0,0.49,0.22,201,0.68,0.32,0.36,0,0,0,2,2,0.1232,0.315,0,Successful Borrower
U05026,26,Bachelor's,Employed,8477.0,1,A05026,7,rent,17,0.61,bachelor,3649.0,0.6,0.11,206,0.85,0.22,0.34,0,0,0,3,0,0.0,0.209,0,Successful Borrower
U05027,20,Bachelor's,Employed,8382.0,3,A05027,27,rent,4,0.3,bachelor,3330.0,0.47,0.07,203,0.85,0.25,0.25,0,0,0,3,0,0.2269,0.188,0,Successful Borrower
U05028,23,High School,Unemployed,4272.0,3,A05028,1,rent,10,0.3,highschool,1059.0,0.43,0.15,129,0.84,0.23,0.14,0,0,0,2,1,0.0538,0.171,0,Successful Borrower
U05029,20,Master's,Student,3012.0,2,A05029,11,none,0,0.69,master,924.0,0.58,0.05,130,0.85,0.27,0.14,0,0,0,2,1,0.1454,0.1625,0,Successful Borrower
U05030,24,Bachelor's,Employed,8454.0,1,A05030,29,rent,16,0.78,bachelor,4191.0,0.64,0.1,125,0.69,0.34,0.52,0,0,0,3,0,0.0344,0.3385,0,Successful Borrower
U05031,24,High School,Employed,7709.0,3,A05031,38,rent,22,0.52,highschool,903.0,0.54,0.03,174,0.96,0.22,0.14,0,0,0,3,1,0.0704,0.1085,0,Successful Borrower
U05032,25,Master's,Self-Employed,4403.0,2,A05032,12,rent,18,0.38,master,1415.0,0.59,0.16,105,0.83,0.27,0.25,0,0,0,2,0,0.0581,0.2135,0,Successful Borrower
U05033,24,High School,Student,3973.0,2,A05033,10,owner,0,0.72,highschool,2360.0,0.69,0.16,96,0.64,0.48,0.56,0,0,0,2,1,0.0957,0.41,1,Defaulted
U05034,20,Diploma,Self-Employed,7985.0,1,A05034,22,rent,19,0.56,cert,2796.0,0.57,0.12,139,0.75,0.29,0.39,0,0,0,3,0,0.1293,0.2755,0,Successful Borrower
U05035,20,Diploma,Self-Employed,8657.0,3,A05035,31,rent,18,0.67,cert,2776.0,0.46,0.16,217,0.86,0.21,0.23,0,0,0,3,1,0.0787,0.183,0,Successful Borrower
U05036,26,Master's,Student,4436.0,3,A05036,7,rent,9,0.3,master,2084.0,0.8,0.02,113,0.9,0.22,0.22,0,0,0,3,1,0.0611,0.148,0,Successful Borrower
U05037,23,Bachelor's,Employed,8482.0,2,A05037,59,none,2,0.36,bachelor,4530.0,0.47,0.06,128,1.0,0.12,0.05,0,0,0,3,0,0.2033,0.0515,0,Successful Borrower
U05038,21,Bachelor's,Employed,8677.0,2,A05038,49,rent,7,0.41,bachelor,2896.0,0.56,0.08,182,0.88,0.2,0.31,0,0,0,3,0,0.2144,0.1815,0,Successful Borrower
U05039,23,Diploma,Employed,7628.0,2,A05039,43,rent,4,0.3,cert,4003.0,0.52,0.1,140,0.69,0.34,0.45,0,0,0,2,0,0.0753,0.321,1,Defaulted
U05040,26,PhD,Employed,9961.0,2,A05040,31,rent,19,0.83,phd,3527.0,0.5,0.07,187,0.94,0.15,0.36,0,0,0,3,0,0.0987,0.159,0,Successful Borrower
U05041,20,Bachelor's,Self-Employed,7059.0,3,A05041,31,owner,1,0.58,bachelor,2845.0,0.56,0.19,213,0.66,0.36,0.43,0,0,0,1,0,0.0,0.345,1,Defaulted
U05042,24,Bachelor's,Employed,8164.0,1,A05042,11,rent,21,0.33,bachelor,3482.0,0.65,0.1,186,0.75,0.38,0.41,0,0,0,2,0,0.0,0.3,1,Defaulted
U05043,23,Master's,Student,3690.0,2,A05043,0,rent,6,0.3,master,1652.0,0.52,0.08,71,0.86,0.23,0.34,0,0,0,2,0,0.1285,0.2035,0,Successful Borrower
U05044,26,Bachelor's,Self-Employed,7925.0,1,A05044,31,owner,1,0.48,bachelor,3708.0,0.57,0.15,130,0.85,0.18,0.19,0,0,0,2,1,0.0,0.1675,0,Successful Borrower
U05045,26,Bachelor's,Employed,9412.0,2,A05045,23,owner,1,0.59,bachelor,4572.0,0.57,0.11,205,0.61,0.41,0.43,0,0,0,3,0,0.0,0.363,1,Defaulted
U05046,21,Bachelor's,Student,3501.0,2,A05046,7,rent,16,0.48,bachelor,1455.0,0.75,0.09,67,0.86,0.19,0.33,0,0,0,3,0,0.088,0.1925,0,Successful Borrower
U05047,24,Master's,Self-Employed,9181.0,1,A05047,59,none,0,0.57,master,2444.0,0.47,0.13,174,0.91,0.22,0.17,0,0,0,3,1,0.1122,0.1485,0,Successful Borrower
U05048,20,Bachelor's,Employed,8334.0,2,A05048,23,rent,4,0.47,bachelor,5181.0,0.57,0.18,162,0.62,0.49,0.54,0,0,0,1,0,0.1539,0.4175,1,Defaulted
U05049,23,Bachelor's,Employed,11471.0,1,A05049,37,rent,4,0.64,bachelor,4190.0,0.39,0.08,244,0.78,0.31,0.35,0,0,1,3,0,0.0912,0.254,0,Successful Borrower
U05050,24,Master's,Student,3738.0,2,A05050,0,rent,9,0.59,master,1236.0,0.53,0.04,86,0.97,0.22,0.15,0,0,0,2,0,0.0446,0.109,0,Successful Borrower
U05051,21,Bachelor's,Employed,9098.0,2,A05051,57,owner,1,0.62,bachelor,3436.0,0.6,0.1,206,0.94,0.26,0.27,0,0,0,3,0,0.0,0.1685,0,Successful Borrower
U05052,25,Master's,Unemployed,2858.0,2,A05052,1,rent,15,0.3,master,1165.0,0.6,0.14,91,0.67,0.45,0.39,0,0,0,3,0,0.1517,0.3465,0,Successful Borrower
U05053,20,Bachelor's,Employed,6250.0,3,A05053,55,owner,0,0.5,bachelor,2877.0,0.63,0.06,154,0.82,0.33,0.41,0,0,0,2,1,0.0412,0.257,1,Defaulted
U05054,23,Master's,Employed,8595.0,1,A05054,45,rent,19,0.57,master,3114.0,0.53,0.09,195,0.72,0.34,0.56,0,0,0,3,0,0.0,0.3365,0,Successful Borrower
U05055,22,Bachelor's,Unemployed,2621.0,1,A05055,1,rent,13,0.71,bachelor,1472.0,0.67,0.1,72,0.82,0.31,0.28,0,0,0,2,1,0.1292,0.2255,0,Successful Borrower
U05056,26,High School,Employed,10683.0,2,A05056,36,rent,6,0.67,highschool,2537.0,0.49,0.04,268,0.99,0.15,0.01,0,0,0,3,0,0.1688,0.0495,0,Successful Borrower
U05057,24,Bachelor's,Self-Employed,6974.0,2,A05057,22,none,0,0.62,bachelor,4431.0,0.5,0.25,51,0.57,0.36,0.57,0,0,0,2,1,0.119,0.4205,1,Defaulted
U05058,25,Bachelor's,Employed,6857.0,1,A05058,30,owner,2,0.69,bachelor,3306.0,0.56,0.06,111,0.84,0.3,0.33,0,0,0,3,0,0.0022,0.2225,0,Successful Borrower
U05059,26,Bachelor's,Self-Employed,6239.0,2,A05059,29,none,2,0.63,bachelor,2978.0,0.66,0.19,52,0.71,0.34,0.52,0,0,0,2,0,0.0821,0.345,1,Defaulted
U05060,21,Diploma,Self-Employed,8910.0,1,A05060,14,rent,16,0.71,cert,3095.0,0.64,0.18,137,0.67,0.4,0.52,0,0,0,1,0,0.1232,0.3725,0,Successful Borrower
U05061,20,Diploma,Employed,5852.0,2,A05061,30,owner,4,0.58,cert,2486.0,0.68,0.09,143,0.68,0.4,0.49,0,0,0,3,0,0.2153,0.348,0,Successful Borrower
U05062,20,Master's,Student,4185.0,3,A05062,4,rent,5,0.43,master,1853.0,0.73,0.04,105,0.9,0.23,0.24,0,0,0,2,0,0.0,0.1585,0,Successful Borrower
U05063,21,Bachelor's,Employed,8590.0,3,A05063,36,rent,11,0.65,bachelor,2945.0,0.54,0.08,228,0.82,0.19,0.33,0,0,0,3,0,0.173,0.205,0,Successful Borrower
U05064,26,Master's,Employed,9532.0,3,A05064,15,owner,2,0.66,master,4390.0,0.58,0.13,213,0.79,0.33,0.37,0,0,0,2,0,0.0916,0.268,0,Successful Borrower
U05065,22,Bachelor's,Self-Employed,6819.0,1,A05065,36,rent,14,0.52,bachelor,4648.0,0.58,0.25,33,0.67,0.35,0.38,0,0,1,1,2,0.0255,0.3355,1,Defaulted
U05066,25,High School,Employed,8504.0,1,A05066,56,owner,3,0.63,highschool,3654.0,0.66,0.13,154,0.75,0.35,0.4,0,0,0,3,1,0.1072,0.2945,0,Successful Borrower
U05067,20,Bachelor's,Self-Employed,7308.0,3,A05067,38,rent,12,0.3,bachelor,3531.0,0.57,0.22,109,0.61,0.42,0.63,0,0,0,3,1,0.092,0.432,1,Defaulted
U05068,22,Bachelor's,Employed,8887.0,3,A05068,51,rent,5,0.55,bachelor,3642.0,0.38,0.11,148,0.79,0.34,0.35,0,0,0,2,0,0.0825,0.2625,1,Defaulted
U05069,20,High School,Employed,7776.0,2,A05069,15,rent,23,0.64,highschool,3091.0,0.53,0.07,152,0.89,0.25,0.35,0,0,0,3,1,0.0781,0.199,0,Successful Borrower
U05070,25,Master's,Student,3202.0,2,A05070,1,rent,21,0.41,master,1432.0,0.7,0.07,79,0.8,0.3,0.29,0,0,0,1,0,0.0706,0.228,0,Successful Borrower
U05071,26,Bachelor's,Student,2219.0,2,A05071,3,rent,15,0.43,bachelor,1307.0,0.59,0.08,77,0.84,0.36,0.34,0,0,0,1,1,0.1783,0.243,0,Successful Borrower
U05072,25,Bachelor's,Employed,7203.0,3,A05072,21,rent,17,0.49,bachelor,4144.0,0.62,0.12,135,0.74,0.32,0.46,0,0,0,2,1,0.0731,0.304,0,Successful Borrower
U05073,26,Bachelor's,Employed,9025.0,3,A05073,23,rent,4,0.67,bachelor,4500.0,0.55,0.12,204,0.83,0.24,0.25,0,0,0,3,0,0.1117,0.2,0,Successful Borrower
U05074,20,Bachelor's,Student,3482.0,1,A05074,0,none,3,0.38,bachelor,1819.0,0.58,0.15,9,0.56,0.42,0.49,0,0,0,0,0,0.1721,0.404,1,Defaulted
U05075,24,Bachelor's,Employed,7213.0,3,A05075,9,rent,10,0.58,bachelor,855.0,0.55,0.05,232,0.92,0.22,0.19,0,0,0,3,0,0.075,0.138,0,Successful Borrower
U05076,21,Bachelor's,Employed,8237.0,2,A05076,15,owner,2,0.65,bachelor,1226.0,0.58,0.02,273,1.0,0.05,0.07,0,0,0,3,0,0.0663,0.033,0,Successful Borrower
U05077,24,Bachelor's,Employed,7462.0,1,A05077,7,rent,8,0.87,bachelor,4840.0,0.59,0.1,129,0.83,0.26,0.28,0,0,0,2,2,0.2261,0.2095,0,Successful Borrower
U05078,23,Bachelor's,Self-Employed,10736.0,3,A05078,43,none,4,0.66,bachelor,5564.0,0.54,0.24,88,0.58,0.45,0.62,0,0,0,2,2,0.1631,0.4505,1,Defaulted
U05079,25,Bachelor's,Student,4921.0,2,A05079,12,rent,10,0.55,bachelor,1487.0,0.68,0.03,97,0.85,0.22,0.21,0,0,0,2,0,0.0,0.1645,0,Successful Borrower
U05080,23,Diploma,Employed,9711.0,2,A05080,32,owner,0,0.46,cert,3296.0,0.51,0.04,244,0.81,0.38,0.15,0,0,0,3,0,0.0,0.205,1,Defaulted
U05081,23,Bachelor's,Student,4094.0,3,A05081,6,none,0,0.58,bachelor,2132.0,0.75,0.08,82,0.84,0.25,0.32,0,0,0,2,0,0.0177,0.2105,0,Successful Borrower
U05082,24,Diploma,Employed,8604.0,3,A05082,13,rent,7,0.52,cert,3026.0,0.57,0.02,181,0.87,0.29,0.37,0,0,0,3,0,0.1398,0.2135,0,Successful Borrower
U05083,23,High School,Employed,7455.0,3,A05083,6,rent,23,0.38,highschool,2662.0,0.73,0.12,184,0.89,0.18,0.29,0,0,0,3,0,0.0,0.174,0,Successful Borrower
U05084,26,Diploma,Self-Employed,6714.0,3,A05084,27,owner,1,0.37,cert,2647.0,0.66,0.09,158,0.88,0.19,0.3,0,0,0,3,1,0.1934,0.178,0,Successful Borrower
U05085,21,Master's,Employed,8022.0,1,A05085,20,rent,9,0.38,master,3041.0,0.56,0.07,185,0.86,0.17,0.3,0,0,0,2,0,0.1616,0.177,0,Successful Borrower
U05086,22,Bachelor's,Self-Employed,7532.0,3,A05086,17,rent,15,0.3,bachelor,4882.0,0.58,0.19,84,0.66,0.37,0.53,0,0,0,1,0,0.0097,0.3725,0,Successful Borrower
U05087,22,Bachelor's,Employed,10854.0,3,A05087,27,rent,24,0.54,bachelor,3831.0,0.46,0.12,237,0.84,0.16,0.28,0,0,0,2,0,0.1801,0.184,0,Successful Borrower
U05088,25,Master's,Employed,7823.0,2,A05088,31,rent,13,0.35,master,3748.0,0.48,0.07,150,0.86,0.17,0.35,0,0,0,2,1,0.0507,0.1895,0,Successful Borrower
U05089,20,High School,Employed,7321.0,1,A05089,29,rent,11,0.61,highschool,3740.0,0.6,0.12,159,0.77,0.27,0.52,0,0,0,2,0,0.0123,0.296,0,Successful Borrower
U05090,21,Diploma,Self-Employed,4999.0,1,A05090,36,none,3,0.58,cert,2807.0,0.58,0.16,139,0.83,0.23,0.36,0,0,0,3,0,0.0527,0.231,0,Successful Borrower
U05091,26,Master's,Employed,9071.0,1,A05091,33,none,0,0.69,master,3396.0,0.52,0.03,205,0.95,0.22,0.13,0,0,0,3,0,0.1181,0.1095,0,Successful Borrower
U05092,21,Bachelor's,Student,3432.0,2,A05092,6,none,4,0.41,bachelor,1225.0,0.68,0.06,52,0.88,0.31,0.28,0,0,0,1,1,0.075,0.1985,0,Successful Borrower
U05093,24,Bachelor's,Student,3591.0,1,A05093,7,rent,7,0.51,bachelor,1144.0,0.82,0.04,105,0.88,0.25,0.3,0,0,0,3,0,0.1975,0.1855,0,Successful Borrower
U05094,21,Bachelor's,Student,2421.0,1,A05094,11,none,0,0.75,bachelor,1424.0,0.48,0.12,52,0.66,0.41,0.47,0,0,0,1,1,0.0199,0.357,1,Defaulted
U05095,25,Bachelor's,Employed,9056.0,1,A05095,29,owner,2,0.59,bachelor,3122.0,0.58,0.1,181,0.7,0.36,0.4,0,0,0,1,1,0.1251,0.31,1,Defaulted
U05096,23,Bachelor's,Employed,7200.0,2,A05096,57,rent,14,0.39,bachelor,5445.0,0.72,0.15,108,0.79,0.36,0.4,0,0,0,2,1,0.1477,0.286,0,Successful Borrower
U05097,25,Bachelor's,Employed,8055.0,3,A05097,41,owner,4,0.61,bachelor,3461.0,0.51,0.13,143,0.7,0.4,0.51,0,0,0,3,0,0.0016,0.352,1,Defaulted
U05098,24,Bachelor's,Employed,10988.0,2,A05098,41,rent,12,0.39,bachelor,3404.0,0.57,0.03,261,0.96,0.22,0.21,0,0,0,3,1,0.0193,0.126,0,Successful Borrower
U05099,21,Bachelor's,Student,2280.0,3,A05099,1,none,2,0.49,bachelor,713.0,0.58,0.02,46,0.93,0.22,0.08,0,0,0,2,2,0.059,0.1025,0,Successful Borrower
U05100,25,Diploma,Unemployed,2834.0,3,A05100,3,none,2,0.43,cert,1444.0,0.62,0.07,11,0.77,0.34,0.36,0,0,0,3,1,0.1132,0.266,0,Successful Borrower
U05101,24,Diploma,Employed,5793.0,1,A05101,23,none,0,0.58,cert,1900.0,0.81,0.03,182,0.92,0.1,0.24,0,0,0,2,1,0.0734,0.1175,0,Successful Borrower
U05102,22,Master's,Unemployed,2367.0,2,A05102,4,rent,16,0.74,master,742.0,0.66,0.17,68,0.69,0.41,0.48,0,0,0,2,0,0.0827,0.3565,0,Successful Borrower
U05103,25,Bachelor's,Employed,9582.0,2,A05103,52,rent,11,0.3,bachelor,2527.0,0.61,0.04,213,0.92,0.22,0.15,0,0,0,3,1,0.0,0.1265,0,Successful Borrower
U05104,26,Bachelor's,Employed,6322.0,2,A05104,27,rent,23,0.51,bachelor,1939.0,0.61,0.07,149,0.91,0.21,0.28,0,0,0,3,0,0.1013,0.1645,0,Successful Borrower
U05105,25,High School,Unemployed,3225.0,2,A05105,2,rent,23,0.36,highschool,1298.0,0.63,0.11,41,0.87,0.27,0.21,0,0,0,2,1,0.0215,0.182,0,Successful Borrower
U05106,24,High School,Self-Employed,6333.0,3,A05106,3,rent,5,0.37,highschool,2887.0,0.77,0.21,183,0.71,0.33,0.41,0,0,0,3,0,0.0886,0.318,1,Defaulted
U05107,25,Diploma,Student,3245.0,1,A05107,5,rent,8,0.47,cert,2100.0,0.71,0.1,48,0.68,0.35,0.47,0,0,0,1,0,0.1317,0.332,0,Successful Borrower
U05108,25,Diploma,Employed,8681.0,2,A05108,28,none,2,0.48,cert,4296.0,0.49,0.13,112,0.82,0.29,0.42,0,0,0,3,0,0.2476,0.26,1,Defaulted
U05109,25,Master's,Employed,9283.0,1,A05109,49,none,1,0.65,master,4281.0,0.66,0.11,160,0.82,0.27,0.33,0,0,0,2,0,0.22,0.2295,1,Defaulted
U05110,25,Bachelor's,Self-Employed,8544.0,2,A05110,35,rent,6,0.53,bachelor,2934.0,0.5,0.13,134,0.68,0.41,0.3,0,0,0,2,0,0.2096,0.309,0,Successful Borrower
U05111,21,High School,Employed,10974.0,2,A05111,50,owner,1,0.4,highschool,2923.0,0.61,0.05,259,0.91,0.2,0.23,0,0,0,3,0,0.0,0.1465,0,Successful Borrower
U05112,24,Bachelor's,Self-Employed,7230.0,1,A05112,25,rent,6,0.74,bachelor,4219.0,0.74,0.26,68,0.65,0.33,0.61,0,0,0,2,2,0.1315,0.3965,1,Defaulted
U05113,26,Bachelor's,Employed,8418.0,1,A05113,46,rent,23,0.58,bachelor,3023.0,0.69,0.09,141,0.94,0.14,0.22,0,0,0,3,0,0.1098,0.1245,0,Successful Borrower
U05114,26,Diploma,Employed,7607.0,3,A05114,22,owner,3,0.38,cert,3229.0,0.65,0.05,170,0.95,0.2,0.25,0,0,0,3,0,0.1621,0.1375,0,Successful Borrower
U05115,23,Bachelor's,Employed,7811.0,2,A05115,56,owner,1,0.6,bachelor,3560.0,0.69,0.08,105,0.83,0.27,0.28,0,0,0,2,2,0.1233,0.209,0,Successful Borrower
U05116,21,High School,Student,3383.0,2,A05116,9,rent,11,0.4,highschool,1550.0,0.59,0.02,73,0.83,0.28,0.22,0,0,0,1,0,0.0928,0.1875,0,Successful Borrower
U05117,22,Master's,Unemployed,2601.0,2,A05117,2,rent,9,0.32,master,1094.0,0.78,0.14,131,0.68,0.46,0.47,0,0,0,3,0,0.056,0.3655,1,Defaulted
U05118,24,Bachelor's,Self-Employed,9654.0,1,A05118,14,rent,23,0.47,bachelor,3398.0,0.6,0.16,155,0.85,0.2,0.26,0,0,0,3,0,0.0219,0.1915,0,Successful Borrower
U05119,20,Diploma,Student,4097.0,3,A05119,8,rent,20,0.52,cert,2347.0,0.6,0.16,64,0.59,0.46,0.49,0,0,0,0,1,0.0794,0.405,1,Defaulted
U05120,21,Bachelor's,Employed,9235.0,3,A05120,16,rent,24,0.53,bachelor,4037.0,0.7,0.06,206,0.89,0.2,0.26,0,0,0,2,0,0.0,0.1625,0,Successful Borrower
U05121,20,Bachelor's,Student,1437.0,3,A05121,2,rent,5,0.6,bachelor,578.0,0.74,0.07,26,0.91,0.28,0.22,0,0,0,2,0,0.1083,0.167,0,Successful Borrower
U05122,20,Diploma,Employed,8717.0,3,A05122,54,rent,13,0.45,cert,2372.0,0.59,0.04,282,0.93,0.15,0.22,0,0,0,3,0,0.0126,0.123,0,Successful Borrower
U05123,23,Master's,Employed,8785.0,1,A05123,54,rent,7,0.42,master,4033.0,0.55,0.07,183,0.78,0.28,0.37,0,0,0,3,0,0.0943,0.25,0,Successful Borrower
U05124,23,Bachelor's,Employed,7751.0,3,A05124,47,owner,2,0.36,bachelor,3715.0,0.63,0.09,171,0.84,0.17,0.4,0,0,0,2,1,0.1203,0.212,0,Successful Borrower
U05125,26,High School,Employed,8684.0,2,A05125,16,rent,5,0.51,highschool,3709.0,0.52,0.02,213,0.94,0.16,0.3,0,0,0,3,1,0.0818,0.139,0,Successful Borrower
U05126,20,Master's,Student,2467.0,1,A05126,3,rent,16,0.67,master,2078.0,0.64,0.16,30,0.59,0.45,0.55,0,0,0,1,0,0.1626,0.4175,1,Defaulted
U05127,22,Master's,Student,2483.0,2,A05127,1,rent,4,0.5,master,1062.0,0.7,0.04,64,0.98,0.23,0.25,0,0,0,2,0,0.1015,0.133,0,Successful Borrower
U05128,24,Master's,Employed,7871.0,3,A05128,53,rent,20,0.65,master,4274.0,0.75,0.15,123,0.63,0.39,0.57,0,0,0,3,0,0.0671,0.392,1,Defaulted
U05129,23,Diploma,Employed,7812.0,3,A05129,12,rent,21,0.46,cert,2082.0,0.57,0.02,168,0.99,0.18,0.23,0,0,0,2,1,0.06,0.109,0,Successful Borrower
U05130,20,Bachelor's,Employed,6475.0,3,A05130,55,rent,7,0.56,bachelor,3363.0,0.55,0.15,164,0.68,0.46,0.41,0,0,0,2,1,0.091,0.352,1,Defaulted
U05131,23,Bachelor's,Self-Employed,7863.0,2,A05131,53,rent,19,0.38,bachelor,3314.0,0.73,0.14,110,0.91,0.2,0.15,0,0,0,2,0,0.0,0.14,0,Successful Borrower
U05132,24,Bachelor's,Employed,7842.0,2,A05132,35,rent,21,0.61,bachelor,2032.0,0.6,0.05,224,0.8,0.34,0.38,0,0,0,2,0,0.1028,0.2575,0,Successful Borrower
U05133,21,Bachelor's,Student,3941.0,2,A05133,10,owner,0,0.61,bachelor,1991.0,0.44,0.09,29,0.71,0.37,0.53,0,0,0,1,0,0.1172,0.34,1,Defaulted
U05134,24,Bachelor's,Self-Employed,8538.0,3,A05134,28,rent,16,0.53,bachelor,5440.0,0.62,0.27,84,0.56,0.55,0.71,0,0,0,1,3,0.0836,0.5095,1,Defaulted
U05135,23,Bachelor's,Student,6014.0,2,A05135,7,rent,8,0.67,bachelor,4193.0,0.66,0.26,10,0.56,0.47,0.79,0,0,0,2,2,0.026,0.508,1,Defaulted
U05136,20,High School,Student,4662.0,2,A05136,7,none,4,0.38,highschool,1880.0,0.63,0.11,106,0.8,0.34,0.41,0,0,0,3,0,0.0966,0.274,1,Defaulted
U05137,26,Bachelor's,Employed,11780.0,3,A05137,16,owner,1,0.51,bachelor,4176.0,0.4,0.09,278,0.75,0.42,0.38,0,0,0,2,0,0.1361,0.301,1,Defaulted
U05138,23,Diploma,Employed,9172.0,1,A05138,35,rent,14,0.52,cert,5077.0,0.59,0.17,150,0.75,0.4,0.41,0,0,0,3,1,0.0245,0.3155,0,Successful Borrower
U05139,22,High School,Unemployed,3175.0,3,A05139,1,none,4,0.4,highschool,2043.0,0.57,0.22,54,0.59,0.54,0.58,0,0,0,1,2,0.0246,0.4565,1,Defaulted
U05140,25,Bachelor's,Unemployed,1893.0,3,A05140,3,rent,6,0.62,bachelor,1094.0,0.54,0.23,44,0.58,0.52,0.57,0,0,0,1,2,0.0363,0.454,1,Defaulted
U05141,26,Diploma,Student,4742.0,2,A05141,7,rent,22,0.56,cert,1391.0,0.64,0.08,135,0.82,0.32,0.29,0,0,0,2,1,0.0473,0.2275,0,Successful Borrower
U05142,26,Bachelor's,Self-Employed,7243.0,2,A05142,9,rent,24,0.48,bachelor,3227.0,0.64,0.19,130,0.75,0.3,0.4,0,0,0,2,2,0.0693,0.291,1,Defaulted
U05143,21,Bachelor's,Employed,8525.0,1,A05143,38,rent,18,0.66,bachelor,2597.0,0.74,0.06,213,0.92,0.18,0.12,0,0,0,3,0,0.0986,0.112,0,Successful Borrower
U05144,21,Diploma,Employed,5512.0,3,A05144,16,owner,4,0.52,cert,2483.0,0.58,0.1,123,0.83,0.22,0.36,0,0,0,2,1,0.1315,0.2195,1,Defaulted
U05145,21,Master's,Student,3583.0,1,A05145,7,none,4,0.46,master,1509.0,0.59,0.08,39,0.79,0.35,0.45,0,0,1,1,0,0.1498,0.2855,1,Defaulted
U05146,23,High School,Student,4091.0,1,A05146,11,rent,17,0.7,highschool,935.0,0.53,0.03,103,0.98,0.2,0.08,0,0,0,3,2,0.0,0.0815,0,Successful Borrower
U05147,21,Bachelor's,Employed,6711.0,3,A05147,36,rent,8,0.48,bachelor,2240.0,0.5,0.06,144,0.86,0.3,0.25,0,0,0,2,0,0.0473,0.1955,0,Successful Borrower
U05148,23,Diploma,Employed,8646.0,1,A05148,39,rent,6,0.71,cert,3825.0,0.71,0.13,176,0.68,0.31,0.43,0,0,0,2,0,0.0,0.3165,1,Defaulted
U05149,26,Bachelor's,Unemployed,2377.0,1,A05149,3,owner,1,0.47,bachelor,913.0,0.54,0.17,95,0.73,0.37,0.54,0,0,0,2,0,0.0,0.3475,1,Defaulted
U05150,21,Bachelor's,Employed,10026.0,1,A05150,21,owner,3,0.5,bachelor,3968.0,0.4,0.12,180,0.7,0.34,0.5,0,0,1,1,1,0.0463,0.333,1,Defaulted
U05151,26,Diploma,Student,2892.0,3,A05151,11,rent,14,0.58,cert,1882.0,0.67,0.11,39,0.73,0.4,0.41,0,0,0,0,0,0.0963,0.3135,0,Successful Borrower
U05152,22,Bachelor's,Employed,11253.0,2,A05152,25,owner,4,0.55,bachelor,2754.0,0.4,0.09,232,0.83,0.19,0.33,0,0,0,3,1,0.1204,0.203,0,Successful Borrower
U05153,23,High School,Employed,8700.0,3,A05153,33,rent,9,0.45,highschool,3537.0,0.62,0.12,212,0.75,0.33,0.44,0,0,0,3,0,0.1022,0.298,1,Defaulted
U05154,26,Diploma,Employed,10303.0,2,A05154,35,rent,13,0.57,cert,4739.0,0.56,0.07,175,0.97,0.08,0.18,0,0,0,3,1,0.1394,0.086,0,Successful Borrower
U05155,21,High School,Employed,7671.0,1,A05155,35,owner,0,0.87,highschool,4204.0,0.62,0.13,187,0.75,0.29,0.4,0,0,0,3,1,0.066,0.2795,0,Successful Borrower
U05156,26,Diploma,Employed,7926.0,2,A05156,57,none,4,0.55,cert,3143.0,0.55,0.1,176,0.73,0.26,0.39,0,0,0,3,0,0.1327,0.272,0,Successful Borrower
U05157,20,Bachelor's,Employed,10084.0,3,A05157,37,rent,10,0.3,bachelor,3070.0,0.48,0.02,217,0.87,0.35,0.27,1,0,0,3,0,0.0001,0.2035,0,Successful Borrower
U05158,24,Bachelor's,Employed,6879.0,3,A05158,51,owner,0,0.44,bachelor,2750.0,0.48,0.1,177,0.82,0.31,0.47,0,0,0,3,0,0.1365,0.273,1,Defaulted
U05159,24,Bachelor's,Student,4785.0,1,A05159,11,rent,4,0.57,bachelor,2536.0,0.7,0.16,63,0.65,0.43,0.49,0,0,0,1,0,0.1054,0.3765,1,Defaulted
U05160,20,Diploma,Employed,7853.0,2,A05160,8,none,1,0.5,cert,3858.0,0.52,0.06,144,0.83,0.23,0.3,0,0,0,2,2,0.0529,0.201,0,Successful Borrower
U05161,21,Bachelor's,Student,2895.0,2,A05161,0,none,0,0.62,bachelor,1880.0,0.72,0.04,44,0.88,0.28,0.33,0,0,0,1,1,0.1116,0.2005,0,Successful Borrower
U05162,20,High School,Unemployed,1310.0,1,A05162,0,rent,18,0.5,highschool,687.0,0.54,0.25,8,0.58,0.52,0.64,0,0,0,2,3,0.1046,0.4745,1,Defaulted
U05163,20,Bachelor's,Self-Employed,8478.0,1,A05163,11,rent,14,0.45,bachelor,2393.0,0.53,0.12,125,0.81,0.25,0.28,0,0,0,3,0,0.1009,0.217,0,Successful Borrower
U05164,23,Master's,Employed,9393.0,3,A05164,40,owner,3,0.6,master,5683.0,0.57,0.16,149,0.66,0.34,0.59,0,0,0,3,1,0.1296,0.3755,1,Defaulted
U05165,21,Diploma,Employed,10867.0,2,A05165,18,none,2,0.61,cert,4831.0,0.55,0.04,261,0.79,0.31,0.39,0,0,0,3,0,0.0882,0.2545,0,Successful Borrower
U05166,20,High School,Unemployed,1428.0,3,A05166,2,rent,12,0.37,highschool,557.0,0.5,0.15,39,0.71,0.37,0.41,0,0,0,2,1,0.1321,0.319,1,Defaulted
U05167,25,Master's,Employed,8407.0,2,A05167,29,rent,10,0.63,master,2731.0,0.55,0.11,158,0.67,0.36,0.6,0,0,0,3,2,0.1428,0.372,0,Successful Borrower
U05168,24,High School,Unemployed,2598.0,3,A05168,2,rent,19,0.54,highschool,662.0,0.66,0.16,70,0.77,0.32,0.37,0,0,0,0,0,0.0337,0.277,0,Successful Borrower
U05169,26,Master's,Employed,8456.0,3,A05169,27,rent,4,0.53,master,2990.0,0.45,0.09,160,0.76,0.3,0.45,0,0,0,3,0,0.0,0.285,0,Successful Borrower
U05170,20,High School,Employed,6052.0,2,A05170,48,rent,11,0.52,highschool,3014.0,0.58,0.08,115,0.76,0.29,0.49,0,0,0,2,0,0.0,0.291,1,Defaulted
U05171,26,High School,Employed,10145.0,2,A05171,34,rent,22,0.6,highschool,3350.0,0.62,0.09,248,0.77,0.36,0.35,0,0,1,2,0,0.0982,0.2715,1,Defaulted
U05172,20,Diploma,Employed,6535.0,2,A05172,21,rent,7,0.38,cert,2985.0,0.49,0.08,182,0.8,0.24,0.29,0,0,0,3,0,0.037,0.2145,0,Successful Borrower
U05173,23,Master's,Unemployed,2987.0,2,A05173,1,rent,10,0.3,master,1329.0,0.69,0.08,29,0.84,0.31,0.35,0,0,0,3,1,0.0779,0.233,1,Defaulted
U05174,26,Bachelor's,Employed,8889.0,2,A05174,57,owner,3,0.43,bachelor,2461.0,0.61,0.06,198,0.8,0.32,0.31,0,0,0,3,0,0.1708,0.2365,0,Successful Borrower
U05175,26,High School,Self-Employed,8720.0,2,A05175,36,owner,3,0.45,highschool,2361.0,0.56,0.15,162,0.87,0.16,0.23,0,0,0,2,0,0.0539,0.1655,0,Successful Borrower
U05176,26,Diploma,Unemployed,3400.0,2,A05176,6,rent,4,0.47,cert,1749.0,0.49,0.18,70,0.68,0.3,0.49,0,0,0,1,1,0.0,0.3365,1,Defaulted
U05177,21,Bachelor's,Self-Employed,9934.0,3,A05177,7,owner,0,0.38,bachelor,4162.0,0.57,0.13,176,0.8,0.3,0.45,0,0,0,1,0,0.0235,0.277,1,Defaulted
U05178,23,Diploma,Employed,10443.0,1,A05178,23,owner,0,0.67,cert,3710.0,0.57,0.09,194,0.79,0.28,0.3,0,0,0,3,0,0.1212,0.232,1,Defaulted
U05179,22,High School,Self-Employed,10546.0,2,A05179,48,owner,4,0.47,highschool,2143.0,0.39,0.09,183,0.9,0.31,0.18,0,0,0,3,1,0.0741,0.171,0,Successful Borrower
U05180,25,Master's,Student,3790.0,2,A05180,10,none,4,0.35,master,1140.0,0.61,0.09,75,0.88,0.26,0.12,0,0,0,1,1,0.1045,0.1505,0,Successful Borrower
U05181,20,Bachelor's,Self-Employed,4672.0,3,A05181,17,rent,16,0.33,bachelor,1336.0,0.74,0.14,140,0.92,0.19,0.33,0,0,0,1,0,0.1079,0.179,0,Successful Borrower
U05182,22,Diploma,Employed,9403.0,3,A05182,33,owner,2,0.66,cert,4782.0,0.61,0.12,225,0.71,0.37,0.46,0,0,0,3,0,0.1282,0.327,1,Defaulted
U05183,22,Bachelor's,Employed,10485.0,2,A05183,47,owner,1,0.57,bachelor,3279.0,0.55,0.07,277,0.78,0.33,0.31,0,0,0,3,0,0.0886,0.2475,0,Successful Borrower
U05184,25,Bachelor's,Student,4152.0,2,A05184,10,rent,19,0.34,bachelor,1403.0,0.83,0.02,66,0.93,0.17,0.16,0,0,0,1,1,0.1403,0.11,0,Successful Borrower
U05185,23,High School,Employed,8103.0,2,A05185,28,rent,24,0.63,highschool,3251.0,0.61,0.08,159,0.84,0.35,0.34,0,0,0,3,2,0.1893,0.2405,0,Successful Borrower
U05186,22,PhD,Student,2339.0,2,A05186,12,rent,9,0.6,phd,1316.0,0.81,0.2,72,0.56,0.57,0.77,0,0,0,1,3,0.096,0.519,1,Defaulted
U05187,21,Bachelor's,Self-Employed,9407.0,2,A05187,11,owner,1,0.39,bachelor,2850.0,0.63,0.16,195,0.79,0.4,0.28,0,0,0,3,1,0.0,0.2675,0,Successful Borrower
U05188,21,Bachelor's,Unemployed,3486.0,2,A05188,5,rent,4,0.3,bachelor,708.0,0.56,0.12,73,0.85,0.36,0.19,0,0,0,1,0,0.1617,0.208,0,Successful Borrower
U05189,24,Bachelor's,Self-Employed,8231.0,2,A05189,57,owner,1,0.5,bachelor,3157.0,0.75,0.15,181,0.82,0.25,0.26,0,0,0,3,0,0.0329,0.213,0,Successful Borrower
U05190,26,Bachelor's,Unemployed,2940.0,3,A05190,6,rent,5,0.3,bachelor,1838.0,0.58,0.12,113,0.79,0.42,0.35,0,0,0,0,0,0.0851,0.284,0,Successful Borrower
U05191,25,High School,Unemployed,3803.0,2,A05191,4,none,4,0.58,highschool,1789.0,0.46,0.08,95,0.9,0.17,0.31,0,0,0,2,0,0.1726,0.167,0,Successful Borrower
U05192,20,Master's,Employed,7033.0,3,A05192,32,none,4,0.34,master,3825.0,0.56,0.19,95,0.65,0.44,0.53,0,0,0,3,0,0.0252,0.3935,1,Defaulted
U05193,23,Master's,Unemployed,3498.0,3,A05193,5,rent,17,0.42,master,1628.0,0.65,0.13,69,0.62,0.44,0.51,0,0,0,1,2,0.1897,0.39,1,Defaulted
U05194,24,High School,Student,2232.0,2,A05194,5,rent,4,0.49,highschool,1643.0,0.75,0.14,45,0.66,0.44,0.44,0,0,0,3,1,0.0118,0.36,0,Successful Borrower
U05195,20,Bachelor's,Employed,7980.0,1,A05195,18,rent,10,0.43,bachelor,2769.0,0.6,0.06,153,0.94,0.16,0.34,0,0,0,3,1,0.1081,0.155,0,Successful Borrower
U05196,21,Master's,Student,3385.0,3,A05196,5,rent,9,0.57,master,1239.0,0.59,0.07,117,0.64,0.39,0.55,0,1,0,3,0,0.1889,0.3715,0,Successful Borrower
U05197,22,Master's,Unemployed,2275.0,2,A05197,6,rent,7,0.83,master,610.0,0.6,0.11,64,0.72,0.38,0.27,0,0,0,3,0,0.0774,0.277,0,Successful Borrower
U05198,22,Bachelor's,Employed,7802.0,3,A05198,60,rent,21,0.45,bachelor,3475.0,0.6,0.09,169,0.81,0.25,0.27,0,0,0,3,0,0.0,0.21,0,Successful Borrower
U05199,24,Bachelor's,Employed,9370.0,2,A05199,27,rent,17,0.62,bachelor,1649.0,0.42,0.02,236,0.98,0.16,0.07,0,0,0,3,1,0.0621,0.0675,0,Successful Borrower
U05200,22,Master's,Employed,7709.0,1,A05200,35,rent,18,0.66,master,4380.0,0.55,0.14,153,0.72,0.19,0.42,0,0,0,1,2,0.0,0.2715,0,Successful Borrower
U05201,20,Master's,Self-Employed,9433.0,3,A05201,55,rent,12,0.41,master,3920.0,0.56,0.08,176,0.86,0.28,0.35,0,0,0,3,0,0.1271,0.2185,0,Successful Borrower
U05202,23,Bachelor's,Self-Employed,7446.0,1,A05202,9,rent,5,0.4,bachelor,2253.0,0.53,0.16,176,0.78,0.21,0.29,0,0,0,2,0,0.102,0.226,0,Successful Borrower
U05203,23,Master's,Student,2637.0,3,A05203,11,rent,16,0.52,master,1562.0,0.65,0.05,17,0.78,0.35,0.36,0,0,0,1,1,0.0384,0.262,0,Successful Borrower
U05204,20,Bachelor's,Employed,9705.0,1,A05204,19,rent,18,0.4,bachelor,2828.0,0.41,0.09,191,0.76,0.38,0.45,0,0,0,3,1,0.1274,0.305,1,Defaulted
U05205,20,PhD,Self-Employed,9852.0,1,A05205,57,none,2,0.69,phd,4157.0,0.52,0.14,205,0.79,0.26,0.34,0,0,0,2,0,0.0792,0.2445,1,Defaulted
U05206,20,Bachelor's,Employed,8527.0,1,A05206,14,owner,3,0.55,bachelor,3524.0,0.64,0.07,176,0.86,0.24,0.3,0,0,0,1,0,0.1936,0.1945,0,Successful Borrower
U05207,24,Bachelor's,Employed,8783.0,2,A05207,34,owner,0,0.66,bachelor,4585.0,0.74,0.07,105,0.69,0.39,0.47,0,1,0,3,1,0.1142,0.334,1,Defaulted
U05208,20,Bachelor's,Unemployed,1200.0,2,A05208,6,rent,15,0.39,bachelor,677.0,0.79,0.25,33,0.63,0.5,0.53,0,0,0,0,2,0.1255,0.4245,1,Defaulted
U05209,22,Bachelor's,Self-Employed,11278.0,3,A05209,3,rent,12,0.38,bachelor,3005.0,0.58,0.06,198,0.98,0.07,0.07,0,0,0,3,0,0.1877,0.051,0,Successful Borrower
U05210,24,Bachelor's,Student,5168.0,2,A05210,10,rent,22,0.38,bachelor,2595.0,0.67,0.12,46,0.74,0.38,0.44,0,0,0,1,1,0.0976,0.314,1,Defaulted
U05211,25,Bachelor's,Self-Employed,11025.0,2,A05211,32,rent,12,0.36,bachelor,1118.0,0.58,0.15,287,0.79,0.21,0.34,0,0,0,3,0,0.1067,0.2335,0,Successful Borrower
U05212,21,Bachelor's,Employed,7874.0,2,A05212,10,rent,12,0.48,bachelor,3395.0,0.65,0.09,138,0.76,0.39,0.43,0,0,0,3,0,0.0268,0.3025,1,Defaulted
U05213,22,High School,Student,4809.0,2,A05213,8,rent,23,0.79,highschool,1617.0,0.75,0.08,77,0.77,0.26,0.42,0,0,0,2,0,0.0656,0.2625,0,Successful Borrower
U05214,21,Master's,Unemployed,2001.0,1,A05214,6,rent,9,0.5,master,1033.0,0.58,0.04,60,0.84,0.41,0.26,0,0,0,1,0,0.0,0.2295,0,Successful Borrower
U05215,21,Diploma,Employed,9157.0,3,A05215,12,none,1,0.33,cert,3365.0,0.5,0.04,255,0.85,0.27,0.25,0,0,0,2,0,0.1843,0.1885,0,Successful Borrower
U05216,20,High School,Employed,8755.0,2,A05216,8,rent,11,0.66,highschool,3588.0,0.61,0.08,190,0.79,0.29,0.39,0,0,0,1,1,0.1565,0.2555,1,Defaulted
U05217,21,Bachelor's,Student,3041.0,2,A05217,7,rent,9,0.46,bachelor,501.0,0.7,0.1,86,0.7,0.38,0.41,0,0,0,2,0,0.117,0.3175,1,Defaulted
U05218,22,Bachelor's,Employed,5602.0,2,A05218,10,rent,18,0.69,bachelor,1678.0,0.52,0.07,146,0.84,0.15,0.24,0,0,0,3,1,0.0,0.164,0,Successful Borrower
U05219,25,Bachelor's,Self-Employed,9709.0,2,A05219,45,none,3,0.44,bachelor,3692.0,0.66,0.18,153,0.61,0.41,0.59,0,1,0,3,0,0.0461,0.4135,1,Defaulted
U05220,26,Bachelor's,Employed,10188.0,1,A05220,49,owner,3,0.76,bachelor,3874.0,0.54,0.09,214,0.89,0.23,0.23,0,0,0,1,0,0.1985,0.167,0,Successful Borrower
U05221,20,Master's,Unemployed,1970.0,1,A05221,6,rent,19,0.7,master,429.0,0.77,0.12,86,0.85,0.32,0.27,0,0,0,2,0,0.1416,0.218,0,Successful Borrower
U05222,25,High School,Employed,9344.0,2,A05222,40,owner,2,0.67,highschool,2889.0,0.39,0.12,274,0.85,0.28,0.26,0,0,0,3,0,0.2501,0.2055,0,Successful Borrower
U05223,23,Master's,Employed,5452.0,2,A05223,29,none,2,0.67,master,1733.0,0.6,0.02,127,0.88,0.33,0.28,0,0,0,3,1,0.3026,0.1975,0,Successful Borrower
U05224,24,Master's,Employed,7658.0,2,A05224,44,rent,14,0.34,master,2447.0,0.78,0.09,211,0.85,0.22,0.31,0,0,0,2,0,0.0511,0.1985,0,Successful Borrower
U05225,24,Bachelor's,Self-Employed,7987.0,2,A05225,50,owner,3,0.3,bachelor,3836.0,0.64,0.21,143,0.7,0.34,0.44,0,0,0,3,1,0.048,0.3315,1,Defaulted
U05226,24,Bachelor's,Employed,10551.0,2,A05226,31,none,2,0.49,bachelor,3656.0,0.74,0.1,210,0.82,0.28,0.41,0,0,0,3,1,0.0,0.2505,0,Successful Borrower
U05227,24,High School,Employed,7878.0,3,A05227,48,rent,23,0.6,highschool,2459.0,0.42,0.08,221,0.77,0.29,0.39,0,0,0,1,0,0.0415,0.2625,0,Successful Borrower
U05228,24,Master's,Self-Employed,8504.0,2,A05228,58,rent,7,0.51,master,2967.0,0.62,0.13,229,0.89,0.16,0.21,0,0,0,3,1,0.0872,0.1505,0,Successful Borrower
U05229,23,Bachelor's,Employed,9072.0,2,A05229,55,none,4,0.51,bachelor,4694.0,0.69,0.09,114,0.81,0.23,0.32,0,0,0,2,0,0.1064,0.2175,0,Successful Borrower
U05230,26,High School,Employed,8035.0,2,A05230,34,rent,11,0.51,highschool,3216.0,0.69,0.09,191,0.82,0.22,0.24,0,0,0,1,0,0.1555,0.1915,0,Successful Borrower
U05231,21,Bachelor's,Student,2336.0,2,A05231,8,rent,7,0.56,bachelor,1121.0,0.66,0.06,71,0.74,0.41,0.37,0,0,0,0,2,0.0273,0.295,1,Defaulted
U05232,21,Bachelor's,Employed,9354.0,1,A05232,50,none,1,0.57,bachelor,2498.0,0.59,0.08,242,0.82,0.29,0.25,0,0,0,3,0,0.0,0.21,0,Successful Borrower
U05233,21,Bachelor's,Student,2907.0,3,A05233,11,rent,13,0.51,bachelor,1747.0,0.62,0.06,84,0.83,0.23,0.28,0,0,0,2,1,0.0868,0.196,0,Successful Borrower
U05234,24,High School,Unemployed,2583.0,2,A05234,3,rent,14,0.53,highschool,1230.0,0.55,0.15,136,0.75,0.41,0.43,0,0,0,3,1,0.0585,0.32,1,Defaulted
U05235,25,Bachelor's,Employed,9572.0,3,A05235,41,none,2,0.44,bachelor,4814.0,0.71,0.1,193,0.68,0.38,0.59,0,0,0,3,0,0.0905,0.3695,0,Successful Borrower
U05236,22,High School,Student,3431.0,1,A05236,0,rent,15,0.63,highschool,1335.0,0.7,0.07,55,0.83,0.25,0.25,0,0,0,1,1,0.0941,0.195,0,Successful Borrower
U05237,22,Bachelor's,Student,2544.0,3,A05237,12,rent,4,0.44,bachelor,1777.0,0.77,0.1,83,0.78,0.38,0.35,0,0,0,1,0,0.0615,0.2745,0,Successful Borrower
U05238,22,Diploma,Employed,9206.0,2,A05238,27,owner,3,0.37,cert,4342.0,0.42,0.1,194,0.71,0.29,0.45,0,0,0,1,0,0.0939,0.3015,1,Defaulted
U05239,24,Bachelor's,Self-Employed,8297.0,1,A05239,58,rent,15,0.65,bachelor,3144.0,0.39,0.21,147,0.67,0.28,0.42,0,0,0,3,1,0.1352,0.322,1,Defaulted
U05240,26,Bachelor's,Employed,6798.0,2,A05240,56,rent,22,0.56,bachelor,2269.0,0.67,0.04,203,0.89,0.35,0.21,0,0,0,2,0,0.0096,0.1845,0,Successful Borrower
U05241,21,Bachelor's,Unemployed,3726.0,2,A05241,4,rent,14,0.76,bachelor,1863.0,0.55,0.16,115,0.72,0.37,0.34,0,0,0,1,2,0.0651,0.2995,1,Defaulted
U05242,21,Bachelor's,Student,2715.0,2,A05242,9,rent,8,0.53,bachelor,1181.0,0.64,0.1,27,0.64,0.47,0.53,0,0,0,2,0,0.0387,0.391,1,Defaulted
U05243,24,Bachelor's,Employed,6850.0,1,A05243,20,owner,3,0.74,bachelor,3388.0,0.62,0.05,84,0.95,0.15,0.3,0,0,0,2,1,0.2138,0.1375,0,Successful Borrower
U05244,26,Master's,Self-Employed,6946.0,1,A05244,52,owner,2,0.54,master,2897.0,0.76,0.2,92,0.7,0.37,0.53,0,0,0,3,0,0.0804,0.36,1,Defaulted
U05245,22,Master's,Self-Employed,8632.0,2,A05245,45,owner,3,0.43,master,3872.0,0.52,0.21,131,0.63,0.4,0.56,0,0,0,3,1,0.0825,0.401,1,Defaulted
U05246,23,Diploma,Student,2578.0,3,A05246,0,rent,15,0.63,cert,1155.0,0.6,0.06,58,0.8,0.34,0.22,0,0,0,2,1,0.0769,0.219,1,Defaulted
U05247,20,Bachelor's,Employed,10486.0,1,A05247,49,owner,1,0.71,bachelor,2551.0,0.64,0.1,282,0.79,0.27,0.31,0,0,0,3,0,0.1647,0.2335,0,Successful Borrower
U05248,23,Bachelor's,Unemployed,1641.0,1,A05248,2,rent,24,0.78,bachelor,300.0,0.65,0.17,57,0.66,0.49,0.52,0,0,0,2,1,0.0403,0.397,1,Defaulted
U05249,24,Master's,Employed,10337.0,2,A05249,29,owner,3,0.53,master,3579.0,0.6,0.09,246,0.76,0.35,0.29,0,0,0,2,1,0.0265,0.2575,0,Successful Borrower
U05250,20,Master's,Employed,7253.0,2,A05250,59,none,0,0.54,master,3016.0,0.7,0.1,159,0.77,0.36,0.36,0,0,0,1,1,0.2141,0.2755,1,Defaulted
U05251,23,Bachelor's,Employed,8066.0,3,A05251,57,none,2,0.57,bachelor,1978.0,0.56,0.02,221,1.0,0.05,0.1,0,0,0,3,0,0.2186,0.0405,0,Successful Borrower
U05252,20,High School,Self-Employed,8584.0,2,A05252,49,rent,14,0.52,highschool,3778.0,0.39,0.22,134,0.69,0.35,0.54,0,0,0,2,0,0.1689,0.364,1,Defaulted
U05253,24,Master's,Student,3525.0,1,A05253,6,rent,23,0.52,master,1271.0,0.58,0.12,78,0.75,0.37,0.31,0,0,0,2,2,0.0245,0.2755,0,Successful Borrower
U05254,21,Bachelor's,Unemployed,3582.0,2,A05254,6,rent,4,0.3,bachelor,1289.0,0.79,0.1,124,0.83,0.41,0.21,0,0,0,3,1,0.1193,0.2295,0,Successful Borrower
U05255,23,Master's,Student,2352.0,2,A05255,1,owner,1,0.49,master,715.0,0.6,0.1,97,0.79,0.39,0.41,0,0,0,2,2,0.0496,0.2885,0,Successful Borrower
U05256,26,Bachelor's,Employed,8856.0,2,A05256,12,rent,9,0.56,bachelor,6848.0,0.5,0.22,33,0.56,0.48,0.64,0,0,0,2,3,0.1044,0.467,1,Defaulted
U05257,26,Diploma,Self-Employed,11385.0,2,A05257,39,rent,22,0.65,cert,3285.0,0.56,0.14,210,0.77,0.3,0.45,0,0,0,2,0,0.1161,0.289,0,Successful Borrower
U05258,24,Bachelor's,Employed,10242.0,3,A05258,52,owner,2,0.4,bachelor,3625.0,0.78,0.12,243,0.78,0.32,0.41,0,0,0,3,0,0.1509,0.2775,0,Successful Borrower
U05259,24,Bachelor's,Employed,8566.0,2,A05259,30,rent,10,0.66,bachelor,3956.0,0.74,0.12,208,0.76,0.3,0.31,0,0,0,2,0,0.0,0.2545,1,Defaulted
U05260,25,Bachelor's,Student,4437.0,2,A05260,11,rent,24,0.4,bachelor,1619.0,0.69,0.05,141,0.83,0.25,0.24,0,0,0,3,0,0.0458,0.1895,0,Successful Borrower
U05261,21,High School,Employed,9348.0,3,A05261,30,none,1,0.44,highschool,4094.0,0.66,0.09,221,0.85,0.3,0.31,0,0,0,3,1,0.0,0.2185,0,Successful Borrower
U05262,26,Bachelor's,Student,4826.0,1,A05262,6,rent,18,0.61,bachelor,2909.0,0.55,0.13,56,0.71,0.33,0.52,0,0,0,1,0,0.0,0.3335,1,Defaulted
U05263,26,High School,Employed,7171.0,2,A05263,11,rent,4,0.56,highschool,3418.0,0.65,0.11,143,0.83,0.37,0.3,0,0,0,2,1,0.1499,0.2435,0,Successful Borrower
U05264,25,Master's,Student,2996.0,2,A05264,4,rent,11,0.59,master,1669.0,0.52,0.09,89,0.85,0.28,0.28,0,0,0,0,1,0.0482,0.206,0,Successful Borrower
U05265,21,Master's,Student,1585.0,2,A05265,3,rent,4,0.61,master,911.0,0.52,0.14,36,0.62,0.51,0.55,0,0,0,1,1,0.078,0.419,1,Defaulted
U05266,21,High School,Employed,7191.0,2,A05266,20,owner,4,0.44,highschool,3843.0,0.52,0.11,202,0.69,0.29,0.38,0,0,0,3,0,0.127,0.2925,1,Defaulted
U05267,25,Bachelor's,Employed,7819.0,2,A05267,35,rent,5,0.66,bachelor,3032.0,0.52,0.11,164,0.68,0.38,0.48,0,0,0,2,0,0.0195,0.3435,0,Successful Borrower
U05268,26,High School,Employed,12018.0,2,A05268,35,none,3,0.31,highschool,1758.0,0.39,0.1,325,0.85,0.26,0.26,0,0,0,2,1,0.0,0.1975,0,Successful Borrower
U05269,23,Bachelor's,Employed,8957.0,3,A05269,52,rent,7,0.56,bachelor,3658.0,0.54,0.07,205,0.79,0.32,0.49,0,0,0,3,0,0.0495,0.2865,1,Defaulted
U05270,23,Bachelor's,Employed,8469.0,2,A05270,58,rent,16,0.56,bachelor,2881.0,0.54,0.06,215,0.93,0.24,0.27,0,0,0,2,0,0.2453,0.161,0,Successful Borrower
U05271,21,Bachelor's,Employed,9773.0,3,A05271,10,rent,24,0.56,bachelor,1425.0,0.56,0.04,258,0.88,0.22,0.35,0,0,0,3,1,0.1506,0.1905,0,Successful Borrower
U05272,22,High School,Employed,8224.0,3,A05272,53,rent,21,0.48,highschool,2552.0,0.52,0.1,167,0.74,0.31,0.5,0,0,0,3,1,0.1956,0.3085,1,Defaulted
U05273,25,Bachelor's,Student,4603.0,3,A05273,4,rent,8,0.75,bachelor,1074.0,0.71,0.11,86,0.82,0.21,0.41,0,0,0,1,0,0.1741,0.2345,1,Defaulted
U05274,20,Bachelor's,Employed,7360.0,3,A05274,34,rent,21,0.41,bachelor,2413.0,0.58,0.06,193,0.9,0.19,0.3,0,0,0,3,0,0.1537,0.1665,0,Successful Borrower
U05275,20,Master's,Employed,6008.0,1,A05275,52,rent,17,0.62,master,2375.0,0.75,0.09,170,0.82,0.3,0.34,0,0,0,3,1,0.1145,0.2365,1,Defaulted
U05276,22,Master's,Employed,6844.0,2,A05276,29,rent,24,0.3,master,2608.0,0.83,0.05,198,0.84,0.27,0.46,0,0,0,2,0,0.0494,0.246,1,Defaulted
U05277,21,Bachelor's,Employed,7220.0,3,A05277,21,rent,8,0.53,bachelor,3304.0,0.66,0.09,162,0.85,0.22,0.24,0,0,0,2,1,0.0652,0.181,0,Successful Borrower
U05278,20,Bachelor's,Self-Employed,8290.0,2,A05278,34,rent,12,0.35,bachelor,2847.0,0.79,0.1,136,0.7,0.31,0.38,0,0,0,2,1,0.0407,0.2925,1,Defaulted
U05279,22,PhD,Student,3920.0,1,A05279,12,none,0,0.5,phd,1454.0,0.85,0.05,141,0.94,0.21,0.16,0,0,0,3,0,0.1399,0.121,0,Successful Borrower
U05280,23,Bachelor's,Employed,4766.0,2,A05280,36,owner,2,0.41,bachelor,2615.0,0.63,0.1,168,0.8,0.25,0.32,0,0,0,2,0,0.1558,0.2275,0,Successful Borrower
U05281,22,High School,Student,2389.0,2,A05281,4,none,0,0.41,highschool,1412.0,0.63,0.12,97,0.73,0.36,0.34,0,1,0,2,0,0.0,0.2875,1,Defaulted
U05282,23,Bachelor's,Employed,6626.0,2,A05282,15,rent,12,0.53,bachelor,2812.0,0.58,0.09,161,0.73,0.33,0.56,0,0,0,3,0,0.1378,0.3305,0,Successful Borrower
U05283,20,Bachelor's,Employed,8592.0,1,A05283,29,rent,12,0.81,bachelor,3514.0,0.64,0.07,155,0.75,0.28,0.34,0,0,0,3,0,0.0246,0.253,0,Successful Borrower
U05284,22,High School,Student,2483.0,1,A05284,2,none,4,0.55,highschool,1979.0,0.67,0.19,31,0.59,0.46,0.55,0,0,0,2,0,0.0792,0.4245,1,Defaulted
U05285,20,Bachelor's,Employed,7367.0,3,A05285,9,rent,18,0.3,bachelor,2689.0,0.6,0.07,132,0.82,0.33,0.36,0,0,0,2,0,0.0,0.246,0,Successful Borrower
U05286,26,High School,Employed,9781.0,2,A05286,18,rent,10,0.61,highschool,3528.0,0.62,0.1,214,0.71,0.29,0.47,0,0,0,3,2,0.0,0.3065,0,Successful Borrower
U05287,22,Master's,Employed,9607.0,2,A05287,13,none,0,0.64,master,4069.0,0.62,0.07,193,0.88,0.21,0.23,0,0,0,3,1,0.0722,0.1625,0,Successful Borrower
U05288,24,Diploma,Employed,8852.0,2,A05288,35,rent,13,0.64,cert,2948.0,0.69,0.06,222,0.82,0.27,0.33,0,0,0,2,1,0.1566,0.222,0,Successful Borrower
U05289,21,Master's,Self-Employed,7642.0,2,A05289,3,rent,23,0.3,master,4482.0,0.58,0.17,182,0.71,0.27,0.36,0,0,0,2,0,0.0,0.2845,1,Defaulted
U05290,25,Master's,Employed,8356.0,2,A05290,23,rent,24,0.68,master,3041.0,0.4,0.06,238,0.81,0.28,0.2,0,0,0,1,2,0.1298,0.1955,0,Successful Borrower
U05291,20,Master's,Employed,10568.0,3,A05291,40,rent,11,0.54,master,1121.0,0.59,0.03,278,0.94,0.16,0.16,0,0,0,3,0,0.0733,0.1055,0,Successful Borrower
U05292,21,High School,Employed,8497.0,2,A05292,14,rent,21,0.62,highschool,4634.0,0.66,0.12,152,0.71,0.26,0.51,0,0,0,2,0,0.0223,0.312,1,Defaulted
U05293,22,Master's,Self-Employed,9836.0,1,A05293,31,owner,4,0.38,master,5026.0,0.54,0.23,150,0.58,0.42,0.65,0,0,0,3,1,0.0,0.449,1,Defaulted
U05294,22,High School,Employed,8025.0,2,A05294,13,owner,3,0.7,highschool,5374.0,0.51,0.16,102,0.67,0.39,0.51,0,0,0,2,1,0.1771,0.3645,0,Successful Borrower
U05295,21,Master's,Employed,5297.0,2,A05295,58,rent,21,0.47,master,2199.0,0.63,0.11,145,0.78,0.28,0.41,0,0,0,1,1,0.0491,0.266,0,Successful Borrower
U05296,20,High School,Student,3698.0,3,A05296,6,none,2,0.5,highschool,1327.0,0.62,0.07,103,0.78,0.32,0.41,0,0,0,3,0,0.1251,0.27,1,Defaulted
U05297,25,Master's,Employed,9739.0,3,A05297,30,owner,3,0.66,master,3651.0,0.64,0.06,199,0.81,0.23,0.29,0,0,0,3,1,0.0901,0.2055,0,Successful Borrower
U05298,26,Diploma,Unemployed,2814.0,2,A05298,4,rent,13,0.37,cert,1727.0,0.57,0.16,0,0.63,0.45,0.39,0,0,0,1,0,0.0249,0.3635,1,Defaulted
U05299,20,Master's,Student,2595.0,1,A05299,7,rent,23,0.4,master,1301.0,0.67,0.18,43,0.6,0.36,0.59,0,0,0,1,0,0.1085,0.4045,0,Successful Borrower
U05300,25,Bachelor's,Unemployed,1667.0,2,A05300,1,rent,23,0.49,bachelor,991.0,0.63,0.2,11,0.56,0.65,0.6,0,0,0,0,3,0.1876,0.4965,1,Defaulted
U05301,21,Diploma,Self-Employed,6627.0,3,A05301,56,owner,3,0.46,cert,2595.0,0.62,0.15,148,0.84,0.2,0.18,0,0,0,2,1,0.0519,0.1735,0,Successful Borrower
U05302,23,PhD,Student,5011.0,3,A05302,8,rent,18,0.32,phd,1660.0,0.66,0.06,150,0.78,0.26,0.45,0,0,0,2,0,0.0435,0.2635,1,Defaulted
U05303,26,Bachelor's,Employed,9358.0,1,A05303,12,owner,0,0.9,bachelor,2146.0,0.49,0.04,249,0.91,0.27,0.2,0,0,0,2,1,0.1158,0.155,1,Defaulted
U05304,22,High School,Unemployed,1759.0,2,A05304,4,none,3,0.35,highschool,1534.0,0.58,0.22,0,0.56,0.6,0.61,0,0,0,0,1,0.1555,0.4895,1,Defaulted
U05305,21,Bachelor's,Employed,10772.0,2,A05305,59,none,1,0.32,bachelor,5313.0,0.67,0.07,253,0.77,0.31,0.35,0,0,0,1,1,0.0762,0.256,0,Successful Borrower
U05306,24,Bachelor's,Employed,6695.0,3,A05306,14,owner,3,0.71,bachelor,1836.0,0.68,0.02,268,1.0,0.14,0.19,0,0,0,3,1,0.0,0.0855,0,Successful Borrower
U05307,26,Master's,Self-Employed,10752.0,1,A05307,3,none,2,0.44,master,3601.0,0.63,0.16,196,0.69,0.4,0.49,0,0,0,3,0,0.2578,0.355,1,Defaulted
U05308,21,Master's,Student,3788.0,3,A05308,11,none,3,0.51,master,1793.0,0.8,0.1,99,0.73,0.26,0.35,0,0,0,3,1,0.0,0.262,0,Successful Borrower
U05309,25,Master's,Student,4241.0,3,A05309,10,owner,2,0.3,master,2288.0,0.54,0.06,71,0.77,0.31,0.28,0,0,0,2,0,0.1948,0.237,0,Successful Borrower
U05310,21,Bachelor's,Student,3312.0,3,A05310,4,rent,15,0.46,bachelor,1241.0,0.49,0.02,125,0.79,0.32,0.17,0,0,0,3,0,0.0438,0.199,0,Successful Borrower
U05311,24,Master's,Employed,9256.0,2,A05311,50,none,1,0.44,master,5229.0,0.61,0.14,144,0.65,0.29,0.59,0,0,0,2,1,0.051,0.3635,1,Defaulted
U05312,22,High School,Self-Employed,10419.0,1,A05312,34,owner,0,0.77,highschool,4110.0,0.6,0.11,238,0.73,0.34,0.36,0,0,0,3,0,0.0647,0.286,0,Successful Borrower
U05313,21,Master's,Student,2438.0,2,A05313,9,none,4,0.33,master,1315.0,0.55,0.13,102,0.61,0.44,0.53,0,0,0,3,0,0.1215,0.3985,1,Defaulted
U05314,21,PhD,Student,2945.0,1,A05314,3,rent,21,0.4,phd,2055.0,0.69,0.15,56,0.7,0.34,0.49,0,0,0,1,1,0.1012,0.335,0,Successful Borrower
U05315,26,Master's,Employed,7844.0,1,A05315,47,rent,18,0.57,master,2168.0,0.59,0.02,253,0.95,0.24,0.12,0,0,1,3,0,0.0434,0.1105,0,Successful Borrower
U05316,24,Diploma,Student,1200.0,2,A05316,0,owner,2,0.46,cert,501.0,0.61,0.11,61,0.69,0.35,0.38,0,0,0,3,0,0.1111,0.3075,1,Defaulted
U05317,20,Master's,Self-Employed,6404.0,1,A05317,15,none,3,0.58,master,1672.0,0.49,0.12,148,0.89,0.19,0.19,0,0,0,2,1,0.1299,0.1515,0,Successful Borrower
U05318,21,High School,Employed,6873.0,3,A05318,35,rent,24,0.45,highschool,2644.0,0.79,0.03,200,0.93,0.1,0.16,0,0,0,2,1,0.0,0.094,0,Successful Borrower
U05319,22,Bachelor's,Unemployed,2754.0,1,A05319,5,owner,0,0.41,bachelor,1441.0,0.68,0.12,82,0.71,0.44,0.5,0,0,0,1,1,0.1332,0.3545,1,Defaulted
U05320,21,Diploma,Student,4288.0,3,A05320,3,rent,8,0.3,cert,1803.0,0.61,0.05,108,0.74,0.27,0.35,0,0,1,3,0,0.0717,0.2535,0,Successful Borrower
U05321,23,Diploma,Employed,9106.0,3,A05321,55,owner,1,0.47,cert,4935.0,0.58,0.1,159,0.83,0.3,0.32,0,0,0,3,0,0.0875,0.2295,0,Successful Borrower
U05322,22,Master's,Employed,9767.0,3,A05322,18,rent,18,0.49,master,3337.0,0.7,0.04,209,0.96,0.15,0.14,0,0,0,3,1,0.0,0.0925,0,Successful Borrower
U05323,20,High School,Self-Employed,5958.0,3,A05323,3,rent,16,0.32,highschool,2711.0,0.66,0.13,162,0.75,0.33,0.44,0,0,0,3,1,0.0672,0.2995,0,Successful Borrower
U05324,20,PhD,Self-Employed,3398.0,2,A05324,46,rent,10,0.4,phd,1740.0,0.6,0.13,99,0.7,0.47,0.37,0,0,0,2,0,0.1876,0.3345,0,Successful Borrower
U05325,21,Diploma,Student,3068.0,1,A05325,4,owner,3,0.32,cert,1251.0,0.7,0.07,85,0.76,0.3,0.47,0,0,0,3,0,0.158,0.287,0,Successful Borrower
U05326,26,High School,Employed,9460.0,2,A05326,36,rent,22,0.51,highschool,2055.0,0.58,0.03,192,0.89,0.22,0.2,0,0,0,1,1,0.0651,0.148,0,Successful Borrower
U05327,26,Bachelor's,Self-Employed,10254.0,2,A05327,42,rent,24,0.65,bachelor,3978.0,0.42,0.2,185,0.64,0.41,0.45,0,0,0,3,1,0.0458,0.371,1,Defaulted
U05328,24,Diploma,Self-Employed,7681.0,3,A05328,49,rent,13,0.41,cert,3321.0,0.55,0.21,166,0.76,0.34,0.35,0,0,0,3,1,0.0818,0.288,0,Successful Borrower
U05329,26,Diploma,Employed,8245.0,3,A05329,19,rent,4,0.63,cert,4490.0,0.61,0.12,123,0.81,0.22,0.43,0,0,0,3,0,0.105,0.247,0,Successful Borrower
U05330,25,Bachelor's,Student,4547.0,3,A05330,5,none,2,0.41,bachelor,3072.0,0.64,0.18,42,0.58,0.45,0.68,0,1,0,2,1,0.0387,0.4565,0,Successful Borrower
U05331,23,Master's,Self-Employed,6178.0,1,A05331,10,owner,3,0.46,master,2161.0,0.45,0.11,128,1.0,0.08,0.18,0,0,0,2,1,0.0969,0.0815,0,Successful Borrower
U05332,24,Bachelor's,Employed,7670.0,1,A05332,7,rent,12,0.55,bachelor,1782.0,0.7,0.04,177,0.84,0.19,0.25,0,0,0,2,0,0.0575,0.172,0,Successful Borrower
U05333,21,Bachelor's,Employed,7075.0,3,A05333,18,rent,11,0.49,bachelor,4575.0,0.58,0.16,145,0.61,0.37,0.56,0,0,0,3,0,0.055,0.393,1,Defaulted
U05334,24,Bachelor's,Student,4297.0,2,A05334,7,rent,4,0.45,bachelor,2529.0,0.66,0.09,94,0.84,0.21,0.27,0,0,0,2,0,0.0457,0.1895,0,Successful Borrower
U05335,20,Master's,Unemployed,2827.0,1,A05335,4,rent,7,0.72,master,1998.0,0.53,0.23,109,0.58,0.49,0.55,0,0,0,2,0,0.0393,0.4415,1,Defaulted
U05336,20,Bachelor's,Unemployed,2366.0,1,A05336,3,rent,14,0.59,bachelor,1356.0,0.68,0.16,20,0.73,0.46,0.34,0,0,0,1,0,0.1358,0.3185,0,Successful Borrower
U05337,22,Bachelor's,Employed,8532.0,1,A05337,21,owner,3,0.71,bachelor,3303.0,0.57,0.09,220,0.75,0.37,0.57,0,0,0,2,2,0.1502,0.336,1,Defaulted
U05338,24,Diploma,Employed,7091.0,1,A05338,43,rent,19,0.53,cert,2939.0,0.56,0.06,167,0.95,0.14,0.26,0,0,0,3,0,0.0,0.1265,1,Defaulted
U05339,23,Master's,Employed,4583.0,3,A05339,36,none,0,0.46,master,2728.0,0.74,0.12,94,0.75,0.34,0.36,0,0,0,1,0,0.0416,0.2805,1,Defaulted
U05340,25,Bachelor's,Employed,8176.0,2,A05340,30,owner,1,0.62,bachelor,4398.0,0.49,0.15,144,0.72,0.38,0.45,0,1,0,3,1,0.0,0.328,1,Defaulted
U05341,21,Bachelor's,Unemployed,2434.0,1,A05341,2,rent,4,0.61,bachelor,963.0,0.57,0.15,92,0.75,0.41,0.28,0,0,0,2,1,0.1786,0.2825,0,Successful Borrower
U05342,22,High School,Student,3013.0,2,A05342,0,rent,10,0.47,highschool,728.0,0.78,0.06,89,0.93,0.28,0.34,0,0,0,2,1,0.0893,0.1885,0,Successful Borrower
U05343,23,High School,Student,3623.0,2,A05343,1,none,0,0.38,highschool,1513.0,0.58,0.07,61,0.62,0.43,0.54,0,0,0,2,1,0.0436,0.386,1,Defaulted
U05344,23,Bachelor's,Employed,9038.0,2,A05344,8,rent,23,0.69,bachelor,2832.0,0.58,0.03,214,0.88,0.29,0.25,0,0,0,3,0,0.1576,0.1815,0,Successful Borrower
U05345,20,Bachelor's,Self-Employed,8209.0,3,A05345,35,rent,20,0.48,bachelor,3353.0,0.45,0.14,150,0.76,0.3,0.31,0,0,0,2,2,0.1347,0.2575,0,Successful Borrower
U05346,23,High School,Employed,6798.0,2,A05346,27,none,1,0.41,highschool,2214.0,0.53,0.02,205,0.97,0.18,0.03,0,0,0,2,0,0.0,0.066,0,Successful Borrower
U05347,21,Bachelor's,Employed,5958.0,2,A05347,48,rent,8,0.56,bachelor,2757.0,0.58,0.08,130,0.9,0.28,0.37,0,0,0,3,1,0.2248,0.2095,0,Successful Borrower
U05348,24,Master's,Student,3275.0,3,A05348,1,rent,6,0.4,master,1846.0,0.67,0.16,97,0.7,0.39,0.5,0,1,0,2,1,0.0109,0.3515,0,Successful Borrower
U05349,21,Diploma,Employed,8938.0,2,A05349,31,rent,4,0.34,cert,3632.0,0.66,0.11,193,0.81,0.25,0.28,0,0,0,2,1,0.0269,0.2155,0,Successful Borrower
U05350,24,Master's,Student,4044.0,3,A05350,1,none,3,0.48,master,944.0,0.47,0.09,157,0.76,0.3,0.46,0,0,0,2,0,0.0,0.2875,0,Successful Borrower
U05351,24,High School,Self-Employed,8583.0,2,A05351,16,rent,20,0.4,highschool,4322.0,0.72,0.19,92,0.8,0.32,0.31,0,0,0,3,0,0.0833,0.256,1,Defaulted
U05352,23,Bachelor's,Employed,6426.0,1,A05352,8,rent,23,0.41,bachelor,1334.0,0.56,0.03,184,0.87,0.27,0.37,0,0,0,2,1,0.041,0.21,0,Successful Borrower
U05353,25,Bachelor's,Employed,9015.0,3,A05353,37,owner,3,0.43,bachelor,2260.0,0.52,0.09,223,0.87,0.32,0.2,0,0,0,3,0,0.0575,0.189,0,Successful Borrower
U05354,21,Master's,Self-Employed,5228.0,2,A05354,11,rent,6,0.45,master,2740.0,0.61,0.2,109,0.6,0.43,0.56,0,0,0,3,1,0.0507,0.4175,1,Defaulted
U05355,21,Bachelor's,Unemployed,2055.0,1,A05355,0,rent,12,0.53,bachelor,820.0,0.69,0.15,44,0.74,0.3,0.36,0,0,0,3,1,0.0487,0.2785,1,Defaulted
U05356,20,Master's,Employed,7636.0,2,A05356,9,none,0,0.33,master,2672.0,0.61,0.05,174,0.84,0.28,0.32,0,0,0,3,0,0.1448,0.2135,0,Successful Borrower
U05357,24,PhD,Employed,9183.0,1,A05357,50,rent,4,0.53,phd,4612.0,0.59,0.13,194,0.75,0.32,0.38,0,0,0,2,1,0.0812,0.282,0,Successful Borrower
U05358,24,Master's,Employed,5176.0,3,A05358,20,rent,21,0.67,master,1716.0,0.47,0.02,147,0.88,0.3,0.34,0,0,0,2,0,0.2213,0.205,0,Successful Borrower
U05359,23,Bachelor's,Self-Employed,10666.0,1,A05359,12,owner,1,0.65,bachelor,3425.0,0.47,0.14,226,0.89,0.19,0.28,0,0,0,2,0,0.1039,0.177,1,Defaulted
U05360,25,Bachelor's,Employed,7444.0,2,A05360,56,rent,6,0.72,bachelor,3192.0,0.63,0.08,151,0.81,0.3,0.16,0,0,0,3,0,0.1308,0.1935,0,Successful Borrower
U05361,23,Bachelor's,Employed,7043.0,3,A05361,22,owner,3,0.48,bachelor,3805.0,0.44,0.15,122,0.7,0.41,0.45,0,0,0,3,1,0.0824,0.3425,1,Defaulted
U05362,22,Bachelor's,Self-Employed,10861.0,1,A05362,51,owner,4,0.36,bachelor,1139.0,0.49,0.11,276,1.0,0.13,0.0,0,0,0,3,0,0.0,0.049,0,Successful Borrower
U05363,25,Bachelor's,Self-Employed,10326.0,2,A05363,42,rent,11,0.52,bachelor,2849.0,0.39,0.15,184,0.76,0.26,0.37,0,0,0,2,1,0.064,0.264,0,Successful Borrower
U05364,21,Bachelor's,Self-Employed,10133.0,1,A05364,58,rent,8,0.63,bachelor,4653.0,0.51,0.17,145,0.69,0.31,0.5,0,0,0,3,1,0.1182,0.3365,0,Successful Borrower
U05365,23,Diploma,Student,4479.0,2,A05365,6,rent,7,0.58,cert,1915.0,0.62,0.05,75,0.73,0.34,0.34,0,0,0,1,1,0.0708,0.272,0,Successful Borrower
U05366,23,Diploma,Student,3870.0,1,A05366,0,none,4,0.65,cert,1442.0,0.67,0.07,49,0.79,0.26,0.28,0,0,0,1,0,0.0635,0.219,1,Defaulted
U05367,23,Master's,Employed,8847.0,2,A05367,52,rent,7,0.74,master,4399.0,0.48,0.09,151,0.83,0.32,0.29,0,0,0,2,0,0.151,0.2255,0,Successful Borrower
U05368,20,Bachelor's,Unemployed,2176.0,3,A05368,2,rent,4,0.33,bachelor,1164.0,0.67,0.2,97,0.62,0.58,0.62,0,1,0,2,3,0.1778,0.463,1,Defaulted
U05369,24,Diploma,Student,2924.0,2,A05369,4,none,4,0.71,cert,372.0,0.55,0.02,113,0.91,0.21,0.17,0,0,0,3,0,0.125,0.1295,0,Successful Borrower
U05370,22,Master's,Employed,9314.0,1,A05370,47,rent,18,0.73,master,2728.0,0.6,0.07,193,0.91,0.2,0.27,0,0,0,3,0,0.0194,0.1595,0,Successful Borrower
U05371,23,Diploma,Self-Employed,6258.0,3,A05371,37,rent,15,0.3,cert,2728.0,0.68,0.13,129,0.82,0.3,0.27,0,0,0,2,0,0.1354,0.225,0,Successful Borrower
U05372,21,High School,Self-Employed,8965.0,3,A05372,43,owner,0,0.35,highschool,2798.0,0.53,0.11,192,0.95,0.17,0.06,0,0,0,2,1,0.0,0.0915,0,Successful Borrower
U05373,23,Bachelor's,Student,2046.0,2,A05373,2,rent,4,0.5,bachelor,1179.0,0.54,0.16,101,0.64,0.43,0.53,0,0,1,2,0,0.1429,0.39,1,Defaulted
U05374,24,Bachelor's,Employed,10054.0,1,A05374,46,rent,21,0.66,bachelor,2586.0,0.63,0.07,257,0.89,0.2,0.23,0,0,0,2,1,0.0,0.1565,0,Successful Borrower
U05375,24,Master's,Self-Employed,7228.0,2,A05375,22,rent,22,0.37,master,3602.0,0.45,0.19,138,0.69,0.39,0.47,0,0,0,2,0,0.0,0.352,1,Defaulted
U05376,23,Diploma,Self-Employed,9531.0,2,A05376,32,owner,0,0.68,cert,3171.0,0.7,0.14,203,0.88,0.22,0.25,0,0,0,2,0,0.0842,0.1805,0,Successful Borrower
U05377,23,Bachelor's,Student,3817.0,1,A05377,6,rent,9,0.58,bachelor,3242.0,0.67,0.24,14,0.57,0.45,0.59,0,0,0,1,1,0.0054,0.4465,1,Defaulted
U05378,21,Master's,Employed,6853.0,2,A05378,10,none,1,0.55,master,1877.0,0.59,0.04,168,0.83,0.31,0.24,0,0,0,3,0,0.1309,0.203,0,Successful Borrower
U05379,22,Diploma,Employed,7189.0,2,A05379,15,none,0,0.43,cert,2900.0,0.48,0.1,76,0.86,0.27,0.29,0,0,0,2,0,0.0545,0.204,0,Successful Borrower
U05380,23,High School,Student,3577.0,3,A05380,11,rent,20,0.6,highschool,1808.0,0.68,0.09,91,0.71,0.34,0.45,0,0,0,2,1,0.0937,0.3125,1,Defaulted
U05381,26,High School,Self-Employed,7552.0,1,A05381,18,owner,2,0.69,highschool,4945.0,0.63,0.25,85,0.59,0.54,0.44,0,0,0,2,1,0.0,0.426,1,Defaulted
U05382,23,Bachelor's,Student,3588.0,1,A05382,5,none,0,0.42,bachelor,1926.0,0.71,0.14,98,0.7,0.29,0.37,0,0,0,3,1,0.0795,0.291,0,Successful Borrower
U05383,24,Diploma,Self-Employed,8214.0,1,A05383,8,rent,22,0.58,cert,3917.0,0.6,0.22,79,0.57,0.41,0.61,0,0,0,1,1,0.1523,0.4385,1,Defaulted
U05384,24,Bachelor's,Student,2223.0,1,A05384,1,none,0,0.3,bachelor,755.0,0.67,0.07,6,0.91,0.26,0.13,0,0,0,2,0,0.0,0.1395,0,Successful Borrower
U05385,23,Master's,Employed,8769.0,2,A05385,32,none,3,0.65,master,4000.0,0.62,0.05,227,0.87,0.35,0.28,0,0,0,3,0,0.0,0.2105,0,Successful Borrower
U05386,20,High School,Self-Employed,9330.0,1,A05386,4,owner,0,0.44,highschool,4306.0,0.47,0.22,190,0.69,0.35,0.5,0,0,1,2,0,0.1946,0.354,0,Successful Borrower
U05387,23,Master's,Student,3353.0,3,A05387,10,rent,10,0.76,master,1669.0,0.6,0.13,134,0.72,0.38,0.47,0,0,0,2,2,0.0422,0.33,1,Defaulted
U05388,20,Master's,Employed,10215.0,2,A05388,47,rent,7,0.47,master,3794.0,0.55,0.07,207,1.0,0.22,0.23,0,0,0,2,0,0.0352,0.123,0,Successful Borrower
U05389,20,Bachelor's,Employed,6877.0,1,A05389,59,rent,12,0.6,bachelor,4409.0,0.64,0.13,104,0.65,0.35,0.48,0,0,0,3,1,0.0,0.3495,1,Defaulted
U05390,24,Master's,Employed,7470.0,1,A05390,47,owner,4,0.72,master,3321.0,0.44,0.07,177,0.9,0.18,0.27,0,0,0,3,0,0.0259,0.158,0,Successful Borrower
U05391,21,High School,Employed,8749.0,2,A05391,60,rent,15,0.67,highschool,3669.0,0.55,0.02,205,0.98,0.15,0.26,0,0,0,3,0,0.0,0.1125,0,Successful Borrower
U05392,20,Bachelor's,Employed,6023.0,1,A05392,27,rent,8,0.44,bachelor,1574.0,0.67,0.07,188,0.89,0.26,0.34,0,0,0,2,0,0.0427,0.199,0,Successful Borrower
U05393,23,Bachelor's,Employed,9578.0,2,A05393,17,owner,2,0.39,bachelor,2234.0,0.53,0.03,257,0.86,0.3,0.24,0,0,0,3,0,0.0503,0.1885,0,Successful Borrower
U05394,25,Bachelor's,Self-Employed,9496.0,1,A05394,19,rent,13,0.55,bachelor,3378.0,0.43,0.14,225,0.78,0.22,0.35,0,0,0,2,0,0.0818,0.2405,0,Successful Borrower
U05395,24,Bachelor's,Unemployed,3636.0,3,A05395,4,rent,11,0.33,bachelor,1563.0,0.64,0.15,27,0.65,0.47,0.54,0,0,0,2,0,0.0219,0.3975,1,Defaulted
U05396,24,Bachelor's,Unemployed,3143.0,3,A05396,2,none,1,0.3,bachelor,1792.0,0.55,0.21,78,0.71,0.37,0.46,0,0,0,2,2,0.0188,0.3405,1,Defaulted
U05397,20,Master's,Employed,8460.0,2,A05397,44,rent,20,0.33,master,4448.0,0.65,0.09,259,0.81,0.24,0.34,0,0,0,3,1,0.104,0.225,0,Successful Borrower
U05398,22,Master's,Employed,6565.0,2,A05398,15,none,4,0.3,master,1934.0,0.54,0.05,172,0.82,0.34,0.34,0,0,0,2,1,0.087,0.2405,0,Successful Borrower
U05399,23,Diploma,Self-Employed,12009.0,2,A05399,59,owner,0,0.41,cert,3867.0,0.43,0.16,193,0.82,0.24,0.24,0,0,0,2,0,0.0996,0.207,0,Successful Borrower
U05400,25,Diploma,Employed,11264.0,2,A05400,16,owner,4,0.72,cert,3176.0,0.43,0.08,282,0.85,0.21,0.3,0,0,0,3,0,0.0615,0.192,0,Successful Borrower
U05401,25,Master's,Employed,7400.0,2,A05401,41,none,3,0.62,master,2191.0,0.5,0.06,176,0.91,0.22,0.31,0,0,0,3,0,0.0833,0.173,0,Successful Borrower
U05402,25,Bachelor's,Self-Employed,9411.0,3,A05402,51,rent,22,0.35,bachelor,2463.0,0.37,0.15,179,0.74,0.25,0.42,0,0,0,3,0,0.0656,0.281,1,Defaulted
U05403,24,Diploma,Employed,7821.0,2,A05403,11,rent,22,0.69,cert,1416.0,0.48,0.03,174,1.0,0.18,0.13,0,0,0,3,0,0.1103,0.082,0,Successful Borrower
U05404,25,Bachelor's,Employed,10304.0,1,A05404,28,owner,4,0.6,bachelor,4819.0,0.8,0.09,183,0.88,0.27,0.27,0,0,0,3,0,0.0,0.1905,0,Successful Borrower
U05405,26,Master's,Employed,8840.0,3,A05405,14,rent,21,0.64,master,1839.0,0.56,0.06,226,0.95,0.15,0.17,0,0,0,3,0,0.0631,0.1065,0,Successful Borrower
U05406,23,Diploma,Self-Employed,5590.0,3,A05406,6,rent,18,0.71,cert,3273.0,0.79,0.16,93,0.86,0.16,0.3,0,0,0,2,0,0.0005,0.188,0,Successful Borrower
U05407,26,Diploma,Self-Employed,8362.0,1,A05407,54,rent,20,0.53,cert,4103.0,0.58,0.19,122,0.58,0.41,0.64,0,0,0,2,2,0.0,0.438,0,Successful Borrower
U05408,22,Bachelor's,Employed,8323.0,3,A05408,30,rent,24,0.54,bachelor,3663.0,0.53,0.1,216,0.7,0.31,0.52,0,0,0,3,0,0.1826,0.3275,1,Defaulted
U05409,20,Bachelor's,Student,2969.0,3,A05409,12,rent,4,0.46,bachelor,1455.0,0.71,0.07,100,0.72,0.41,0.4,0,0,0,3,0,0.0667,0.311,0,Successful Borrower
U05410,26,Bachelor's,Employed,8897.0,2,A05410,60,owner,1,0.39,bachelor,1783.0,0.56,0.07,282,0.98,0.23,0.19,0,0,0,2,0,0.0886,0.1225,0,Successful Borrower
U05411,22,Bachelor's,Employed,8220.0,1,A05411,28,rent,20,0.57,bachelor,4020.0,0.49,0.08,164,0.78,0.34,0.32,0,0,0,3,0,0.1447,0.254,1,Defaulted
U05412,23,High School,Self-Employed,9713.0,2,A05412,23,rent,13,0.62,highschool,3326.0,0.49,0.12,178,0.83,0.25,0.25,0,0,0,2,0,0.0,0.2025,0,Successful Borrower
U05413,23,Master's,Self-Employed,7149.0,2,A05413,52,rent,21,0.35,master,1085.0,0.5,0.11,183,0.99,0.08,0.21,0,0,0,3,1,0.1898,0.0925,0,Successful Borrower
U05414,25,Diploma,Employed,8603.0,1,A05414,40,owner,1,0.52,cert,4299.0,0.6,0.11,208,0.8,0.25,0.34,0,0,0,2,1,0.1362,0.234,0,Successful Borrower
U05415,25,Bachelor's,Student,2719.0,1,A05415,1,rent,13,0.3,bachelor,2002.0,0.46,0.18,0,0.56,0.37,0.59,1,0,0,1,0,0.0999,0.421,1,Defaulted
U05416,21,Bachelor's,Employed,8665.0,2,A05416,16,rent,19,0.82,bachelor,993.0,0.62,0.1,267,0.98,0.2,0.0,0,0,0,3,0,0.0045,0.072,0,Successful Borrower
U05417,22,Bachelor's,Employed,8222.0,2,A05417,51,rent,17,0.55,bachelor,2264.0,0.37,0.03,230,0.89,0.22,0.29,0,0,0,2,0,0.053,0.1705,0,Successful Borrower
U05418,21,Bachelor's,Employed,9197.0,2,A05418,23,owner,2,0.72,bachelor,3369.0,0.65,0.05,190,0.79,0.32,0.43,0,0,0,3,0,0.0057,0.2685,0,Successful Borrower
U05419,20,Bachelor's,Unemployed,2449.0,3,A05419,5,rent,16,0.33,bachelor,1271.0,0.78,0.14,83,0.76,0.39,0.49,0,0,0,2,0,0.3208,0.325,0,Successful Borrower
U05420,20,High School,Self-Employed,8690.0,3,A05420,22,owner,3,0.57,highschool,3811.0,0.47,0.18,185,0.77,0.31,0.41,0,0,0,2,1,0.0556,0.2875,0,Successful Borrower
U05421,26,Bachelor's,Student,4101.0,2,A05421,0,rent,10,0.45,bachelor,1617.0,0.66,0.13,68,0.66,0.35,0.59,0,0,0,1,0,0.1075,0.3735,1,Defaulted
U05422,26,Diploma,Employed,9303.0,1,A05422,39,rent,20,0.3,cert,631.0,0.73,0.09,261,0.89,0.24,0.21,0,0,0,2,0,0.1185,0.1645,0,Successful Borrower
U05423,23,Diploma,Self-Employed,6737.0,3,A05423,4,rent,9,0.53,cert,3434.0,0.67,0.18,94,0.9,0.23,0.23,0,0,0,3,1,0.0182,0.177,0,Successful Borrower
U05424,20,Bachelor's,Student,2955.0,2,A05424,1,rent,6,0.3,bachelor,1362.0,0.57,0.05,117,0.95,0.22,0.22,0,0,1,3,0,0.0958,0.135,0,Successful Borrower
U05425,20,High School,Employed,7096.0,2,A05425,37,rent,15,0.48,highschool,4343.0,0.8,0.09,100,0.85,0.32,0.29,0,0,0,2,0,0.1086,0.2185,0,Successful Borrower
U05426,24,Master's,Self-Employed,6321.0,3,A05426,4,rent,5,0.41,master,3597.0,0.58,0.22,113,0.72,0.28,0.53,0,0,0,3,2,0.2162,0.3335,1,Defaulted
U05427,22,High School,Self-Employed,9624.0,2,A05427,25,rent,15,0.55,highschool,2539.0,0.43,0.15,238,0.77,0.34,0.49,0,0,0,2,1,0.0,0.3105,1,Defaulted
U05428,24,PhD,Student,4395.0,2,A05428,9,rent,12,0.4,phd,2252.0,0.68,0.15,59,0.61,0.41,0.52,0,0,0,1,0,0.0692,0.3915,1,Defaulted
U05429,21,Diploma,Employed,9341.0,2,A05429,11,owner,0,0.42,cert,4872.0,0.53,0.19,159,0.7,0.38,0.64,0,0,0,2,1,0.0,0.3885,1,Defaulted
U05430,26,Master's,Employed,6862.0,3,A05430,43,rent,8,0.45,master,3093.0,0.58,0.08,141,0.87,0.18,0.37,0,0,0,2,0,0.0747,0.195,0,Successful Borrower
U05431,22,High School,Employed,8308.0,1,A05431,33,rent,5,0.64,highschool,2879.0,0.68,0.06,217,0.67,0.41,0.51,0,0,0,2,0,0.0513,0.3545,0,Successful Borrower
U05432,26,Bachelor's,Employed,7749.0,2,A05432,48,rent,24,0.62,bachelor,2116.0,0.43,0.08,179,0.73,0.37,0.46,0,0,0,2,0,0.0154,0.314,0,Successful Borrower
U05433,21,Bachelor's,Student,3821.0,2,A05433,12,rent,19,0.62,bachelor,2324.0,0.62,0.15,74,0.67,0.41,0.47,1,0,0,1,0,0.1738,0.358,0,Successful Borrower
U05434,20,Bachelor's,Self-Employed,5620.0,3,A05434,49,rent,18,0.53,bachelor,3085.0,0.62,0.19,116,0.65,0.38,0.48,0,0,0,2,0,0.0846,0.366,1,Defaulted
U05435,21,Master's,Student,3207.0,3,A05435,6,rent,4,0.62,master,1110.0,0.63,0.03,104,0.98,0.18,0.02,0,0,0,3,0,0.1099,0.0615,0,Successful Borrower
U05436,21,Diploma,Self-Employed,9313.0,1,A05436,29,owner,1,0.41,cert,3941.0,0.32,0.16,165,0.58,0.4,0.66,0,0,0,3,0,0.1395,0.436,1,Defaulted
U05437,21,High School,Self-Employed,6233.0,3,A05437,52,rent,7,0.78,highschool,2939.0,0.68,0.19,185,0.84,0.25,0.35,0,0,0,2,0,0.0826,0.2345,0,Successful Borrower
U05438,24,Diploma,Employed,7096.0,2,A05438,16,owner,4,0.39,cert,2686.0,0.51,0.08,168,0.86,0.26,0.22,0,0,0,2,0,0.1026,0.181,0,Successful Borrower
U05439,21,High School,Student,5202.0,2,A05439,5,rent,21,0.32,highschool,2759.0,0.52,0.08,93,0.81,0.26,0.36,0,0,0,3,3,0.1135,0.2335,0,Successful Borrower
U05440,24,Master's,Employed,8149.0,3,A05440,34,owner,1,0.43,master,3792.0,0.59,0.12,123,0.71,0.38,0.52,0,0,0,3,2,0.0172,0.3445,1,Defaulted
U05441,23,Bachelor's,Employed,10574.0,3,A05441,51,rent,24,0.62,bachelor,6342.0,0.58,0.19,112,0.56,0.52,0.67,0,0,0,2,2,0.0876,0.48,1,Defaulted
U05442,25,High School,Student,5051.0,2,A05442,3,rent,8,0.61,highschool,2774.0,0.59,0.1,99,0.76,0.3,0.26,0,0,0,3,0,0.0841,0.239,1,Defaulted
U05443,21,Diploma,Employed,4915.0,1,A05443,27,rent,14,0.78,cert,1550.0,0.54,0.02,111,1.0,0.06,0.1,0,0,0,3,0,0.2183,0.043,0,Successful Borrower
U05444,24,Bachelor's,Unemployed,2558.0,3,A05444,0,none,3,0.36,bachelor,1412.0,0.57,0.14,42,0.67,0.45,0.51,0,0,0,0,0,0.016,0.3765,0,Successful Borrower
U05445,23,High School,Employed,9323.0,2,A05445,15,owner,3,0.54,highschool,3801.0,0.43,0.09,195,0.78,0.23,0.3,0,0,0,3,0,0.1162,0.223,0,Successful Borrower
U05446,22,Master's,Employed,8292.0,3,A05446,18,none,4,0.54,master,4670.0,0.48,0.13,188,0.71,0.26,0.34,0,0,0,3,0,0.0678,0.271,0,Successful Borrower
U05447,25,Master's,Employed,7727.0,1,A05447,40,rent,18,0.69,master,3583.0,0.59,0.06,143,0.91,0.26,0.23,0,0,0,3,0,0.1985,0.163,0,Successful Borrower
U05448,20,Master's,Self-Employed,12248.0,3,A05448,55,rent,15,0.55,master,3343.0,0.7,0.19,285,0.79,0.33,0.36,0,0,0,2,0,0.0,0.2745,0,Successful Borrower
U05449,21,Bachelor's,Employed,9841.0,2,A05449,39,owner,0,0.4,bachelor,6018.0,0.64,0.21,120,0.63,0.44,0.59,0,0,0,2,0,0.0714,0.4185,1,Defaulted
U05450,23,Bachelor's,Unemployed,2022.0,3,A05450,1,none,3,0.4,bachelor,1176.0,0.67,0.19,17,0.73,0.47,0.45,0,0,0,1,0,0.0043,0.353,0,Successful Borrower
U05451,24,High School,Student,4870.0,1,A05451,3,none,1,0.48,highschool,2218.0,0.64,0.05,114,0.71,0.33,0.41,0,0,0,3,0,0.1423,0.294,1,Defaulted
U05452,20,Master's,Self-Employed,10222.0,2,A05452,9,none,4,0.74,master,5221.0,0.84,0.19,159,0.7,0.37,0.46,0,0,1,3,0,0.0,0.341,0,Successful Borrower
U05453,26,Bachelor's,Employed,9934.0,2,A05453,31,none,1,0.43,bachelor,3728.0,0.59,0.07,289,0.91,0.17,0.26,0,0,0,3,0,0.0,0.1495,0,Successful Borrower
U05454,22,Bachelor's,Employed,6472.0,2,A05454,12,rent,24,0.65,bachelor,2037.0,0.67,0.06,145,0.79,0.37,0.44,0,0,0,2,2,0.2821,0.285,0,Successful Borrower
U05455,21,Bachelor's,Employed,10828.0,2,A05455,38,rent,6,0.47,bachelor,4411.0,0.62,0.06,233,0.87,0.27,0.23,0,0,0,1,0,0.0211,0.1795,0,Successful Borrower
U05456,26,Bachelor's,Student,2992.0,1,A05456,12,rent,23,0.52,bachelor,1453.0,0.83,0.06,107,1.0,0.21,0.07,0,0,0,3,0,0.1123,0.079,0,Successful Borrower
U05457,22,Bachelor's,Self-Employed,9355.0,3,A05457,21,owner,0,0.78,bachelor,4249.0,0.57,0.19,180,0.69,0.4,0.49,0,0,1,2,0,0.1079,0.3595,0,Successful Borrower
U05458,25,Bachelor's,Student,4124.0,2,A05458,1,rent,22,0.54,bachelor,1563.0,0.59,0.05,43,0.88,0.27,0.22,0,0,0,1,0,0.0,0.172,0,Successful Borrower
U05459,26,Bachelor's,Employed,7002.0,3,A05459,34,rent,8,0.75,bachelor,1331.0,0.56,0.1,194,0.88,0.28,0.4,0,0,0,3,0,0.0,0.227,0,Successful Borrower
U05460,23,High School,Employed,6993.0,2,A05460,8,rent,21,0.63,highschool,2642.0,0.57,0.08,167,0.68,0.37,0.51,0,0,0,3,0,0.0499,0.344,0,Successful Borrower
U05461,21,Bachelor's,Unemployed,1894.0,2,A05461,4,rent,23,0.33,bachelor,1286.0,0.61,0.23,61,0.56,0.65,0.75,0,0,0,1,3,0.1138,0.5385,1,Defaulted
U05462,25,Bachelor's,Employed,9907.0,1,A05462,14,owner,2,0.44,bachelor,5781.0,0.42,0.19,140,0.61,0.44,0.52,0,0,1,3,0,0.0,0.405,1,Defaulted
U05463,21,Bachelor's,Self-Employed,5758.0,2,A05463,49,rent,12,0.64,bachelor,2514.0,0.56,0.12,81,0.83,0.22,0.31,0,0,0,2,1,0.1816,0.21,0,Successful Borrower
U05464,20,Diploma,Student,1987.0,3,A05464,2,owner,3,0.65,cert,1063.0,0.65,0.05,94,0.81,0.26,0.37,0,0,0,3,0,0.056,0.2315,0,Successful Borrower
U05465,25,Master's,Employed,8056.0,1,A05465,32,rent,18,0.59,master,2822.0,0.61,0.08,168,0.79,0.37,0.3,0,0,0,3,0,0.2209,0.253,0,Successful Borrower
U05466,21,Bachelor's,Self-Employed,8509.0,3,A05466,44,rent,4,0.3,bachelor,3234.0,0.73,0.12,157,0.88,0.27,0.17,0,0,0,3,0,0.086,0.17,1,Defaulted
U05467,20,Bachelor's,Employed,7683.0,1,A05467,43,rent,9,0.58,bachelor,2165.0,0.73,0.06,241,0.81,0.29,0.51,0,0,0,3,0,0.1083,0.2755,0,Successful Borrower
U05468,22,Bachelor's,Employed,8416.0,2,A05468,16,rent,16,0.4,bachelor,3210.0,0.76,0.06,223,0.92,0.17,0.18,0,0,0,3,1,0.0985,0.1245,0,Successful Borrower
U05469,22,Bachelor's,Employed,8397.0,3,A05469,49,rent,12,0.69,bachelor,3635.0,0.39,0.09,213,0.84,0.25,0.46,0,0,0,3,2,0.0865,0.247,1,Defaulted
U05470,25,PhD,Employed,10079.0,3,A05470,27,owner,4,0.36,phd,4796.0,0.59,0.08,224,0.73,0.3,0.44,0,0,0,2,1,0.015,0.2915,0,Successful Borrower
U05471,20,Diploma,Employed,7183.0,1,A05471,50,rent,15,0.49,cert,2707.0,0.7,0.12,115,0.77,0.28,0.39,0,0,0,3,0,0.0262,0.266,0,Successful Borrower
U05472,22,Bachelor's,Unemployed,1744.0,2,A05472,0,rent,12,0.42,bachelor,726.0,0.73,0.25,0,0.56,0.57,0.68,0,0,0,1,3,0.1104,0.504,1,Defaulted
U05473,25,Bachelor's,Employed,9793.0,1,A05473,34,owner,2,0.66,bachelor,4906.0,0.41,0.18,130,0.66,0.29,0.56,0,0,0,3,0,0.1269,0.3585,1,Defaulted
U05474,24,PhD,Employed,6659.0,1,A05474,10,rent,12,0.34,phd,2085.0,0.62,0.08,123,0.9,0.28,0.33,0,0,0,3,0,0.1892,0.1995,0,Successful Borrower
U05475,26,Bachelor's,Employed,8924.0,2,A05475,31,rent,6,0.5,bachelor,2381.0,0.55,0.04,204,0.93,0.2,0.13,0,0,0,3,0,0.1363,0.113,0,Successful Borrower
U05476,26,Bachelor's,Student,4080.0,1,A05476,8,rent,14,0.53,bachelor,1491.0,0.76,0.07,109,0.9,0.22,0.12,0,0,0,2,2,0.0319,0.1305,0,Successful Borrower
U05477,24,High School,Employed,8896.0,2,A05477,26,owner,0,0.46,highschool,4605.0,0.71,0.16,132,0.66,0.36,0.45,0,0,0,2,0,0.03,0.3455,1,Defaulted
U05478,24,Master's,Self-Employed,10775.0,1,A05478,55,none,0,0.54,master,7583.0,0.68,0.26,87,0.69,0.34,0.57,0,0,0,1,1,0.0419,0.375,1,Defaulted
U05479,21,Diploma,Student,4272.0,1,A05479,12,rent,10,0.48,cert,1593.0,0.51,0.06,78,0.82,0.27,0.28,0,0,0,1,1,0.1134,0.2095,0,Successful Borrower
U05480,23,Bachelor's,Student,3579.0,3,A05480,10,rent,6,0.45,bachelor,2076.0,0.69,0.06,65,0.75,0.25,0.37,0,0,0,1,1,0.0876,0.2515,0,Successful Borrower
U05481,25,Bachelor's,Employed,8342.0,3,A05481,21,none,3,0.6,bachelor,4764.0,0.47,0.15,87,0.65,0.34,0.52,0,0,0,2,1,0.069,0.36,0,Successful Borrower
U05482,20,Bachelor's,Employed,6013.0,3,A05482,29,rent,15,0.45,bachelor,2026.0,0.5,0.05,212,0.96,0.22,0.23,0,0,0,2,0,0.0467,0.134,0,Successful Borrower
U05483,24,Master's,Student,5942.0,1,A05483,2,rent,16,0.45,master,2245.0,0.5,0.06,101,0.79,0.26,0.28,0,0,0,3,0,0.1938,0.2175,0,Successful Borrower
U05484,22,Bachelor's,Employed,10408.0,2,A05484,18,rent,19,0.71,bachelor,1879.0,0.55,0.03,264,0.9,0.24,0.3,0,0,0,3,0,0.0,0.1745,0,Successful Borrower
U05485,24,Bachelor's,Employed,8556.0,3,A05485,34,rent,13,0.54,bachelor,3052.0,0.53,0.11,195,0.8,0.39,0.44,0,0,0,2,1,0.2188,0.294,1,Defaulted
U05486,23,Master's,Employed,9618.0,2,A05486,39,rent,19,0.4,master,4439.0,0.52,0.11,138,0.69,0.33,0.45,0,0,0,2,0,0.0044,0.32,1,Defaulted
U05487,24,Diploma,Employed,9541.0,2,A05487,55,owner,1,0.38,cert,5703.0,0.56,0.16,141,0.66,0.46,0.59,0,0,0,2,0,0.1419,0.4055,1,Defaulted
U05488,23,High School,Employed,10819.0,2,A05488,32,owner,3,0.73,highschool,5613.0,0.54,0.13,196,0.64,0.39,0.46,0,0,0,2,0,0.1197,0.358,1,Defaulted
U05489,23,Bachelor's,Self-Employed,10506.0,2,A05489,48,owner,3,0.57,bachelor,2195.0,0.48,0.14,244,0.87,0.26,0.15,0,0,0,3,0,0.1383,0.169,0,Successful Borrower
U05490,26,Bachelor's,Self-Employed,10667.0,1,A05490,52,owner,0,0.55,bachelor,4884.0,0.51,0.17,220,0.68,0.29,0.34,0,0,0,3,0,0.07,0.295,1,Defaulted
U05491,23,Bachelor's,Student,2691.0,3,A05491,1,rent,13,0.43,bachelor,1349.0,0.62,0.07,72,0.81,0.33,0.17,0,0,0,1,0,0.0,0.202,1,Defaulted
U05492,22,Bachelor's,Employed,7109.0,2,A05492,32,rent,13,0.46,bachelor,2552.0,0.58,0.1,145,0.73,0.4,0.42,0,0,0,3,1,0.0583,0.3145,0,Successful Borrower
U05493,21,Master's,Employed,9835.0,1,A05493,37,owner,0,0.74,master,2831.0,0.49,0.06,240,0.82,0.24,0.21,0,0,0,2,0,0.1216,0.1845,0,Successful Borrower
U05494,20,Diploma,Employed,10149.0,1,A05494,54,rent,22,0.73,cert,4378.0,0.5,0.1,286,0.91,0.21,0.11,0,0,0,3,0,0.1242,0.1265,0,Successful Borrower
U05495,23,High School,Self-Employed,9864.0,1,A05495,5,rent,11,0.57,highschool,2802.0,0.57,0.09,149,0.93,0.05,0.13,0,0,0,2,1,0.1009,0.083,0,Successful Borrower
U05496,24,High School,Student,2396.0,2,A05496,4,rent,15,0.88,highschool,2054.0,0.66,0.13,2,0.65,0.39,0.51,0,0,0,2,1,0.0219,0.367,1,Defaulted
U05497,22,Bachelor's,Self-Employed,6247.0,2,A05497,45,rent,16,0.6,bachelor,2872.0,0.68,0.17,97,0.76,0.28,0.33,0,0,0,3,1,0.1961,0.262,1,Defaulted
U05498,21,Bachelor's,Employed,9564.0,1,A05498,30,owner,0,0.52,bachelor,4493.0,0.78,0.12,171,0.72,0.47,0.42,0,0,0,3,1,0.1531,0.3385,1,Defaulted
U05499,22,Diploma,Student,4697.0,3,A05499,5,none,0,0.45,cert,1872.0,0.64,0.06,94,0.87,0.21,0.22,0,0,0,2,0,0.1802,0.162,0,Successful Borrower
U05500,26,High School,Employed,10966.0,2,A05500,30,owner,4,0.66,highschool,6680.0,0.41,0.15,132,0.62,0.34,0.66,0,0,0,2,2,0.0,0.4055,1,Defaulted
U05501,20,Bachelor's,Employed,4369.0,1,A05501,7,rent,7,0.88,bachelor,2054.0,0.66,0.04,117,0.69,0.4,0.53,0,0,0,3,0,0.1128,0.347,1,Defaulted
U05502,23,Master's,Employed,9971.0,1,A05502,32,rent,11,0.7,master,3157.0,0.44,0.08,235,0.76,0.32,0.46,0,0,0,3,0,0.1086,0.291,0,Successful Borrower
U05503,25,Bachelor's,Student,4346.0,1,A05503,10,rent,21,0.58,bachelor,2800.0,0.6,0.1,59,0.72,0.3,0.54,0,0,0,2,0,0.1379,0.323,0,Successful Borrower
U05504,20,Master's,Student,2434.0,2,A05504,11,rent,7,0.45,master,1777.0,0.72,0.11,20,0.59,0.52,0.56,0,0,0,1,2,0.0042,0.43,1,Defaulted
U05505,20,Master's,Student,2085.0,3,A05505,9,rent,8,0.36,master,1330.0,0.48,0.16,58,0.66,0.48,0.45,0,0,0,3,0,0.0568,0.3755,1,Defaulted
U05506,22,Master's,Self-Employed,11132.0,3,A05506,53,rent,11,0.5,master,1869.0,0.53,0.17,271,0.84,0.18,0.28,0,0,0,3,1,0.0,0.1965,0,Successful Borrower
U05507,21,Diploma,Self-Employed,7130.0,2,A05507,14,owner,2,0.43,cert,1673.0,0.64,0.12,161,1.0,0.06,0.2,0,0,0,2,0,0.0,0.083,0,Successful Borrower
U05508,23,Diploma,Unemployed,2939.0,2,A05508,1,rent,23,0.6,cert,883.0,0.71,0.11,96,0.69,0.42,0.55,0,0,0,3,0,0.0188,0.3675,1,Defaulted
U05509,21,High School,Self-Employed,5597.0,1,A05509,4,rent,12,0.52,highschool,3008.0,0.48,0.22,72,0.71,0.32,0.52,0,0,0,2,1,0.0,0.3445,0,Successful Borrower
U05510,20,Bachelor's,Student,1929.0,3,A05510,0,owner,2,0.34,bachelor,545.0,0.49,0.06,34,0.84,0.24,0.22,0,0,0,1,0,0.139,0.18,0,Successful Borrower
U05511,21,Master's,Employed,8645.0,1,A05511,11,none,4,0.39,master,1811.0,0.68,0.06,254,0.96,0.23,0.17,0,0,0,3,0,0.0967,0.123,0,Successful Borrower
U05512,24,High School,Employed,11094.0,2,A05512,30,owner,1,0.53,highschool,4287.0,0.62,0.08,240,0.84,0.21,0.35,0,0,0,2,1,0.0386,0.208,0,Successful Borrower
U05513,24,Bachelor's,Employed,8102.0,3,A05513,39,rent,24,0.65,bachelor,4709.0,0.58,0.2,125,0.57,0.45,0.76,0,0,0,2,1,0.0945,0.483,1,Defaulted
U05514,24,Bachelor's,Student,2922.0,2,A05514,3,none,2,0.53,bachelor,1717.0,0.8,0.03,59,0.9,0.23,0.17,0,0,0,3,0,0.1427,0.1395,0,Successful Borrower
U05515,23,Master's,Employed,9549.0,2,A05515,10,owner,4,0.44,master,1836.0,0.59,0.06,346,1.0,0.11,0.06,0,0,0,3,0,0.0599,0.0515,0,Successful Borrower
U05516,22,High School,Employed,8696.0,2,A05516,28,owner,2,0.51,highschool,3668.0,0.68,0.05,236,0.92,0.19,0.32,0,0,0,3,0,0.0123,0.163,0,Successful Borrower
U05517,23,Bachelor's,Unemployed,2986.0,1,A05517,5,owner,0,0.48,bachelor,834.0,0.74,0.09,109,0.97,0.32,0.15,0,0,0,3,0,0.0146,0.1415,0,Successful Borrower
U05518,22,Bachelor's,Employed,7189.0,3,A05518,60,rent,5,0.72,bachelor,3150.0,0.72,0.08,232,0.81,0.22,0.35,0,0,0,3,1,0.0,0.221,0,Successful Borrower
U05519,21,High School,Student,2664.0,2,A05519,0,none,4,0.41,highschool,1637.0,0.62,0.13,88,0.63,0.44,0.57,0,0,0,2,0,0.1359,0.4015,1,Defaulted
U05520,23,Bachelor's,Employed,8828.0,1,A05520,21,owner,4,0.61,bachelor,3743.0,0.58,0.04,156,0.9,0.16,0.44,0,0,0,3,0,0.0605,0.191,0,Successful Borrower
U05521,26,Master's,Employed,8062.0,3,A05521,56,rent,11,0.58,master,4986.0,0.39,0.11,96,0.68,0.44,0.51,0,0,0,2,0,0.1715,0.366,0,Successful Borrower
U05522,21,Bachelor's,Employed,11113.0,2,A05522,48,rent,22,0.55,bachelor,3953.0,0.62,0.02,252,0.9,0.22,0.19,0,0,0,3,1,0.0706,0.1405,0,Successful Borrower
U05523,22,High School,Student,2462.0,2,A05523,12,none,4,0.7,highschool,1549.0,0.74,0.22,10,0.56,0.55,0.65,0,0,0,0,3,0.0338,0.487,1,Defaulted
U05524,24,Bachelor's,Unemployed,3458.0,2,A05524,1,rent,13,0.38,bachelor,1515.0,0.57,0.12,56,0.69,0.44,0.42,0,0,0,1,1,0.0583,0.3415,0,Successful Borrower
U05525,22,Bachelor's,Unemployed,2400.0,3,A05525,5,rent,21,0.38,bachelor,1100.0,0.59,0.21,38,0.64,0.52,0.57,0,0,0,1,2,0.0384,0.43,1,Defaulted
U05526,22,Diploma,Self-Employed,8008.0,1,A05526,18,owner,3,0.52,cert,3383.0,0.72,0.21,143,0.72,0.31,0.42,0,0,0,1,2,0.0712,0.312,0,Successful Borrower
U05527,25,Bachelor's,Employed,8259.0,1,A05527,36,rent,21,0.64,bachelor,3299.0,0.52,0.06,209,0.93,0.18,0.34,0,0,0,3,0,0.1092,0.1635,0,Successful Borrower
U05528,26,Diploma,Unemployed,1914.0,2,A05528,2,rent,5,0.69,cert,1214.0,0.81,0.21,71,0.64,0.47,0.49,0,0,0,1,0,0.1239,0.3975,1,Defaulted
U05529,26,Bachelor's,Self-Employed,10197.0,2,A05529,43,owner,0,0.36,bachelor,4394.0,0.57,0.12,169,0.87,0.12,0.26,0,0,0,2,0,0.1029,0.1585,0,Successful Borrower
U05530,20,Master's,Employed,7679.0,1,A05530,39,rent,4,0.74,master,2768.0,0.73,0.05,175,1.0,0.09,0.18,0,0,0,3,0,0.0056,0.075,0,Successful Borrower
U05531,24,Master's,Employed,9097.0,2,A05531,40,owner,3,0.67,master,2232.0,0.49,0.08,221,0.82,0.27,0.29,0,0,0,2,1,0.0,0.215,1,Defaulted
U05532,21,Master's,Employed,7417.0,3,A05532,17,rent,8,0.3,master,2916.0,0.63,0.07,176,0.88,0.25,0.26,0,0,0,3,1,0.1351,0.18,0,Successful Borrower
U05533,24,Bachelor's,Self-Employed,9433.0,1,A05533,29,owner,1,0.33,bachelor,1575.0,0.43,0.08,238,0.97,0.15,0.06,0,0,0,3,0,0.1007,0.075,0,Successful Borrower
U05534,22,Bachelor's,Employed,9744.0,2,A05534,54,rent,7,0.44,bachelor,3795.0,0.71,0.03,200,0.96,0.27,0.15,0,0,0,3,0,0.0077,0.1235,0,Successful Borrower
U05535,23,Diploma,Employed,6416.0,2,A05535,58,owner,1,0.54,cert,3853.0,0.63,0.17,106,0.69,0.34,0.46,0,0,0,2,1,0.0648,0.334,0,Successful Borrower
U05536,21,Master's,Employed,7060.0,2,A05536,37,rent,22,0.3,master,2552.0,0.61,0.07,171,0.8,0.25,0.4,0,0,0,2,0,0.114,0.243,0,Successful Borrower
U05537,22,Master's,Student,3902.0,2,A05537,7,rent,20,0.3,master,1769.0,0.54,0.07,122,0.82,0.25,0.35,0,0,0,2,0,0.027,0.2235,0,Successful Borrower
U05538,21,Master's,Employed,9706.0,2,A05538,37,rent,16,0.6,master,2838.0,0.48,0.05,252,0.84,0.26,0.27,0,0,0,2,0,0.0779,0.196,0,Successful Borrower
U05539,24,Bachelor's,Unemployed,3459.0,2,A05539,1,none,4,0.44,bachelor,1079.0,0.57,0.09,51,0.85,0.34,0.23,0,0,0,1,0,0.0,0.2085,0,Successful Borrower
U05540,26,Master's,Employed,10858.0,2,A05540,23,rent,10,0.55,master,3059.0,0.54,0.02,286,0.9,0.25,0.28,0,0,0,3,0,0.1816,0.1705,0,Successful Borrower
U05541,25,Bachelor's,Unemployed,3375.0,3,A05541,1,none,4,0.72,bachelor,1369.0,0.62,0.21,72,0.67,0.41,0.37,0,0,0,1,0,0.1606,0.342,1,Defaulted
U05542,23,Bachelor's,Employed,8563.0,1,A05542,18,rent,22,0.72,bachelor,3115.0,0.52,0.09,223,0.83,0.3,0.3,0,0,0,2,0,0.0,0.223,0,Successful Borrower
U05543,26,Bachelor's,Student,2701.0,3,A05543,9,rent,9,0.5,bachelor,1253.0,0.53,0.03,47,0.79,0.31,0.36,0,0,0,2,0,0.0,0.2455,0,Successful Borrower
U05544,24,Master's,Employed,9038.0,1,A05544,13,owner,2,0.6,master,3324.0,0.45,0.11,196,0.88,0.23,0.3,0,0,0,2,0,0.0,0.191,0,Successful Borrower
U05545,25,Diploma,Student,5926.0,2,A05545,11,rent,15,0.46,cert,2485.0,0.57,0.11,105,0.71,0.35,0.55,0,0,0,2,0,0.0528,0.343,1,Defaulted
U05546,25,High School,Employed,7328.0,2,A05546,19,rent,9,0.32,highschool,3476.0,0.61,0.14,133,0.73,0.41,0.35,0,0,0,3,1,0.1012,0.3055,0,Successful Borrower
U05547,20,Master's,Employed,7370.0,3,A05547,38,rent,5,0.6,master,4269.0,0.67,0.13,62,0.73,0.35,0.39,0,0,0,2,0,0.0285,0.299,1,Defaulted
U05548,26,Bachelor's,Self-Employed,8469.0,1,A05548,56,rent,12,0.59,bachelor,1651.0,0.64,0.13,220,0.85,0.13,0.32,0,0,0,3,1,0.1546,0.1845,0,Successful Borrower
U05549,24,High School,Student,1200.0,2,A05549,6,none,4,0.66,highschool,1292.0,0.6,0.17,16,0.66,0.5,0.56,0,0,0,1,2,0.1147,0.4095,1,Defaulted
U05550,26,Bachelor's,Student,3376.0,1,A05550,0,none,1,0.46,bachelor,1430.0,0.62,0.04,69,0.78,0.31,0.33,0,0,0,1,0,0.0,0.243,0,Successful Borrower
U05551,25,Diploma,Employed,8491.0,2,A05551,14,rent,15,0.86,cert,2847.0,0.64,0.07,210,0.94,0.11,0.19,0,0,0,3,1,0.0,0.1065,0,Successful Borrower
U05552,22,Bachelor's,Student,3238.0,3,A05552,8,none,4,0.4,bachelor,1445.0,0.74,0.08,54,0.76,0.31,0.35,0,0,0,1,0,0.0,0.261,0,Successful Borrower
U05553,24,Bachelor's,Employed,11460.0,2,A05553,6,rent,18,0.62,bachelor,3803.0,0.64,0.04,243,0.81,0.22,0.31,0,0,0,3,0,0.1196,0.205,0,Successful Borrower
U05554,24,Bachelor's,Employed,7243.0,3,A05554,47,rent,6,0.57,bachelor,2263.0,0.67,0.02,198,1.0,0.07,0.04,0,0,0,2,0,0.0326,0.0305,0,Successful Borrower
U05555,24,Bachelor's,Self-Employed,9681.0,1,A05555,59,owner,2,0.53,bachelor,3992.0,0.62,0.16,187,0.72,0.27,0.49,0,0,0,3,1,0.1187,0.312,0,Successful Borrower
U05556,23,Master's,Employed,7308.0,3,A05556,6,rent,20,0.6,master,3154.0,0.69,0.02,150,0.92,0.24,0.26,0,0,0,3,1,0.1838,0.156,0,Successful Borrower
U05557,26,Master's,Student,3834.0,2,A05557,10,none,4,0.3,master,1099.0,0.66,0.08,91,0.72,0.34,0.34,0,0,0,3,0,0.08,0.28,0,Successful Borrower
U05558,23,Bachelor's,Employed,9582.0,1,A05558,30,owner,1,0.61,bachelor,2851.0,0.5,0.02,202,0.93,0.17,0.12,0,0,0,3,0,0.0119,0.1,0,Successful Borrower
U05559,26,Bachelor's,Employed,8851.0,2,A05559,44,owner,1,0.92,bachelor,2756.0,0.4,0.11,210,0.76,0.38,0.46,0,0,0,2,0,0.0904,0.3105,0,Successful Borrower
U05560,23,Master's,Student,2259.0,1,A05560,1,rent,14,0.68,master,430.0,0.73,0.03,102,0.87,0.17,0.33,0,0,0,2,0,0.1227,0.175,1,Defaulted
U05561,25,Master's,Unemployed,2169.0,1,A05561,5,rent,16,0.48,master,535.0,0.72,0.11,99,0.73,0.42,0.26,0,0,0,1,0,0.1533,0.281,1,Defaulted
U05562,26,Master's,Unemployed,3468.0,2,A05562,2,rent,10,0.42,master,822.0,0.63,0.13,97,0.8,0.4,0.37,0,0,0,2,1,0.0863,0.282,1,Defaulted
U05563,22,Bachelor's,Employed,6139.0,1,A05563,57,rent,19,0.52,bachelor,3261.0,0.71,0.17,88,0.69,0.37,0.53,0,0,0,3,1,0.0216,0.359,1,Defaulted
U05564,26,Bachelor's,Unemployed,3055.0,2,A05564,5,rent,15,0.45,bachelor,822.0,0.48,0.06,99,0.96,0.25,0.23,0,0,0,3,1,0.0085,0.143,0,Successful Borrower
U05565,25,Bachelor's,Student,5053.0,2,A05565,1,rent,14,0.42,bachelor,1730.0,0.85,0.09,95,0.77,0.3,0.44,0,0,0,3,2,0.075,0.279,0,Successful Borrower
U05566,20,Bachelor's,Employed,9173.0,2,A05566,52,owner,3,0.68,bachelor,4461.0,0.54,0.13,166,0.73,0.37,0.47,0,0,0,2,0,0.0597,0.324,0,Successful Borrower
U05567,26,Diploma,Self-Employed,11977.0,3,A05567,54,rent,17,0.35,cert,1696.0,0.62,0.12,249,0.78,0.32,0.37,0,0,0,2,0,0.0,0.2675,0,Successful Borrower
U05568,26,Diploma,Self-Employed,10439.0,2,A05568,3,owner,1,0.37,cert,1771.0,0.64,0.15,249,0.72,0.31,0.38,0,0,0,3,0,0.0996,0.293,0,Successful Borrower
U05569,22,Bachelor's,Employed,12510.0,1,A05569,42,none,4,0.58,bachelor,5545.0,0.59,0.12,176,0.81,0.26,0.42,0,0,0,3,1,0.128,0.2545,0,Successful Borrower
U05570,20,Bachelor's,Student,2975.0,2,A05570,2,rent,10,0.34,bachelor,1511.0,0.65,0.04,20,0.85,0.29,0.29,0,0,0,0,1,0.1232,0.2035,0,Successful Borrower
U05571,26,High School,Student,3098.0,1,A05571,0,rent,23,0.45,highschool,1561.0,0.49,0.02,57,0.86,0.31,0.24,0,0,0,2,1,0.0452,0.1895,0,Successful Borrower
U05572,21,Master's,Employed,7862.0,1,A05572,16,rent,15,0.42,master,3799.0,0.64,0.1,118,0.91,0.26,0.17,0,0,0,3,0,0.1526,0.154,0,Successful Borrower
U05573,25,High School,Employed,8124.0,2,A05573,24,rent,17,0.63,highschool,3098.0,0.48,0.1,164,0.81,0.35,0.37,0,0,0,2,0,0.1279,0.2615,0,Successful Borrower
U05574,25,High School,Self-Employed,9895.0,1,A05574,35,rent,17,0.34,highschool,2826.0,0.64,0.15,128,0.73,0.19,0.34,0,0,0,3,0,0.0,0.2495,0,Successful Borrower
U05575,25,Bachelor's,Employed,9364.0,1,A05575,18,owner,3,0.55,bachelor,1725.0,0.45,0.02,235,1.0,0.05,0.03,0,0,0,3,0,0.2234,0.023,0,Successful Borrower
U05576,23,Master's,Student,3696.0,1,A05576,6,none,3,0.53,master,2116.0,0.49,0.14,34,0.65,0.48,0.41,0,0,0,1,0,0.0051,0.366,1,Defaulted
U05577,22,Bachelor's,Employed,11285.0,1,A05577,43,owner,4,0.44,bachelor,1824.0,0.51,0.02,293,0.96,0.12,0.27,0,0,0,3,1,0.0536,0.1145,0,Successful Borrower
U05578,21,Bachelor's,Self-Employed,7114.0,3,A05578,22,rent,4,0.5,bachelor,3457.0,0.53,0.16,100,0.79,0.35,0.32,0,0,0,2,1,0.0373,0.265,1,Defaulted
U05579,26,Master's,Student,3936.0,2,A05579,8,none,1,0.33,master,1339.0,0.64,0.1,115,0.77,0.35,0.33,0,0,0,2,0,0.1216,0.2655,0,Successful Borrower
U05580,24,Bachelor's,Employed,8056.0,2,A05580,28,rent,5,0.44,bachelor,3938.0,0.58,0.06,116,0.75,0.26,0.29,0,0,0,2,1,0.1398,0.234,0,Successful Borrower
U05581,23,Bachelor's,Student,3411.0,2,A05581,11,none,1,0.3,bachelor,981.0,0.7,0.02,123,0.97,0.19,0.08,0,0,0,3,0,0.0028,0.081,0,Successful Borrower
U05582,23,Diploma,Self-Employed,10253.0,1,A05582,32,owner,3,0.57,cert,3036.0,0.64,0.12,268,0.81,0.29,0.18,0,0,0,2,1,0.1278,0.202,0,Successful Borrower
U05583,25,PhD,Employed,8966.0,3,A05583,16,rent,6,0.42,phd,3369.0,0.64,0.09,168,0.7,0.21,0.42,0,0,0,1,0,0.1591,0.276,0,Successful Borrower
U05584,22,High School,Self-Employed,10323.0,2,A05584,27,rent,23,0.6,highschool,2985.0,0.52,0.13,278,0.89,0.25,0.23,0,0,0,2,1,0.0284,0.178,1,Defaulted
U05585,20,Diploma,Employed,8362.0,2,A05585,22,rent,8,0.55,cert,904.0,0.38,0.02,243,0.91,0.23,0.13,0,0,0,3,0,0.121,0.1245,0,Successful Borrower
U05586,22,Bachelor's,Employed,4720.0,3,A05586,13,rent,18,0.72,bachelor,1321.0,0.58,0.05,140,0.88,0.3,0.22,0,0,0,3,0,0.1048,0.1795,0,Successful Borrower
U05587,20,Bachelor's,Student,3025.0,2,A05587,3,rent,5,0.36,bachelor,1020.0,0.55,0.02,64,0.93,0.15,0.17,0,0,0,3,1,0.0538,0.1075,0,Successful Borrower
U05588,21,Bachelor's,Employed,8154.0,2,A05588,60,rent,12,0.7,bachelor,1726.0,0.61,0.06,165,0.93,0.23,0.36,0,0,0,3,0,0.082,0.181,0,Successful Borrower
U05589,25,Bachelor's,Student,5895.0,3,A05589,5,rent,13,0.5,bachelor,1577.0,0.54,0.05,175,0.91,0.14,0.17,0,0,0,2,0,0.0171,0.1165,0,Successful Borrower
U05590,23,Master's,Self-Employed,7606.0,2,A05590,14,none,2,0.49,master,2920.0,0.34,0.14,89,0.77,0.25,0.47,0,0,0,2,1,0.1768,0.2815,1,Defaulted
U05591,26,High School,Employed,7728.0,1,A05591,53,owner,3,0.63,highschool,3773.0,0.74,0.1,129,0.71,0.31,0.34,0,0,0,2,1,0.0166,0.279,0,Successful Borrower
U05592,24,Master's,Self-Employed,8505.0,3,A05592,20,rent,23,0.36,master,3272.0,0.54,0.19,154,0.74,0.27,0.39,0,0,0,1,0,0.0901,0.2845,0,Successful Borrower
U05593,26,Bachelor's,Student,3375.0,3,A05593,3,none,2,0.48,bachelor,2005.0,0.75,0.05,27,0.94,0.11,0.13,0,0,0,1,0,0.072,0.0885,0,Successful Borrower
U05594,26,High School,Student,3442.0,1,A05594,7,rent,15,0.44,highschool,1325.0,0.68,0.02,95,0.85,0.2,0.28,0,0,0,1,0,0.1592,0.1755,0,Successful Borrower
U05595,21,Bachelor's,Employed,6231.0,3,A05595,54,rent,5,0.58,bachelor,2537.0,0.57,0.03,125,0.93,0.26,0.16,0,0,0,3,2,0.014,0.134,0,Successful Borrower
U05596,22,High School,Self-Employed,9507.0,2,A05596,16,rent,16,0.4,highschool,3480.0,0.61,0.1,198,0.77,0.37,0.29,0,0,0,3,1,0.0883,0.2605,0,Successful Borrower
U05597,22,Master's,Unemployed,1955.0,3,A05597,0,none,0,0.5,master,1189.0,0.72,0.17,47,0.68,0.46,0.43,0,0,0,2,0,0.1061,0.36,0,Successful Borrower
U05598,25,Bachelor's,Self-Employed,12132.0,1,A05598,59,owner,3,0.43,bachelor,4796.0,0.49,0.15,218,0.78,0.32,0.35,0,0,0,1,0,0.0,0.267,0,Successful Borrower
U05599,25,Bachelor's,Student,2349.0,3,A05599,4,rent,7,0.66,bachelor,1231.0,0.69,0.11,55,0.69,0.44,0.51,0,0,0,1,1,0.0,0.3625,0,Successful Borrower
U05600,20,Master's,Employed,9695.0,3,A05600,18,rent,22,0.4,master,5021.0,0.41,0.07,167,0.62,0.4,0.44,0,0,0,2,0,0.0426,0.3535,0,Successful Borrower
U05601,25,Bachelor's,Self-Employed,8836.0,3,A05601,39,rent,8,0.36,bachelor,3347.0,0.63,0.13,152,0.77,0.27,0.38,0,0,0,2,0,0.1977,0.2625,0,Successful Borrower
U05602,23,Master's,Employed,7724.0,2,A05602,24,owner,2,0.64,master,2870.0,0.68,0.08,216,0.9,0.11,0.42,0,0,0,3,0,0.0347,0.1795,0,Successful Borrower
U05603,24,High School,Student,3683.0,2,A05603,8,rent,5,0.5,highschool,1719.0,0.62,0.15,44,0.64,0.48,0.47,0,0,1,2,0,0.0749,0.386,1,Defaulted
U05604,21,Diploma,Employed,10813.0,2,A05604,50,owner,1,0.55,cert,1291.0,0.47,0.05,255,0.94,0.19,0.28,0,0,0,2,1,0.0396,0.146,0,Successful Borrower
U05605,22,High School,Self-Employed,7565.0,3,A05605,58,none,1,0.3,highschool,2790.0,0.56,0.12,118,0.76,0.35,0.36,0,0,0,3,0,0.1182,0.2795,0,Successful Borrower
U05606,23,High School,Self-Employed,7680.0,3,A05606,45,rent,24,0.49,highschool,3838.0,0.54,0.16,120,0.71,0.29,0.42,0,0,0,2,0,0.1667,0.303,0,Successful Borrower
U05607,24,High School,Student,3173.0,3,A05607,9,rent,23,0.45,highschool,1491.0,0.69,0.07,59,0.7,0.41,0.45,0,0,0,3,1,0.1154,0.3305,1,Defaulted
U05608,20,Master's,Student,2889.0,1,A05608,10,rent,11,0.33,master,1714.0,0.75,0.15,45,0.63,0.47,0.42,0,1,0,2,1,0.2681,0.3745,1,Defaulted
U05609,20,Diploma,Student,2442.0,1,A05609,10,rent,23,0.42,cert,1099.0,0.57,0.03,140,0.82,0.37,0.12,0,0,0,2,1,0.0517,0.19,0,Successful Borrower
U05610,23,Bachelor's,Employed,7200.0,3,A05610,31,rent,19,0.49,bachelor,3091.0,0.65,0.1,170,0.77,0.33,0.38,0,0,0,1,1,0.0,0.273,0,Successful Borrower
U05611,20,Bachelor's,Employed,4450.0,2,A05611,40,rent,18,0.53,bachelor,1265.0,0.5,0.08,132,0.84,0.34,0.36,0,1,0,2,0,0.0861,0.243,1,Defaulted
U05612,20,Bachelor's,Employed,8708.0,1,A05612,17,rent,16,0.72,bachelor,4253.0,0.69,0.04,164,0.72,0.35,0.44,0,0,0,3,0,0.0184,0.3015,0,Successful Borrower
U05613,26,High School,Employed,8416.0,2,A05613,35,rent,7,0.5,highschool,2410.0,0.71,0.02,179,0.98,0.16,0.14,0,0,0,3,0,0.1246,0.085,0,Successful Borrower
U05614,23,High School,Employed,8039.0,1,A05614,13,owner,3,0.49,highschool,2829.0,0.71,0.1,198,0.68,0.42,0.52,0,0,0,2,0,0.2228,0.362,0,Successful Borrower
U05615,21,Master's,Self-Employed,10236.0,3,A05615,41,owner,2,0.44,master,3836.0,0.7,0.21,215,0.65,0.3,0.49,0,0,0,3,1,0.152,0.3515,1,Defaulted
U05616,25,Bachelor's,Self-Employed,6734.0,2,A05616,56,rent,19,0.54,bachelor,3965.0,0.57,0.16,97,0.8,0.3,0.35,0,0,0,2,0,0.1686,0.2565,0,Successful Borrower
U05617,20,Bachelor's,Employed,8496.0,1,A05617,30,rent,4,0.5,bachelor,1255.0,0.58,0.02,244,1.0,0.11,0.07,0,0,0,3,1,0.0628,0.048,0,Successful Borrower
U05618,23,High School,Self-Employed,8358.0,3,A05618,26,rent,17,0.45,highschool,4709.0,0.52,0.26,38,0.59,0.42,0.53,0,0,0,2,1,0.1098,0.42,1,Defaulted
U05619,26,Diploma,Unemployed,2139.0,1,A05619,0,rent,9,0.46,cert,987.0,0.69,0.23,10,0.56,0.52,0.69,0,0,0,0,2,0.08,0.491,1,Defaulted
U05620,24,Diploma,Self-Employed,8675.0,1,A05620,34,rent,10,0.34,cert,4893.0,0.74,0.18,108,0.72,0.36,0.52,0,0,0,2,0,0.1474,0.345,1,Defaulted
U05621,25,Diploma,Self-Employed,9639.0,2,A05621,8,owner,1,0.43,cert,2489.0,0.46,0.21,189,0.72,0.3,0.44,0,0,0,2,1,0.096,0.3145,0,Successful Borrower
U05622,24,High School,Employed,6493.0,1,A05622,36,rent,9,0.9,highschool,2687.0,0.48,0.05,173,0.87,0.24,0.25,0,0,0,2,1,0.0,0.1755,0,Successful Borrower
U05623,20,Diploma,Unemployed,3942.0,2,A05623,3,rent,19,0.4,cert,2664.0,0.74,0.26,94,0.59,0.52,0.56,0,0,0,3,2,0.0499,0.4525,1,Defaulted
U05624,26,Bachelor's,Unemployed,2406.0,2,A05624,3,none,3,0.34,bachelor,1235.0,0.61,0.14,110,0.57,0.6,0.62,0,0,0,2,2,0.0773,0.4765,1,Defaulted
U05625,21,Bachelor's,Student,2789.0,1,A05625,2,rent,23,0.46,bachelor,1256.0,0.81,0.02,43,0.92,0.26,0.22,0,0,0,3,1,0.134,0.151,0,Successful Borrower
U05626,21,Diploma,Unemployed,1269.0,2,A05626,5,none,0,0.38,cert,621.0,0.74,0.12,58,0.81,0.32,0.4,0,0,0,2,0,0.0586,0.2645,1,Defaulted
U05627,25,Bachelor's,Employed,7534.0,2,A05627,31,rent,14,0.34,bachelor,3410.0,0.45,0.07,199,0.76,0.29,0.41,0,0,0,2,0,0.0722,0.2695,0,Successful Borrower
U05628,22,PhD,Employed,9019.0,3,A05628,39,none,2,0.3,phd,3411.0,0.58,0.12,184,0.67,0.32,0.57,0,0,0,3,1,0.1169,0.356,1,Defaulted
U05629,26,Bachelor's,Student,4163.0,1,A05629,8,rent,15,0.53,bachelor,2388.0,0.43,0.05,18,0.87,0.25,0.16,0,0,0,0,2,0.2205,0.1555,0,Successful Borrower
U05630,25,High School,Employed,8900.0,2,A05630,48,rent,5,0.78,highschool,1357.0,0.62,0.1,259,0.87,0.07,0.27,0,0,0,2,0,0.0241,0.1455,0,Successful Borrower
U05631,21,Diploma,Employed,9302.0,1,A05631,34,owner,2,0.79,cert,3289.0,0.56,0.1,217,0.72,0.33,0.38,0,0,0,3,1,0.1882,0.2905,1,Defaulted
U05632,22,Diploma,Employed,7849.0,2,A05632,18,rent,13,0.4,cert,2510.0,0.51,0.07,180,0.77,0.33,0.35,0,0,0,2,2,0.1204,0.261,1,Defaulted
U05633,23,Bachelor's,Employed,6753.0,2,A05633,8,rent,7,0.41,bachelor,2803.0,0.46,0.07,157,0.84,0.32,0.38,0,0,0,3,0,0.1452,0.2415,0,Successful Borrower
U05634,25,Master's,Self-Employed,10078.0,3,A05634,9,rent,19,0.36,master,4535.0,0.78,0.13,170,0.81,0.34,0.32,0,0,0,2,2,0.1196,0.251,0,Successful Borrower
U05635,26,Master's,Unemployed,2074.0,1,A05635,2,rent,20,0.53,master,1118.0,0.76,0.19,69,0.72,0.48,0.34,0,0,0,2,1,0.0645,0.3315,0,Successful Borrower
U05636,23,High School,Employed,7128.0,2,A05636,20,none,4,0.58,highschool,2879.0,0.56,0.08,193,0.98,0.18,0.23,0,0,0,2,0,0.1058,0.1215,0,Successful Borrower
U05637,23,Bachelor's,Student,4990.0,3,A05637,3,none,2,0.57,bachelor,1341.0,0.7,0.05,122,0.88,0.24,0.25,0,0,0,3,0,0.1292,0.172,1,Defaulted
U05638,23,Bachelor's,Employed,6194.0,2,A05638,60,none,0,0.63,bachelor,3743.0,0.62,0.1,116,0.78,0.25,0.29,0,0,0,2,1,0.0477,0.227,1,Defaulted
U05639,21,Diploma,Employed,8318.0,3,A05639,33,owner,3,0.56,cert,2894.0,0.61,0.04,221,0.88,0.25,0.23,0,0,1,2,1,0.1092,0.168,0,Successful Borrower
U05640,25,High School,Self-Employed,10381.0,3,A05640,4,owner,3,0.6,highschool,4186.0,0.44,0.17,181,0.79,0.35,0.43,0,0,0,2,0,0.0,0.294,0,Successful Borrower
U05641,22,Bachelor's,Employed,5896.0,3,A05641,20,owner,2,0.6,bachelor,2369.0,0.47,0.08,197,0.89,0.26,0.28,0,0,0,2,0,0.1095,0.1855,0,Successful Borrower
U05642,24,Bachelor's,Employed,8003.0,2,A05642,21,rent,21,0.3,bachelor,2884.0,0.61,0.06,188,0.79,0.2,0.44,0,0,0,2,1,0.0812,0.2425,0,Successful Borrower
U05643,20,Diploma,Employed,8855.0,3,A05643,56,rent,10,0.65,cert,2743.0,0.48,0.07,228,0.86,0.23,0.39,0,0,0,3,1,0.0608,0.2145,0,Successful Borrower
U05644,21,Bachelor's,Employed,6108.0,2,A05644,33,owner,4,0.7,bachelor,2972.0,0.67,0.1,134,0.76,0.37,0.42,0,0,0,2,0,0.0,0.2965,0,Successful Borrower
U05645,20,Bachelor's,Student,3263.0,1,A05645,12,owner,3,0.46,bachelor,2036.0,0.62,0.15,36,0.59,0.45,0.57,0,0,0,1,1,0.0687,0.421,1,Defaulted
U05646,26,Bachelor's,Student,3771.0,3,A05646,12,none,1,0.38,bachelor,1928.0,0.58,0.1,67,0.71,0.38,0.45,0,0,0,2,0,0.0609,0.324,0,Successful Borrower
U05647,23,Master's,Employed,8113.0,2,A05647,43,rent,13,0.44,master,2253.0,0.57,0.05,185,0.87,0.21,0.24,0,0,0,3,0,0.1342,0.1655,0,Successful Borrower
U05648,22,Bachelor's,Self-Employed,4579.0,2,A05648,46,rent,7,0.57,bachelor,1356.0,0.68,0.1,102,1.0,0.1,0.2,0,0,0,2,0,0.0731,0.09,0,Successful Borrower
U05649,21,Bachelor's,Employed,8523.0,2,A05649,54,owner,4,0.75,bachelor,3500.0,0.66,0.06,152,0.75,0.35,0.37,0,0,0,3,1,0.1105,0.2765,0,Successful Borrower
U05650,26,Master's,Unemployed,3041.0,2,A05650,5,rent,11,0.66,master,2143.0,0.75,0.15,47,0.8,0.41,0.3,0,0,0,1,1,0.2248,0.27,0,Successful Borrower
U05651,21,Bachelor's,Employed,6554.0,3,A05651,25,owner,4,0.55,bachelor,2300.0,0.64,0.1,150,0.81,0.33,0.19,0,0,0,2,0,0.0672,0.2115,0,Successful Borrower
U05652,23,Master's,Unemployed,1249.0,1,A05652,4,rent,23,0.48,master,762.0,0.61,0.26,29,0.58,0.61,0.52,0,0,0,1,2,0.1234,0.4685,1,Defaulted
U05653,24,Diploma,Self-Employed,10479.0,2,A05653,14,owner,3,0.3,cert,3140.0,0.62,0.11,241,0.82,0.28,0.35,0,0,0,1,0,0.1409,0.237,0,Successful Borrower
U05654,21,Bachelor's,Employed,10117.0,1,A05654,28,owner,2,0.59,bachelor,2122.0,0.45,0.02,240,0.95,0.16,0.39,0,0,0,3,1,0.1621,0.158,0,Successful Borrower
U05655,25,Bachelor's,Employed,6598.0,2,A05655,56,owner,0,0.58,bachelor,3647.0,0.69,0.12,141,0.83,0.26,0.3,0,0,0,2,1,0.0443,0.2175,1,Defaulted
U05656,23,High School,Student,5653.0,2,A05656,3,none,0,0.66,highschool,3363.0,0.55,0.12,61,0.73,0.36,0.41,0,0,0,1,0,0.0942,0.305,1,Defaulted
U05657,21,Bachelor's,Student,3911.0,1,A05657,9,rent,15,0.46,bachelor,1582.0,0.68,0.07,114,0.82,0.36,0.44,0,0,0,3,0,0.0,0.2735,0,Successful Borrower
U05658,21,Diploma,Self-Employed,6340.0,2,A05658,26,none,1,0.51,cert,1255.0,0.59,0.13,184,0.78,0.35,0.34,0,0,0,3,1,0.1362,0.269,0,Successful Borrower
U05659,23,Bachelor's,Self-Employed,8648.0,2,A05659,49,owner,1,0.3,bachelor,3734.0,0.59,0.17,141,0.72,0.34,0.5,0,0,0,2,0,0.1994,0.3335,1,Defaulted
U05660,21,Bachelor's,Employed,10831.0,1,A05660,27,rent,4,0.62,bachelor,4072.0,0.52,0.12,195,0.75,0.36,0.33,0,0,0,3,0,0.0582,0.278,0,Successful Borrower
U05661,20,Master's,Student,2954.0,3,A05661,3,rent,20,0.42,master,1672.0,0.74,0.09,71,0.74,0.33,0.32,0,0,0,2,1,0.0,0.267,0,Successful Borrower
U05662,21,Diploma,Unemployed,2807.0,1,A05662,6,none,4,0.3,cert,1368.0,0.54,0.09,85,0.86,0.29,0.34,0,0,0,3,0,0.0822,0.22,0,Successful Borrower
U05663,25,Master's,Employed,8028.0,2,A05663,56,owner,2,0.72,master,4337.0,0.68,0.16,180,0.61,0.48,0.62,0,0,0,3,1,0.0235,0.4355,1,Defaulted
U05664,22,Bachelor's,Employed,6252.0,2,A05664,38,rent,17,0.42,bachelor,2044.0,0.58,0.05,186,0.92,0.2,0.26,0,0,0,2,1,0.1278,0.1505,0,Successful Borrower
U05665,23,Bachelor's,Employed,7427.0,2,A05665,14,rent,24,0.3,bachelor,2549.0,0.53,0.09,167,0.74,0.43,0.45,0,0,0,3,0,0.0862,0.3245,0,Successful Borrower
U05666,24,Bachelor's,Student,3933.0,1,A05666,4,none,2,0.49,bachelor,1963.0,0.58,0.03,43,0.94,0.16,0.2,0,0,0,2,0,0.0877,0.1155,0,Successful Borrower
U05667,26,Bachelor's,Student,2119.0,3,A05667,2,rent,21,0.31,bachelor,906.0,0.6,0.12,50,0.84,0.29,0.32,0,0,0,2,0,0.0658,0.2265,0,Successful Borrower
U05668,24,Bachelor's,Student,2963.0,2,A05668,12,rent,13,0.49,bachelor,1302.0,0.64,0.02,75,0.96,0.19,0.17,0,0,0,3,1,0.2176,0.107,0,Successful Borrower
U05669,23,Diploma,Employed,10003.0,2,A05669,7,owner,0,0.55,cert,2917.0,0.57,0.03,186,0.95,0.19,0.28,0,0,0,2,0,0.1422,0.1395,0,Successful Borrower
U05670,23,Bachelor's,Employed,10551.0,3,A05670,38,rent,14,0.51,bachelor,3617.0,0.52,0.1,211,0.85,0.26,0.38,0,0,0,2,0,0.0006,0.2275,0,Successful Borrower
U05671,21,High School,Employed,9221.0,1,A05671,22,rent,23,0.59,highschool,1879.0,0.5,0.02,228,0.9,0.24,0.2,0,0,0,3,0,0.0564,0.148,0,Successful Borrower
U05672,20,Diploma,Student,2474.0,3,A05672,11,rent,14,0.5,cert,1357.0,0.71,0.11,28,0.65,0.42,0.52,0,0,0,2,1,0.0812,0.374,1,Defaulted
U05673,20,Bachelor's,Student,2517.0,2,A05673,1,owner,0,0.53,bachelor,644.0,0.6,0.05,74,0.84,0.34,0.3,0,0,0,3,0,0.1692,0.2235,0,Successful Borrower
U05674,21,High School,Self-Employed,7833.0,1,A05674,11,rent,4,0.6,highschool,2373.0,0.44,0.18,184,0.65,0.38,0.59,0,0,0,3,1,0.0,0.392,1,Defaulted
U05675,24,Master's,Student,4213.0,3,A05675,2,rent,20,0.43,master,1623.0,0.52,0.05,106,0.82,0.28,0.27,0,0,0,2,0,0.0,0.208,0,Successful Borrower
U05676,24,Master's,Self-Employed,8991.0,3,A05676,41,rent,12,0.3,master,5001.0,0.55,0.21,151,0.75,0.2,0.42,0,0,0,2,0,0.1912,0.274,1,Defaulted
U05677,20,High School,Employed,8551.0,2,A05677,31,none,0,0.43,highschool,3282.0,0.57,0.05,196,0.79,0.25,0.29,0,0,0,1,1,0.0641,0.216,0,Successful Borrower
U05678,22,Diploma,Self-Employed,1948.0,3,A05678,18,rent,24,0.4,cert,870.0,0.66,0.13,97,0.77,0.4,0.41,0,0,0,3,1,0.0687,0.3025,1,Defaulted
U05679,22,High School,Student,4450.0,1,A05679,6,rent,4,0.71,highschool,1956.0,0.69,0.04,98,0.81,0.26,0.33,0,0,0,3,0,0.1009,0.22,0,Successful Borrower
U05680,23,Diploma,Self-Employed,8623.0,2,A05680,12,rent,7,0.52,cert,4668.0,0.56,0.17,76,0.7,0.26,0.46,0,0,0,2,0,0.074,0.3105,0,Successful Borrower
U05681,20,Master's,Employed,7710.0,2,A05681,53,rent,5,0.32,master,2285.0,0.54,0.08,187,0.81,0.33,0.37,0,0,0,2,1,0.1443,0.2535,0,Successful Borrower
U05682,24,Bachelor's,Self-Employed,6069.0,3,A05682,3,rent,6,0.4,bachelor,3378.0,0.52,0.21,91,0.62,0.38,0.55,0,0,0,3,2,0.1029,0.397,1,Defaulted
U05683,23,Bachelor's,Self-Employed,9042.0,1,A05683,46,rent,23,0.67,bachelor,3952.0,0.51,0.14,159,0.84,0.25,0.24,0,0,0,2,0,0.0676,0.1995,1,Defaulted
U05684,22,High School,Employed,9218.0,2,A05684,17,owner,1,0.38,highschool,3483.0,0.44,0.13,207,0.72,0.38,0.48,0,0,0,3,1,0.0497,0.3325,0,Successful Borrower
U05685,20,High School,Employed,6297.0,3,A05685,21,owner,0,0.76,highschool,2946.0,0.55,0.1,128,0.87,0.24,0.39,0,0,0,3,1,0.0641,0.218,1,Defaulted
U05686,25,High School,Unemployed,3090.0,3,A05686,6,rent,18,0.43,highschool,1995.0,0.75,0.22,71,0.62,0.46,0.57,0,0,0,2,1,0.0,0.4235,0,Successful Borrower
U05687,22,Bachelor's,Student,3808.0,3,A05687,5,rent,7,0.58,bachelor,2078.0,0.57,0.1,47,0.75,0.38,0.48,0,0,0,1,0,0.0764,0.3175,1,Defaulted
U05688,21,Bachelor's,Employed,9443.0,1,A05688,60,none,0,0.63,bachelor,2140.0,0.55,0.05,180,0.93,0.2,0.21,0,0,0,3,2,0.0759,0.1345,0,Successful Borrower
U05689,24,High School,Self-Employed,10289.0,1,A05689,45,rent,18,0.5,highschool,2418.0,0.52,0.15,162,0.88,0.22,0.25,0,0,0,2,0,0.0918,0.182,0,Successful Borrower
U05690,22,Bachelor's,Employed,5685.0,2,A05690,12,none,2,0.63,bachelor,1282.0,0.51,0.06,175,0.76,0.3,0.5,0,0,0,3,0,0.0666,0.293,0,Successful Borrower
U05691,21,High School,Employed,9084.0,2,A05691,53,owner,3,0.74,highschool,3701.0,0.38,0.08,186,0.74,0.32,0.47,0,0,0,2,1,0.044,0.3005,0,Successful Borrower
U05692,20,Master's,Self-Employed,8781.0,2,A05692,8,rent,17,0.52,master,2626.0,0.66,0.13,241,0.86,0.18,0.29,0,0,1,3,2,0.0714,0.186,0,Successful Borrower
U05693,20,Master's,Employed,7082.0,3,A05693,59,owner,4,0.3,master,2425.0,0.48,0.02,186,1.0,0.11,0.16,0,0,0,3,0,0.0258,0.0705,0,Successful Borrower
U05694,20,High School,Self-Employed,7504.0,2,A05694,7,owner,3,0.49,highschool,308.0,0.55,0.12,256,0.85,0.28,0.12,0,0,0,1,1,0.125,0.1705,0,Successful Borrower
U05695,24,High School,Employed,8329.0,2,A05695,7,rent,7,0.46,highschool,2853.0,0.45,0.07,134,0.95,0.23,0.23,0,0,0,3,0,0.0955,0.143,0,Successful Borrower
U05696,23,High School,Employed,7568.0,3,A05696,42,rent,8,0.77,highschool,3644.0,0.64,0.11,76,0.7,0.31,0.5,0,0,0,1,1,0.1173,0.324,0,Successful Borrower
U05697,22,High School,Employed,5886.0,3,A05697,18,rent,7,0.36,highschool,2888.0,0.58,0.06,110,0.9,0.26,0.26,0,0,0,2,1,0.0613,0.174,0,Successful Borrower
U05698,24,Bachelor's,Self-Employed,10652.0,3,A05698,54,none,0,0.53,bachelor,3724.0,0.6,0.17,109,0.63,0.45,0.56,0,0,0,3,0,0.1476,0.4075,1,Defaulted
U05699,24,Bachelor's,Student,4201.0,2,A05699,5,rent,13,0.57,bachelor,1782.0,0.71,0.07,174,0.81,0.33,0.35,0,0,0,3,0,0.1574,0.247,0,Successful Borrower
U05700,23,Bachelor's,Employed,9763.0,1,A05700,33,none,1,0.61,bachelor,5837.0,0.4,0.17,162,0.72,0.34,0.53,0,0,0,2,0,0.169,0.341,1,Defaulted
U05701,26,Diploma,Employed,7513.0,2,A05701,60,rent,8,0.5,cert,4847.0,0.71,0.17,95,0.8,0.3,0.36,0,0,0,2,1,0.2252,0.2605,0,Successful Borrower
U05702,21,High School,Self-Employed,6692.0,3,A05702,35,none,1,0.62,highschool,2345.0,0.6,0.16,91,0.71,0.32,0.42,0,0,0,2,0,0.1395,0.3105,1,Defaulted
U05703,24,Master's,Self-Employed,8207.0,3,A05703,10,rent,8,0.34,master,3441.0,0.32,0.17,121,0.63,0.37,0.49,0,0,0,2,1,0.1061,0.37,1,Defaulted
U05704,21,Diploma,Self-Employed,10181.0,3,A05704,55,rent,12,0.5,cert,5778.0,0.4,0.23,88,0.63,0.37,0.54,0,0,0,2,0,0.1587,0.3915,1,Defaulted
U05705,20,High School,Employed,7678.0,2,A05705,16,none,4,0.63,highschool,4219.0,0.72,0.06,190,0.85,0.31,0.29,0,0,0,2,0,0.1237,0.2115,0,Successful Borrower
U05706,24,High School,Employed,7780.0,3,A05706,45,rent,16,0.59,highschool,2155.0,0.54,0.06,161,0.93,0.23,0.22,0,0,0,3,0,0.027,0.146,1,Defaulted
U05707,20,Bachelor's,Student,4116.0,2,A05707,9,rent,12,0.47,bachelor,2336.0,0.67,0.08,107,0.92,0.22,0.14,0,0,0,3,0,0.0778,0.13,0,Successful Borrower
U05708,24,Diploma,Student,4409.0,2,A05708,4,none,2,0.79,cert,2045.0,0.71,0.13,55,0.56,0.55,0.64,0,0,0,2,3,0.0,0.471,0,Successful Borrower
U05709,22,Master's,Employed,9247.0,3,A05709,35,rent,21,0.39,master,4363.0,0.63,0.1,106,0.79,0.38,0.38,0,0,0,3,0,0.1594,0.2785,1,Defaulted
U05710,22,Bachelor's,Employed,3966.0,3,A05710,11,none,0,0.46,bachelor,2819.0,0.54,0.22,43,0.56,0.58,0.67,0,0,0,1,2,0.0,0.4995,1,Defaulted
U05711,20,Diploma,Employed,8327.0,2,A05711,51,rent,12,0.4,cert,2706.0,0.61,0.06,190,0.86,0.23,0.25,0,0,0,2,0,0.0659,0.178,0,Successful Borrower
U05712,20,Diploma,Unemployed,1200.0,1,A05712,0,rent,6,0.55,cert,651.0,0.77,0.13,36,0.72,0.52,0.36,0,0,0,1,2,0.0,0.3375,1,Defaulted
U05713,20,Master's,Employed,6642.0,2,A05713,48,owner,0,0.3,master,3734.0,0.76,0.13,69,0.63,0.26,0.39,0,0,0,3,0,0.0546,0.3115,0,Successful Borrower
U05714,24,PhD,Employed,6786.0,2,A05714,54,rent,9,0.62,phd,2434.0,0.68,0.07,138,0.91,0.22,0.23,0,0,0,2,1,0.0,0.1545,0,Successful Borrower
U05715,26,Bachelor's,Self-Employed,10837.0,1,A05715,37,rent,10,0.38,bachelor,4940.0,0.65,0.23,135,0.6,0.46,0.61,0,1,0,1,2,0.1438,0.442,1,Defaulted
U05716,24,Master's,Employed,8485.0,2,A05716,46,owner,4,0.3,master,3697.0,0.58,0.06,195,0.89,0.26,0.35,0,0,0,2,1,0.0823,0.2,0,Successful Borrower
U05717,21,Master's,Self-Employed,6835.0,3,A05717,24,rent,20,0.32,master,2816.0,0.49,0.19,64,0.6,0.47,0.52,0,0,0,1,0,0.1557,0.416,1,Defaulted
U05718,24,Bachelor's,Employed,9163.0,3,A05718,59,rent,11,0.47,bachelor,3085.0,0.63,0.06,229,0.85,0.21,0.24,0,0,0,2,0,0.1032,0.174,1,Defaulted
U05719,20,Bachelor's,Self-Employed,9387.0,3,A05719,51,rent,10,0.53,bachelor,4137.0,0.65,0.15,171,0.75,0.28,0.5,0,0,0,3,0,0.0,0.305,1,Defaulted
U05720,23,Bachelor's,Employed,8337.0,1,A05720,13,rent,18,0.67,bachelor,2523.0,0.63,0.08,197,0.86,0.19,0.38,0,0,0,3,0,0.0873,0.2035,0,Successful Borrower
U05721,21,Diploma,Self-Employed,7302.0,1,A05721,36,owner,3,0.65,cert,2420.0,0.53,0.16,106,0.81,0.32,0.24,0,0,0,3,1,0.1372,0.2305,1,Defaulted
U05722,20,Bachelor's,Employed,9588.0,2,A05722,49,rent,24,0.57,bachelor,4258.0,0.53,0.11,223,0.74,0.34,0.45,0,0,0,2,0,0.1306,0.305,0,Successful Borrower
U05723,20,High School,Employed,7048.0,1,A05723,25,owner,4,0.57,highschool,3069.0,0.56,0.06,147,0.75,0.26,0.48,0,0,0,3,0,0.1584,0.2815,1,Defaulted
U05724,23,Bachelor's,Employed,10889.0,1,A05724,29,owner,0,0.33,bachelor,2272.0,0.69,0.07,229,0.88,0.23,0.27,0,0,0,3,0,0.1587,0.1775,0,Successful Borrower
U05725,26,Diploma,Student,3977.0,3,A05725,2,rent,11,0.42,cert,2584.0,0.65,0.21,0,0.56,0.43,0.61,0,0,0,2,3,0.1104,0.4455,1,Defaulted
U05726,25,Diploma,Employed,8181.0,2,A05726,18,rent,23,0.63,cert,4018.0,0.6,0.16,203,0.65,0.41,0.57,0,0,0,3,1,0.0756,0.3915,1,Defaulted
U05727,21,Master's,Unemployed,1798.0,1,A05727,3,rent,14,0.65,master,386.0,0.55,0.1,88,0.82,0.36,0.35,0,0,0,1,0,0.0971,0.2555,1,Defaulted
U05728,22,Bachelor's,Student,2659.0,2,A05728,4,rent,6,0.36,bachelor,704.0,0.63,0.07,57,0.8,0.25,0.42,0,0,0,1,1,0.1841,0.248,1,Defaulted
U05729,26,Bachelor's,Unemployed,1971.0,1,A05729,4,rent,15,0.57,bachelor,1253.0,0.56,0.19,31,0.59,0.48,0.59,0,0,0,1,0,0.0,0.4395,1,Defaulted
U05730,20,Bachelor's,Employed,6096.0,3,A05730,17,rent,16,0.52,bachelor,2622.0,0.58,0.06,88,0.74,0.38,0.4,0,0,0,0,1,0.1984,0.295,1,Defaulted
U05731,25,Master's,Employed,7745.0,2,A05731,60,rent,13,0.53,master,3267.0,0.48,0.09,202,0.81,0.31,0.44,0,0,0,2,1,0.0407,0.2675,0,Successful Borrower
U05732,26,Bachelor's,Employed,10653.0,2,A05732,26,owner,2,0.41,bachelor,2587.0,0.59,0.07,271,0.83,0.24,0.17,0,0,0,3,0,0.0017,0.1725,0,Successful Borrower
U05733,25,Bachelor's,Employed,9813.0,3,A05733,54,rent,11,0.33,bachelor,1213.0,0.67,0.03,309,0.95,0.16,0.09,0,0,0,3,0,0.0831,0.0845,0,Successful Borrower
U05734,22,Master's,Self-Employed,10058.0,1,A05734,36,rent,16,0.52,master,2297.0,0.59,0.1,216,0.91,0.17,0.22,0,0,0,2,0,0.0854,0.144,0,Successful Borrower
U05735,22,Bachelor's,Student,3524.0,3,A05735,6,rent,16,0.61,bachelor,1281.0,0.76,0.06,91,0.74,0.37,0.35,0,0,0,1,0,0.0518,0.28,0,Successful Borrower
U05736,20,Bachelor's,Employed,11045.0,2,A05736,32,rent,23,0.69,bachelor,4491.0,0.52,0.1,240,0.74,0.28,0.43,0,0,0,2,0,0.1004,0.2835,0,Successful Borrower
U05737,25,Diploma,Employed,7275.0,2,A05737,33,rent,24,0.6,cert,3727.0,0.66,0.15,109,0.71,0.32,0.36,0,0,0,3,0,0.1816,0.294,1,Defaulted
U05738,26,Master's,Employed,10379.0,2,A05738,49,owner,4,0.68,master,4027.0,0.71,0.09,222,0.8,0.38,0.34,0,0,0,3,0,0.1332,0.2635,1,Defaulted
U05739,24,Master's,Student,2586.0,1,A05739,12,none,2,0.58,master,1113.0,0.57,0.08,72,0.61,0.38,0.38,0,0,0,2,0,0.0191,0.3385,1,Defaulted
U05740,26,Bachelor's,Unemployed,3869.0,1,A05740,0,none,3,0.75,bachelor,2462.0,0.55,0.2,47,0.56,0.56,0.76,0,0,0,1,3,0.0626,0.514,1,Defaulted
U05741,21,Diploma,Employed,8261.0,3,A05741,21,rent,23,0.55,cert,4001.0,0.72,0.11,190,0.83,0.16,0.26,0,0,0,3,0,0.0574,0.181,0,Successful Borrower
U05742,23,High School,Employed,7206.0,2,A05742,41,owner,3,0.57,highschool,2640.0,0.61,0.05,148,0.95,0.13,0.3,0,0,0,2,1,0.124,0.1325,0,Successful Borrower
U05743,20,Master's,Employed,8037.0,2,A05743,33,rent,16,0.62,master,2963.0,0.39,0.1,189,0.79,0.26,0.39,0,0,0,3,0,0.0175,0.251,0,Successful Borrower
U05744,24,Diploma,Student,5096.0,2,A05744,12,rent,5,0.56,cert,1703.0,0.63,0.02,84,1.0,0.12,0.04,0,0,0,2,1,0.1452,0.043,0,Successful Borrower
U05745,26,Bachelor's,Employed,9463.0,3,A05745,9,owner,0,0.49,bachelor,4191.0,0.56,0.09,222,0.75,0.35,0.43,0,0,0,3,0,0.1652,0.296,0,Successful Borrower
U05746,26,Diploma,Employed,8841.0,3,A05746,17,owner,2,0.55,cert,6150.0,0.71,0.19,96,0.57,0.48,0.67,0,0,0,2,2,0.0449,0.4665,1,Defaulted
U05747,25,Bachelor's,Unemployed,3925.0,3,A05747,3,rent,14,0.4,bachelor,1214.0,0.48,0.07,151,0.91,0.29,0.12,0,1,0,3,0,0.1792,0.1445,0,Successful Borrower
U05748,20,High School,Employed,8907.0,3,A05748,44,rent,8,0.46,highschool,3402.0,0.65,0.12,124,0.7,0.31,0.46,0,1,0,3,0,0.1084,0.3155,1,Defaulted
U05749,22,Bachelor's,Student,3405.0,2,A05749,7,rent,17,0.52,bachelor,1538.0,0.53,0.14,97,0.75,0.29,0.43,0,0,0,1,1,0.0474,0.2885,1,Defaulted
U05750,23,Diploma,Student,2620.0,2,A05750,0,rent,6,0.35,cert,716.0,0.8,0.11,56,0.72,0.36,0.4,0,0,0,1,0,0.0599,0.3045,0,Successful Borrower
U05751,21,High School,Unemployed,2024.0,1,A05751,2,none,4,0.45,highschool,989.0,0.85,0.12,61,0.81,0.41,0.28,0,0,0,3,1,0.1131,0.257,0,Successful Borrower
U05752,26,Bachelor's,Unemployed,1792.0,2,A05752,1,rent,8,0.5,bachelor,1087.0,0.55,0.13,41,0.77,0.4,0.34,0,0,0,1,0,0.1466,0.285,1,Defaulted
U05753,23,Master's,Employed,7442.0,2,A05753,28,rent,14,0.53,master,3338.0,0.59,0.08,145,0.87,0.2,0.28,0,0,0,2,1,0.1314,0.1775,0,Successful Borrower
U05754,21,Bachelor's,Employed,9001.0,1,A05754,48,owner,4,0.49,bachelor,2433.0,0.53,0.02,255,0.97,0.23,0.11,0,0,0,2,1,0.0606,0.0985,0,Successful Borrower
U05755,22,Bachelor's,Employed,8335.0,1,A05755,36,owner,3,0.6,bachelor,4332.0,0.48,0.1,179,0.79,0.35,0.41,0,0,0,2,1,0.1369,0.2785,0,Successful Borrower
U05756,23,High School,Self-Employed,6742.0,3,A05756,5,owner,1,0.35,highschool,4118.0,0.67,0.22,145,0.6,0.35,0.5,0,0,0,2,2,0.0514,0.3855,0,Successful Borrower
U05757,24,High School,Self-Employed,10894.0,3,A05757,60,rent,17,0.56,highschool,2880.0,0.58,0.19,230,0.75,0.37,0.43,0,0,0,3,0,0.0398,0.316,0,Successful Borrower
U05758,22,Bachelor's,Employed,8759.0,2,A05758,56,rent,19,0.3,bachelor,4440.0,0.53,0.05,171,0.89,0.25,0.37,0,0,0,3,0,0.0286,0.201,0,Successful Borrower
U05759,26,Bachelor's,Student,3946.0,3,A05759,0,rent,10,0.57,bachelor,1214.0,0.75,0.09,46,0.66,0.35,0.46,0,0,0,2,1,0.1648,0.335,1,Defaulted
U05760,24,Bachelor's,Student,4788.0,2,A05760,4,none,2,0.51,bachelor,2836.0,0.7,0.13,100,0.74,0.34,0.37,0,0,0,2,0,0.0382,0.288,1,Defaulted
U05761,22,Bachelor's,Employed,7186.0,3,A05761,20,owner,2,0.52,bachelor,1802.0,0.51,0.05,239,0.97,0.12,0.17,0,0,0,3,0,0.0315,0.0905,0,Successful Borrower
U05762,22,Bachelor's,Employed,7149.0,3,A05762,34,none,4,0.78,bachelor,3352.0,0.64,0.09,159,0.88,0.27,0.32,0,0,0,1,1,0.1018,0.203,0,Successful Borrower
U05763,26,Bachelor's,Employed,7660.0,1,A05763,51,rent,22,0.74,bachelor,2559.0,0.68,0.1,203,0.83,0.25,0.33,0,0,0,2,0,0.0992,0.2195,0,Successful Borrower
U05764,26,Bachelor's,Student,4707.0,2,A05764,4,rent,24,0.55,bachelor,2232.0,0.64,0.11,95,0.74,0.31,0.46,0,0,0,2,0,0.0582,0.3,0,Successful Borrower
U05765,25,High School,Employed,6847.0,2,A05765,20,rent,8,0.44,highschool,1954.0,0.63,0.05,204,0.75,0.32,0.44,0,0,0,3,0,0.1297,0.285,0,Successful Borrower
U05766,26,High School,Employed,9355.0,1,A05766,57,rent,20,0.34,highschool,3829.0,0.51,0.16,203,0.74,0.31,0.36,0,0,0,3,1,0.1233,0.2825,1,Defaulted
U05767,26,Diploma,Student,2609.0,2,A05767,8,none,2,0.49,cert,1167.0,0.78,0.08,54,0.78,0.29,0.28,0,0,0,3,1,0.0454,0.2315,0,Successful Borrower
U05768,25,Bachelor's,Self-Employed,5433.0,2,A05768,11,owner,1,0.52,bachelor,1989.0,0.6,0.18,117,0.76,0.24,0.49,0,0,0,0,1,0.0,0.2935,0,Successful Borrower
U05769,25,Bachelor's,Student,4476.0,2,A05769,12,rent,15,0.3,bachelor,2406.0,0.59,0.06,87,0.85,0.24,0.18,0,0,0,2,0,0.2121,0.1665,0,Successful Borrower
U05770,22,High School,Employed,9248.0,1,A05770,44,owner,2,0.44,highschool,3892.0,0.59,0.09,155,0.75,0.38,0.43,0,0,0,2,0,0.057,0.3035,0,Successful Borrower
U05771,26,Bachelor's,Student,3944.0,1,A05771,0,none,4,0.53,bachelor,1574.0,0.64,0.09,36,0.8,0.28,0.26,0,0,0,1,0,0.0745,0.2185,0,Successful Borrower
U05772,20,Bachelor's,Employed,8597.0,3,A05772,12,owner,0,0.55,bachelor,5612.0,0.41,0.18,166,0.74,0.36,0.41,0,0,0,3,0,0.1713,0.3105,0,Successful Borrower
U05773,23,Bachelor's,Self-Employed,6221.0,3,A05773,6,owner,1,0.48,bachelor,2420.0,0.53,0.13,153,0.79,0.24,0.36,0,0,0,2,0,0.1497,0.243,0,Successful Borrower
U05774,22,Bachelor's,Employed,10256.0,1,A05774,21,rent,5,0.54,bachelor,3927.0,0.51,0.12,201,0.8,0.2,0.3,0,0,0,3,0,0.207,0.213,0,Successful Borrower
U05775,21,Diploma,Employed,6563.0,2,A05775,20,owner,3,0.39,cert,907.0,0.55,0.03,174,0.94,0.16,0.23,0,0,0,3,0,0.1333,0.123,0,Successful Borrower
U05776,23,Bachelor's,Employed,6128.0,1,A05776,57,rent,10,0.36,bachelor,3650.0,0.74,0.12,180,0.68,0.41,0.45,0,0,0,2,0,0.0287,0.345,0,Successful Borrower
U05777,26,Bachelor's,Self-Employed,6547.0,3,A05777,57,owner,4,0.3,bachelor,3317.0,0.68,0.17,98,0.69,0.32,0.44,0,0,0,2,2,0.1333,0.324,0,Successful Borrower
U05778,23,Bachelor's,Employed,7587.0,1,A05778,39,none,0,0.54,bachelor,3680.0,0.46,0.1,185,0.77,0.34,0.39,1,0,0,1,1,0.0736,0.278,0,Successful Borrower
U05779,26,Diploma,Employed,9747.0,1,A05779,55,none,4,0.55,cert,3825.0,0.64,0.05,219,0.8,0.33,0.34,0,0,0,2,1,0.1352,0.245,1,Defaulted
U05780,20,Bachelor's,Employed,10453.0,3,A05780,44,rent,9,0.57,bachelor,5204.0,0.65,0.1,184,0.59,0.51,0.52,0,0,0,2,1,0.0623,0.416,1,Defaulted
U05781,25,Master's,Employed,7930.0,1,A05781,20,rent,18,0.78,master,2283.0,0.64,0.08,187,0.91,0.25,0.26,0,0,0,2,0,0.1093,0.171,0,Successful Borrower
U05782,23,Bachelor's,Self-Employed,9143.0,3,A05782,48,owner,2,0.58,bachelor,3087.0,0.48,0.12,203,0.84,0.25,0.31,0,0,0,3,1,0.0,0.214,0,Successful Borrower
U05783,26,Diploma,Self-Employed,10134.0,1,A05783,23,rent,13,0.3,cert,2649.0,0.54,0.13,226,0.87,0.15,0.26,0,0,0,3,1,0.1001,0.1675,0,Successful Borrower
U05784,20,Bachelor's,Employed,6372.0,1,A05784,23,rent,10,0.47,bachelor,3195.0,0.55,0.05,161,0.74,0.34,0.47,0,0,0,2,0,0.0,0.301,1,Defaulted
U05785,24,Master's,Student,3483.0,2,A05785,12,rent,13,0.3,master,1152.0,0.55,0.04,73,0.82,0.35,0.33,0,0,0,2,0,0.1829,0.239,0,Successful Borrower
U05786,26,Master's,Unemployed,2325.0,1,A05786,2,rent,20,0.54,master,869.0,0.66,0.13,114,0.84,0.31,0.31,0,0,0,3,0,0.1247,0.2305,1,Defaulted
U05787,22,Bachelor's,Student,4767.0,3,A05787,12,rent,17,0.64,bachelor,2321.0,0.62,0.05,67,0.78,0.27,0.56,0,0,0,3,0,0.0,0.292,0,Successful Borrower
U05788,25,Bachelor's,Self-Employed,11392.0,2,A05788,54,owner,4,0.41,bachelor,5980.0,0.52,0.18,158,0.64,0.33,0.52,0,0,0,2,0,0.0,0.3655,1,Defaulted
U05789,21,Bachelor's,Self-Employed,8514.0,2,A05789,20,owner,2,0.42,bachelor,3595.0,0.6,0.16,169,0.81,0.22,0.33,0,0,0,1,0,0.1836,0.228,0,Successful Borrower
U05790,22,Master's,Employed,5627.0,1,A05790,10,rent,11,0.65,master,2262.0,0.48,0.08,173,0.84,0.27,0.28,0,0,0,3,1,0.1469,0.2055,0,Successful Borrower
U05791,24,Master's,Employed,6885.0,3,A05791,11,rent,5,0.51,master,3162.0,0.59,0.09,164,0.77,0.35,0.43,0,0,0,2,0,0.0504,0.289,1,Defaulted
U05792,23,Master's,Employed,7681.0,1,A05792,11,rent,12,0.6,master,3447.0,0.66,0.06,133,0.97,0.15,0.25,0,0,0,3,0,0.1975,0.1195,0,Successful Borrower
U05793,20,Bachelor's,Self-Employed,7358.0,2,A05793,54,owner,4,0.45,bachelor,2140.0,0.57,0.12,129,0.9,0.14,0.23,0,0,0,2,1,0.0,0.1455,0,Successful Borrower
U05794,24,High School,Unemployed,2869.0,1,A05794,3,rent,13,0.35,highschool,2311.0,0.68,0.22,49,0.68,0.51,0.44,0,0,0,0,2,0.0204,0.3825,1,Defaulted
U05795,22,High School,Unemployed,1512.0,2,A05795,3,rent,6,0.48,highschool,383.0,0.68,0.12,66,0.63,0.52,0.53,0,0,0,0,1,0.0539,0.41,1,Defaulted
U05796,25,Bachelor's,Student,3574.0,2,A05796,0,rent,13,0.43,bachelor,362.0,0.4,0.02,124,0.99,0.23,0.05,0,0,0,3,1,0.0507,0.0765,0,Successful Borrower
U05797,25,Bachelor's,Student,3994.0,2,A05797,3,rent,18,0.55,bachelor,1459.0,0.72,0.05,6,0.9,0.19,0.19,0,0,0,3,1,0.1697,0.1375,0,Successful Borrower
U05798,23,High School,Employed,7322.0,2,A05798,55,owner,0,0.51,highschool,3702.0,0.51,0.12,106,0.78,0.31,0.45,0,0,0,2,0,0.0,0.285,1,Defaulted
U05799,23,Bachelor's,Self-Employed,7135.0,2,A05799,45,rent,6,0.5,bachelor,4805.0,0.62,0.28,72,0.6,0.39,0.65,0,0,1,3,2,0.1057,0.442,1,Defaulted
U05800,26,Master's,Unemployed,2297.0,2,A05800,2,none,1,0.4,master,995.0,0.69,0.21,64,0.65,0.48,0.5,0,0,0,2,1,0.0,0.399,1,Defaulted
U05801,20,Bachelor's,Employed,9187.0,1,A05801,54,rent,21,0.49,bachelor,1235.0,0.62,0.02,277,1.0,0.08,0.0,0,0,0,3,0,0.1866,0.023,0,Successful Borrower
U05802,22,Master's,Employed,7919.0,1,A05802,18,rent,24,0.44,master,2807.0,0.51,0.07,170,0.72,0.31,0.36,0,0,0,2,0,0.1241,0.276,0,Successful Borrower
U05803,22,Master's,Employed,7282.0,1,A05803,42,rent,9,0.41,master,2284.0,0.42,0.05,154,0.86,0.23,0.18,0,0,0,2,0,0.1319,0.159,0,Successful Borrower
U05804,22,High School,Self-Employed,10604.0,3,A05804,49,none,4,0.55,highschool,4804.0,0.61,0.18,126,0.8,0.2,0.26,0,0,0,2,2,0.0547,0.212,0,Successful Borrower
U05805,21,Bachelor's,Employed,8584.0,3,A05805,25,rent,8,0.36,bachelor,2815.0,0.52,0.06,234,0.88,0.22,0.26,0,0,0,3,0,0.128,0.171,1,Defaulted
U05806,23,Bachelor's,Employed,7405.0,3,A05806,12,owner,1,0.54,bachelor,2677.0,0.63,0.05,188,0.8,0.34,0.4,0,0,0,3,0,0.1043,0.2625,0,Successful Borrower
U05807,25,High School,Unemployed,1812.0,2,A05807,0,rent,14,0.3,highschool,1053.0,0.56,0.16,57,0.63,0.5,0.44,0,0,0,2,2,0.0913,0.3885,0,Successful Borrower
U05808,20,Master's,Employed,8028.0,1,A05808,36,rent,14,0.34,master,1371.0,0.59,0.06,195,0.9,0.23,0.35,0,0,0,3,1,0.0347,0.189,0,Successful Borrower
U05809,20,Master's,Self-Employed,7391.0,3,A05809,38,rent,5,0.32,master,2811.0,0.56,0.16,111,0.82,0.23,0.37,0,0,0,3,1,0.1635,0.237,0,Successful Borrower
U05810,23,Diploma,Employed,7301.0,3,A05810,27,rent,17,0.39,cert,3007.0,0.64,0.11,179,0.78,0.21,0.35,0,0,1,3,2,0.0763,0.2335,0,Successful Borrower
U05811,24,Bachelor's,Unemployed,2022.0,1,A05811,6,rent,11,0.34,bachelor,872.0,0.47,0.16,60,0.76,0.35,0.46,0,0,0,1,1,0.1553,0.3105,0,Successful Borrower
U05812,26,Master's,Employed,6709.0,1,A05812,10,owner,1,0.56,master,1863.0,0.57,0.05,189,0.85,0.16,0.31,0,0,0,3,1,0.1484,0.1775,0,Successful Borrower
U05813,26,PhD,Employed,8652.0,1,A05813,45,rent,21,0.7,phd,3124.0,0.4,0.05,201,0.88,0.26,0.25,0,0,0,2,0,0.1343,0.177,0,Successful Borrower
U05814,26,Bachelor's,Employed,6882.0,3,A05814,8,owner,3,0.54,bachelor,680.0,0.56,0.06,242,0.8,0.31,0.32,0,0,0,3,1,0.1808,0.2365,0,Successful Borrower
U05815,24,Bachelor's,Student,3456.0,2,A05815,6,rent,11,0.55,bachelor,1376.0,0.6,0.07,77,0.83,0.35,0.22,0,0,0,2,1,0.1352,0.2125,0,Successful Borrower
U05816,25,Bachelor's,Self-Employed,10381.0,1,A05816,56,owner,0,0.6,bachelor,4251.0,0.58,0.18,200,0.67,0.41,0.49,0,0,0,3,1,0.0301,0.3675,1,Defaulted
U05817,23,Bachelor's,Employed,6792.0,3,A05817,47,rent,10,0.46,bachelor,3734.0,0.66,0.08,138,0.79,0.33,0.35,0,0,0,1,0,0.0,0.2555,1,Defaulted
U05818,21,Bachelor's,Employed,7576.0,1,A05818,42,owner,3,0.56,bachelor,2495.0,0.74,0.05,217,0.87,0.28,0.31,0,0,0,2,1,0.0,0.2005,0,Successful Borrower
U05819,21,High School,Self-Employed,8434.0,2,A05819,49,owner,0,0.58,highschool,2030.0,0.44,0.13,154,0.94,0.2,0.06,0,0,0,3,1,0.0184,0.1055,0,Successful Borrower
U05820,26,Bachelor's,Employed,7593.0,3,A05820,59,rent,12,0.51,bachelor,3292.0,0.6,0.14,126,0.73,0.37,0.49,0,0,0,2,1,0.0132,0.3305,1,Defaulted
U05821,24,Bachelor's,Employed,7295.0,2,A05821,20,rent,21,0.47,bachelor,2473.0,0.7,0.05,250,0.85,0.26,0.24,0,0,0,3,0,0.0761,0.185,0,Successful Borrower
U05822,21,Bachelor's,Student,4736.0,1,A05822,8,rent,24,0.56,bachelor,2354.0,0.68,0.09,47,0.71,0.33,0.42,0,0,0,1,1,0.0712,0.3025,0,Successful Borrower
U05823,26,High School,Employed,8675.0,2,A05823,43,none,4,0.5,highschool,2940.0,0.59,0.1,195,0.8,0.32,0.41,0,0,0,2,0,0.0,0.2675,0,Successful Borrower
U05824,26,Master's,Employed,7502.0,1,A05824,15,rent,5,0.7,master,4058.0,0.62,0.12,139,0.72,0.4,0.45,0,0,0,3,0,0.0,0.3285,1,Defaulted
U05825,23,Bachelor's,Employed,8864.0,1,A05825,8,rent,9,0.47,bachelor,4243.0,0.54,0.08,194,0.86,0.18,0.24,0,0,0,3,1,0.102,0.166,0,Successful Borrower
U05826,23,Diploma,Unemployed,2532.0,2,A05826,2,rent,13,0.31,cert,649.0,0.54,0.12,79,0.63,0.53,0.58,0,0,0,1,1,0.0091,0.425,1,Defaulted
U05827,22,Bachelor's,Self-Employed,7250.0,2,A05827,12,owner,2,0.63,bachelor,3642.0,0.51,0.15,112,0.83,0.27,0.36,0,0,0,3,0,0.0853,0.2395,0,Successful Borrower
U05828,20,Diploma,Employed,7933.0,2,A05828,33,none,1,0.6,cert,2803.0,0.61,0.14,137,0.63,0.45,0.6,0,0,0,3,2,0.138,0.413,0,Successful Borrower
U05829,24,High School,Employed,8721.0,1,A05829,23,rent,6,0.64,highschool,2270.0,0.56,0.09,161,0.88,0.23,0.25,0,0,0,3,1,0.0259,0.1755,0,Successful Borrower
U05830,26,Diploma,Unemployed,2524.0,1,A05830,0,rent,5,0.58,cert,1596.0,0.39,0.11,77,0.77,0.4,0.29,0,0,0,0,0,0.1316,0.2695,0,Successful Borrower
U05831,21,Bachelor's,Student,3771.0,1,A05831,8,none,1,0.44,bachelor,1630.0,0.57,0.14,97,0.75,0.35,0.39,0,0,0,2,1,0.0284,0.2935,0,Successful Borrower
U05832,25,Bachelor's,Employed,10179.0,3,A05832,47,rent,9,0.74,bachelor,2849.0,0.75,0.03,226,0.96,0.14,0.0,0,0,0,3,1,0.1021,0.0535,0,Successful Borrower
U05833,20,High School,Employed,6343.0,2,A05833,25,owner,2,0.53,highschool,2057.0,0.5,0.03,164,1.0,0.12,0.08,0,0,0,3,1,0.1512,0.0545,0,Successful Borrower
U05834,23,Bachelor's,Employed,9212.0,3,A05834,9,owner,4,0.53,bachelor,3213.0,0.53,0.1,268,0.83,0.29,0.27,0,0,0,2,1,0.0,0.2145,0,Successful Borrower
U05835,22,Bachelor's,Employed,6290.0,3,A05835,24,rent,21,0.54,bachelor,1724.0,0.65,0.04,203,0.95,0.2,0.26,0,0,0,3,0,0.1653,0.1385,0,Successful Borrower
U05836,21,Bachelor's,Student,3541.0,2,A05836,1,none,2,0.4,bachelor,1989.0,0.59,0.13,41,0.67,0.42,0.58,0,0,0,2,1,0.1643,0.385,0,Successful Borrower
U05837,25,Bachelor's,Employed,9845.0,2,A05837,57,rent,9,0.47,bachelor,4796.0,0.55,0.08,174,0.6,0.43,0.63,0,0,0,3,1,0.0189,0.417,1,Defaulted
U05838,24,Bachelor's,Employed,7218.0,2,A05838,14,rent,8,0.41,bachelor,1934.0,0.48,0.04,196,0.94,0.16,0.27,0,0,0,3,0,0.072,0.1345,0,Successful Borrower
U05839,23,Bachelor's,Employed,6772.0,2,A05839,19,owner,4,0.38,bachelor,4276.0,0.5,0.2,40,0.58,0.5,0.62,0,0,0,2,3,0.0881,0.457,1,Defaulted
U05840,26,Master's,Student,5218.0,1,A05840,7,rent,11,0.58,master,2420.0,0.64,0.05,65,0.87,0.15,0.2,0,0,0,3,0,0.0181,0.1405,0,Successful Borrower
U05841,22,High School,Employed,10062.0,1,A05841,38,owner,0,0.8,highschool,3281.0,0.43,0.06,207,0.8,0.34,0.39,0,0,0,2,0,0.1845,0.2615,0,Successful Borrower
U05842,26,Bachelor's,Employed,9515.0,2,A05842,7,owner,4,0.44,bachelor,4375.0,0.62,0.1,143,0.73,0.25,0.38,0,0,0,3,0,0.0,0.267,1,Defaulted
U05843,24,Master's,Employed,6062.0,2,A05843,10,rent,5,0.49,master,2663.0,0.76,0.08,186,0.78,0.32,0.44,0,0,0,2,0,0.1062,0.279,0,Successful Borrower
U05844,23,Diploma,Employed,10339.0,2,A05844,45,rent,4,0.61,cert,2453.0,0.61,0.02,198,0.99,0.18,0.19,0,0,1,2,1,0.0236,0.099,0,Successful Borrower
U05845,23,Diploma,Employed,8185.0,1,A05845,43,none,1,0.46,cert,3963.0,0.51,0.07,90,0.74,0.35,0.42,0,0,0,2,0,0.0954,0.294,1,Defaulted
U05846,23,Bachelor's,Self-Employed,4588.0,2,A05846,26,rent,9,0.46,bachelor,1841.0,0.72,0.18,75,0.68,0.34,0.44,0,0,0,1,0,0.0897,0.334,1,Defaulted
U05847,26,Bachelor's,Student,2196.0,1,A05847,5,rent,22,0.35,bachelor,936.0,0.61,0.03,73,0.82,0.4,0.36,0,0,0,3,0,0.14,0.2575,0,Successful Borrower
U05848,23,Bachelor's,Employed,10678.0,3,A05848,44,rent,15,0.72,bachelor,3380.0,0.65,0.06,203,0.85,0.22,0.36,0,0,0,3,1,0.0191,0.2065,0,Successful Borrower
U05849,20,High School,Unemployed,2554.0,3,A05849,1,rent,6,0.7,highschool,989.0,0.66,0.18,98,0.72,0.47,0.38,0,0,0,2,0,0.0617,0.3375,0,Successful Borrower
U05850,21,Bachelor's,Unemployed,3673.0,1,A05850,6,none,4,0.47,bachelor,2038.0,0.57,0.16,113,0.65,0.46,0.68,0,0,0,3,1,0.1689,0.4315,1,Defaulted
U05851,20,Bachelor's,Unemployed,2109.0,2,A05851,1,rent,17,0.49,bachelor,556.0,0.68,0.04,92,0.93,0.24,0.1,0,0,0,3,0,0.057,0.1155,0,Successful Borrower
U05852,26,Bachelor's,Employed,8625.0,1,A05852,40,rent,9,0.66,bachelor,2828.0,0.58,0.07,206,0.73,0.35,0.39,0,0,0,3,1,0.1033,0.29,0,Successful Borrower
U05853,25,Master's,Student,3629.0,3,A05853,3,rent,21,0.48,master,1415.0,0.76,0.12,73,0.78,0.3,0.36,0,0,0,2,1,0.0498,0.26,0,Successful Borrower
U05854,22,Master's,Employed,6228.0,3,A05854,27,rent,4,0.39,master,2096.0,0.59,0.08,175,0.81,0.31,0.3,0,0,0,3,1,0.1028,0.231,0,Successful Borrower
U05855,24,High School,Employed,8962.0,1,A05855,46,rent,16,0.66,highschool,6408.0,0.7,0.16,85,0.78,0.26,0.33,0,0,0,2,0,0.0,0.2485,0,Successful Borrower
U05856,25,Bachelor's,Employed,6185.0,3,A05856,9,rent,18,0.59,bachelor,4224.0,0.46,0.2,8,0.56,0.52,0.73,0,0,0,1,3,0.0825,0.4965,1,Defaulted
U05857,21,Diploma,Self-Employed,8339.0,2,A05857,23,rent,14,0.59,cert,4665.0,0.58,0.19,61,0.56,0.51,0.56,0,0,0,1,1,0.086,0.45,1,Defaulted
U05858,21,High School,Student,2732.0,3,A05858,12,rent,10,0.3,highschool,788.0,0.64,0.06,66,0.86,0.24,0.13,0,0,0,2,2,0.0358,0.1505,0,Successful Borrower
U05859,23,Master's,Student,3601.0,2,A05859,0,rent,4,0.34,master,1795.0,0.7,0.02,85,0.74,0.39,0.29,0,0,0,2,1,0.1045,0.264,0,Successful Borrower
U05860,23,Bachelor's,Employed,9260.0,2,A05860,41,rent,8,0.64,bachelor,2284.0,0.48,0.05,193,0.87,0.3,0.24,0,0,0,2,1,0.1308,0.188,0,Successful Borrower
U05861,21,Bachelor's,Unemployed,2399.0,3,A05861,3,rent,20,0.5,bachelor,787.0,0.62,0.1,30,0.74,0.45,0.39,0,0,0,1,0,0.0522,0.316,0,Successful Borrower
U05862,22,High School,Student,4262.0,3,A05862,6,rent,23,0.38,highschool,2012.0,0.85,0.12,133,0.74,0.33,0.44,0,0,0,3,0,0.1004,0.3015,1,Defaulted
U05863,24,Bachelor's,Employed,7725.0,2,A05863,31,none,2,0.51,bachelor,2641.0,0.65,0.09,179,0.71,0.36,0.55,0,0,0,2,1,0.0,0.3425,1,Defaulted
U05864,23,Bachelor's,Unemployed,1200.0,3,A05864,6,rent,9,0.4,bachelor,526.0,0.72,0.18,54,0.69,0.41,0.44,0,0,0,0,0,0.0521,0.348,0,Successful Borrower
U05865,23,Master's,Employed,6422.0,1,A05865,21,owner,2,0.73,master,2130.0,0.64,0.04,182,0.78,0.33,0.48,0,0,0,3,0,0.1814,0.2855,0,Successful Borrower
U05866,20,Diploma,Student,3724.0,2,A05866,6,rent,21,0.34,cert,2257.0,0.78,0.11,74,0.74,0.33,0.47,0,0,0,2,1,0.1202,0.3075,0,Successful Borrower
U05867,25,Bachelor's,Employed,8300.0,2,A05867,23,rent,12,0.4,bachelor,3919.0,0.48,0.12,168,0.74,0.34,0.41,0,0,0,2,1,0.0936,0.2965,0,Successful Borrower
U05868,24,Bachelor's,Unemployed,3501.0,3,A05868,5,rent,15,0.4,bachelor,2253.0,0.64,0.15,47,0.73,0.45,0.53,0,0,0,0,0,0.0759,0.362,0,Successful Borrower
U05869,23,Diploma,Employed,10671.0,1,A05869,19,rent,13,0.35,cert,6620.0,0.59,0.16,173,0.63,0.4,0.6,0,0,0,3,1,0.0057,0.4035,0,Successful Borrower
U05870,23,Master's,Self-Employed,8511.0,3,A05870,45,none,4,0.54,master,4501.0,0.67,0.17,117,0.69,0.26,0.4,0,0,0,3,0,0.0979,0.299,1,Defaulted
U05871,20,Master's,Employed,7257.0,2,A05871,38,rent,16,0.54,master,2174.0,0.61,0.09,168,0.79,0.31,0.39,0,0,0,3,1,0.0422,0.262,1,Defaulted
U05872,23,Bachelor's,Student,4139.0,3,A05872,2,none,2,0.33,bachelor,2602.0,0.68,0.06,66,0.77,0.29,0.31,0,0,0,2,1,0.1178,0.2395,0,Successful Borrower
U05873,26,High School,Employed,7905.0,3,A05873,60,rent,23,0.4,highschool,2621.0,0.5,0.13,116,0.72,0.34,0.48,0,0,0,1,2,0.0776,0.3225,1,Defaulted
U05874,22,High School,Student,5335.0,1,A05874,12,owner,0,0.8,highschool,2567.0,0.64,0.07,114,0.76,0.27,0.35,0,0,0,3,0,0.0,0.2495,0,Successful Borrower
U05875,21,High School,Employed,8370.0,3,A05875,11,rent,9,0.67,highschool,3533.0,0.56,0.07,170,0.75,0.31,0.46,0,0,0,3,0,0.0952,0.2905,0,Successful Borrower
U05876,23,Bachelor's,Self-Employed,6880.0,1,A05876,32,rent,5,0.56,bachelor,2054.0,0.49,0.14,144,0.9,0.26,0.26,0,0,0,3,1,0.1523,0.186,0,Successful Borrower
U05877,22,Master's,Employed,7981.0,3,A05877,21,owner,3,0.48,master,4159.0,0.58,0.11,153,0.8,0.29,0.37,0,0,0,2,1,0.0633,0.2515,0,Successful Borrower
U05878,26,High School,Employed,8633.0,2,A05878,42,rent,8,0.51,highschool,2932.0,0.43,0.09,187,0.88,0.23,0.24,0,0,0,3,1,0.1474,0.173,0,Successful Borrower
U05879,21,Master's,Self-Employed,6556.0,3,A05879,43,rent,16,0.3,master,2433.0,0.5,0.12,108,0.84,0.24,0.35,0,0,0,3,2,0.1927,0.2215,0,Successful Borrower
U05880,26,Diploma,Unemployed,1464.0,1,A05880,0,rent,7,0.53,cert,382.0,0.46,0.11,47,0.74,0.39,0.37,0,0,0,2,0,0.1483,0.2975,0,Successful Borrower
U05881,22,High School,Employed,8045.0,1,A05881,39,owner,3,0.69,highschool,3540.0,0.54,0.11,169,0.84,0.25,0.37,0,0,0,3,0,0.1024,0.2275,0,Successful Borrower
U05882,21,Diploma,Employed,9839.0,2,A05882,39,rent,21,0.73,cert,3315.0,0.77,0.05,218,1.0,0.14,0.14,0,0,0,3,0,0.0061,0.0775,0,Successful Borrower
U05883,24,Diploma,Employed,7452.0,3,A05883,12,none,2,0.71,cert,2892.0,0.53,0.07,159,0.84,0.2,0.29,0,0,0,3,0,0.067,0.189,0,Successful Borrower
U05884,20,Master's,Employed,9679.0,2,A05884,54,owner,3,0.54,master,3766.0,0.61,0.07,196,0.91,0.16,0.15,0,0,0,3,0,0.0853,0.1195,0,Successful Borrower
U05885,24,Diploma,Employed,8605.0,3,A05885,54,owner,0,0.57,cert,2437.0,0.53,0.06,234,0.87,0.26,0.23,0,0,0,3,1,0.1337,0.177,0,Successful Borrower
U05886,20,Bachelor's,Employed,7315.0,1,A05886,36,rent,17,0.72,bachelor,2081.0,0.52,0.1,199,0.82,0.22,0.35,0,0,0,2,1,0.1068,0.2205,0,Successful Borrower
U05887,21,Diploma,Self-Employed,9630.0,3,A05887,42,rent,14,0.59,cert,4504.0,0.68,0.16,125,0.81,0.23,0.3,0,0,0,3,1,0.1979,0.223,1,Defaulted
U05888,20,Diploma,Unemployed,1349.0,2,A05888,1,rent,15,0.4,cert,517.0,0.6,0.06,36,0.83,0.4,0.21,0,0,0,3,0,0.0291,0.221,0,Successful Borrower
U05889,23,Bachelor's,Unemployed,2238.0,1,A05889,0,rent,23,0.67,bachelor,1283.0,0.66,0.23,112,0.63,0.59,0.38,0,0,0,1,2,0.1056,0.4065,1,Defaulted
U05890,22,Bachelor's,Self-Employed,7544.0,2,A05890,56,rent,17,0.64,bachelor,2298.0,0.54,0.15,137,0.91,0.19,0.21,0,0,0,3,1,0.087,0.154,0,Successful Borrower
U05891,23,Diploma,Employed,9892.0,2,A05891,44,none,0,0.45,cert,3481.0,0.54,0.09,225,0.93,0.31,0.29,0,0,0,3,0,0.0,0.188,0,Successful Borrower
U05892,21,High School,Employed,6420.0,3,A05892,18,rent,19,0.56,highschool,3680.0,0.5,0.18,77,0.64,0.41,0.54,0,0,0,1,1,0.0361,0.3905,1,Defaulted
U05893,23,Master's,Student,1860.0,2,A05893,2,owner,2,0.49,master,1043.0,0.52,0.18,29,0.65,0.52,0.48,0,0,0,1,1,0.0964,0.3995,0,Successful Borrower
U05894,26,Bachelor's,Employed,8135.0,2,A05894,7,none,0,0.56,bachelor,2919.0,0.67,0.06,234,0.89,0.27,0.19,0,0,0,3,0,0.1576,0.1625,0,Successful Borrower
U05895,21,Bachelor's,Employed,7015.0,1,A05895,47,none,1,0.42,bachelor,4145.0,0.67,0.17,138,0.75,0.3,0.53,0,0,0,2,0,0.1327,0.3205,1,Defaulted
U05896,26,Master's,Student,3367.0,2,A05896,4,rent,15,0.44,master,1289.0,0.68,0.13,34,0.71,0.29,0.44,0,0,1,0,1,0.0834,0.3035,0,Successful Borrower
U05897,22,Bachelor's,Self-Employed,8866.0,3,A05897,39,rent,21,0.33,bachelor,3617.0,0.68,0.13,158,0.8,0.28,0.39,0,0,0,3,0,0.0946,0.257,0,Successful Borrower
U05898,24,Bachelor's,Employed,8508.0,2,A05898,48,rent,22,0.3,bachelor,2030.0,0.62,0.06,244,0.95,0.17,0.35,0,0,0,3,0,0.1431,0.1565,0,Successful Borrower
U05899,23,High School,Employed,10298.0,2,A05899,53,rent,23,0.65,highschool,1748.0,0.53,0.03,277,0.87,0.28,0.16,0,0,0,1,1,0.1484,0.16,0,Successful Borrower
U05900,23,Bachelor's,Student,3081.0,2,A05900,10,rent,13,0.38,bachelor,848.0,0.65,0.04,119,0.83,0.21,0.27,0,0,0,2,1,0.0612,0.1855,1,Defaulted
U05901,23,High School,Student,2631.0,2,A05901,12,rent,20,0.42,highschool,1802.0,0.82,0.15,0,0.61,0.54,0.63,0,0,0,1,2,0.0,0.4515,1,Defaulted
U05902,25,Bachelor's,Unemployed,2868.0,1,A05902,2,rent,18,0.52,bachelor,1604.0,0.55,0.2,64,0.56,0.57,0.7,1,0,0,0,2,0.2139,0.5015,1,Defaulted
U05903,22,High School,Student,3503.0,3,A05903,6,rent,13,0.66,highschool,1913.0,0.6,0.17,61,0.7,0.36,0.63,0,0,0,2,1,0.1131,0.378,1,Defaulted
U05904,22,Bachelor's,Employed,7209.0,2,A05904,47,rent,11,0.46,bachelor,2083.0,0.58,0.06,161,0.87,0.23,0.36,0,0,0,2,0,0.1452,0.202,0,Successful Borrower
U05905,23,Bachelor's,Student,3679.0,2,A05905,1,rent,8,0.35,bachelor,1446.0,0.79,0.03,91,0.86,0.28,0.31,0,0,0,3,0,0.0,0.201,0,Successful Borrower
U05906,26,Bachelor's,Self-Employed,8972.0,1,A05906,50,owner,4,0.61,bachelor,3341.0,0.54,0.11,190,0.87,0.25,0.35,0,0,0,3,0,0.0795,0.212,0,Successful Borrower
U05907,26,High School,Student,4068.0,2,A05907,0,rent,9,0.59,highschool,2105.0,0.78,0.07,105,0.87,0.28,0.16,0,0,0,3,1,0.1133,0.166,0,Successful Borrower
U05908,26,Diploma,Employed,9948.0,1,A05908,8,rent,11,0.63,cert,3552.0,0.61,0.05,251,1.0,0.12,0.16,0,0,0,2,0,0.0837,0.0775,0,Successful Borrower
U05909,20,Diploma,Self-Employed,8162.0,1,A05909,15,rent,7,0.4,cert,2900.0,0.61,0.2,154,0.69,0.4,0.6,0,0,0,2,1,0.0938,0.3885,1,Defaulted
U05910,23,Bachelor's,Student,3664.0,2,A05910,12,rent,17,0.41,bachelor,1179.0,0.71,0.02,99,0.9,0.29,0.06,0,0,0,3,1,0.1029,0.1255,0,Successful Borrower
U05911,25,Bachelor's,Employed,9791.0,1,A05911,15,none,3,0.46,bachelor,4835.0,0.54,0.14,166,0.66,0.33,0.53,0,0,0,2,0,0.119,0.355,1,Defaulted
U05912,20,Bachelor's,Employed,9554.0,2,A05912,25,owner,1,0.53,bachelor,4063.0,0.57,0.11,180,0.69,0.3,0.61,0,0,0,3,1,0.0933,0.3525,0,Successful Borrower
U05913,21,Bachelor's,Unemployed,3474.0,3,A05913,2,rent,5,0.76,bachelor,1260.0,0.49,0.14,92,0.8,0.47,0.35,0,0,0,2,0,0.1153,0.296,1,Defaulted
U05914,22,Bachelor's,Student,2446.0,3,A05914,0,none,4,0.35,bachelor,1514.0,0.65,0.07,37,0.75,0.35,0.44,0,0,0,1,1,0.1818,0.2955,1,Defaulted
U05915,22,Master's,Employed,9319.0,2,A05915,45,rent,12,0.5,master,1498.0,0.68,0.04,220,0.91,0.15,0.3,0,0,0,3,0,0.0974,0.15,0,Successful Borrower
U05916,23,Master's,Self-Employed,8025.0,2,A05916,3,owner,3,0.52,master,2427.0,0.6,0.12,226,0.85,0.28,0.22,0,0,0,3,0,0.0,0.1955,0,Successful Borrower
U05917,24,Bachelor's,Employed,8306.0,1,A05917,9,rent,9,0.53,bachelor,4322.0,0.68,0.1,115,0.69,0.41,0.47,0,0,0,2,0,0.0721,0.3435,1,Defaulted
U05918,26,Bachelor's,Self-Employed,11730.0,1,A05918,13,rent,16,0.72,bachelor,4158.0,0.51,0.13,240,0.87,0.22,0.34,0,0,0,3,0,0.1676,0.205,0,Successful Borrower
U05919,20,Bachelor's,Unemployed,1200.0,2,A05919,4,rent,17,0.49,bachelor,300.0,0.56,0.16,40,0.59,0.52,0.64,0,0,0,1,2,0.0612,0.4575,1,Defaulted
U05920,25,Bachelor's,Employed,8374.0,2,A05920,19,owner,1,0.5,bachelor,3226.0,0.72,0.05,219,0.91,0.13,0.31,0,0,0,3,1,0.0,0.149,0,Successful Borrower
U05921,25,Bachelor's,Employed,8289.0,2,A05921,21,rent,20,0.73,bachelor,1631.0,0.63,0.02,242,0.93,0.19,0.23,0,0,0,3,0,0.0505,0.1325,0,Successful Borrower
U05922,23,Bachelor's,Self-Employed,8840.0,2,A05922,26,owner,0,0.54,bachelor,3592.0,0.44,0.19,197,0.73,0.38,0.44,0,0,0,3,1,0.0099,0.328,1,Defaulted
U05923,21,Diploma,Self-Employed,8397.0,3,A05923,15,rent,12,0.46,cert,2553.0,0.75,0.12,165,0.71,0.41,0.41,0,0,1,2,0,0.0507,0.3245,0,Successful Borrower
U05924,25,Master's,Employed,11793.0,2,A05924,51,owner,1,0.48,master,3092.0,0.61,0.04,242,0.81,0.32,0.24,0,0,0,3,0,0.1407,0.2125,1,Defaulted
U05925,20,Master's,Employed,4744.0,3,A05925,39,none,4,0.3,master,3264.0,0.56,0.12,58,0.73,0.27,0.35,0,0,0,3,0,0.0,0.2675,0,Successful Borrower
U05926,23,Bachelor's,Employed,8165.0,3,A05926,18,rent,22,0.43,bachelor,3697.0,0.52,0.09,169,0.78,0.24,0.39,0,0,0,3,1,0.0227,0.248,0,Successful Borrower
U05927,23,Bachelor's,Student,2322.0,3,A05927,1,rent,23,0.45,bachelor,494.0,0.66,0.09,75,0.86,0.29,0.19,0,0,0,3,0,0.0233,0.1825,0,Successful Borrower
U05928,24,Diploma,Employed,9477.0,2,A05928,48,owner,3,0.39,cert,1954.0,0.49,0.07,281,0.82,0.32,0.34,0,0,0,3,0,0.0822,0.2385,0,Successful Borrower
U05929,21,Bachelor's,Self-Employed,8660.0,1,A05929,18,rent,17,0.6,bachelor,2409.0,0.6,0.11,160,0.9,0.2,0.1,0,0,0,3,1,0.0728,0.1265,0,Successful Borrower
U05930,24,Bachelor's,Self-Employed,6970.0,1,A05930,26,rent,15,0.48,bachelor,1705.0,0.62,0.12,143,0.85,0.26,0.2,0,0,0,2,0,0.0148,0.1855,0,Successful Borrower
U05931,22,Bachelor's,Student,2733.0,2,A05931,9,rent,22,0.56,bachelor,624.0,0.68,0.05,71,0.86,0.22,0.32,0,0,0,1,0,0.0754,0.1915,0,Successful Borrower
U05932,24,Master's,Employed,9126.0,1,A05932,56,rent,4,0.67,master,2774.0,0.78,0.05,237,0.75,0.37,0.42,0,0,0,3,0,0.1061,0.2925,0,Successful Borrower
U05933,20,Bachelor's,Employed,9986.0,1,A05933,47,rent,24,0.57,bachelor,2543.0,0.53,0.02,249,0.95,0.12,0.23,0,0,0,2,0,0.0272,0.108,0,Successful Borrower
U05934,20,High School,Student,4294.0,2,A05934,10,rent,7,0.48,highschool,1644.0,0.73,0.04,104,0.82,0.29,0.32,0,0,0,1,1,0.127,0.2215,0,Successful Borrower
U05935,20,Bachelor's,Self-Employed,12293.0,1,A05935,49,owner,1,0.53,bachelor,2804.0,0.45,0.12,230,0.81,0.25,0.27,0,0,0,3,0,0.0,0.2145,0,Successful Borrower
U05936,20,Bachelor's,Employed,9478.0,3,A05936,47,owner,2,0.38,bachelor,3699.0,0.51,0.13,177,0.72,0.38,0.51,0,0,0,3,1,0.1215,0.34,1,Defaulted
U05937,26,High School,Student,1615.0,1,A05937,6,owner,4,0.3,highschool,589.0,0.74,0.08,75,0.84,0.24,0.35,0,1,0,1,1,0.1443,0.2155,0,Successful Borrower
U05938,23,Bachelor's,Employed,8477.0,2,A05938,40,rent,11,0.73,bachelor,5598.0,0.67,0.22,66,0.62,0.45,0.72,0,0,1,3,2,0.1018,0.4585,1,Defaulted
U05939,22,Bachelor's,Employed,4768.0,1,A05939,14,owner,0,0.63,bachelor,2928.0,0.59,0.19,36,0.63,0.41,0.61,0,1,0,2,1,0.1093,0.413,0,Successful Borrower
U05940,24,Bachelor's,Employed,6014.0,1,A05940,16,none,4,0.59,bachelor,1926.0,0.45,0.07,183,0.86,0.16,0.27,0,0,0,3,1,0.0,0.167,0,Successful Borrower
U05941,20,Master's,Self-Employed,8210.0,1,A05941,27,rent,24,0.74,master,2429.0,0.55,0.16,212,0.79,0.29,0.38,0,0,0,3,2,0.1191,0.265,1,Defaulted
U05942,20,Bachelor's,Student,2274.0,2,A05942,11,rent,4,0.63,bachelor,1322.0,0.6,0.18,49,0.61,0.39,0.55,0,0,0,2,0,0.1472,0.3985,0,Successful Borrower
U05943,21,High School,Student,5125.0,3,A05943,2,owner,3,0.44,highschool,2483.0,0.69,0.06,124,0.88,0.22,0.19,0,0,0,3,1,0.062,0.1535,0,Successful Borrower
U05944,26,Bachelor's,Employed,9453.0,2,A05944,45,rent,9,0.5,bachelor,3878.0,0.34,0.08,152,0.77,0.43,0.49,0,0,0,2,0,0.0633,0.3225,0,Successful Borrower
U05945,22,Bachelor's,Unemployed,3048.0,3,A05945,5,rent,8,0.6,bachelor,1059.0,0.68,0.13,145,0.8,0.39,0.33,0,0,0,3,1,0.0097,0.2695,0,Successful Borrower
U05946,23,Bachelor's,Employed,10843.0,3,A05946,59,rent,11,0.39,bachelor,5728.0,0.51,0.11,125,0.65,0.35,0.43,0,0,0,3,0,0.0327,0.334,1,Defaulted
U05947,26,Bachelor's,Employed,6975.0,3,A05947,46,rent,18,0.53,bachelor,3165.0,0.57,0.07,144,0.82,0.24,0.4,0,0,0,2,0,0.0,0.2335,0,Successful Borrower
U05948,20,Bachelor's,Employed,6244.0,1,A05948,43,owner,1,0.62,bachelor,3494.0,0.63,0.09,191,0.81,0.38,0.36,0,0,0,3,1,0.0,0.265,0,Successful Borrower
U05949,21,Diploma,Employed,9872.0,3,A05949,12,rent,6,0.69,cert,3537.0,0.49,0.06,205,0.78,0.24,0.44,0,0,0,3,0,0.0781,0.256,0,Successful Borrower
U05950,21,Bachelor's,Student,3917.0,3,A05950,6,rent,10,0.4,bachelor,1816.0,0.67,0.11,85,0.85,0.14,0.3,0,0,0,0,0,0.1076,0.179,0,Successful Borrower
U05951,23,High School,Self-Employed,9518.0,3,A05951,36,owner,1,0.5,highschool,4769.0,0.6,0.15,168,0.77,0.3,0.41,0,0,0,2,0,0.043,0.2805,1,Defaulted
U05952,26,Master's,Self-Employed,7112.0,2,A05952,50,rent,22,0.64,master,2562.0,0.52,0.12,173,0.92,0.16,0.28,0,0,0,3,1,0.0326,0.156,0,Successful Borrower
U05953,20,Bachelor's,Employed,9615.0,2,A05953,49,owner,4,0.31,bachelor,1957.0,0.35,0.09,310,0.72,0.36,0.49,0,0,0,1,0,0.0,0.324,0,Successful Borrower
U05954,20,Diploma,Self-Employed,4249.0,1,A05954,44,owner,1,0.58,cert,2171.0,0.51,0.14,125,0.75,0.26,0.38,0,0,0,3,1,0.1133,0.2685,1,Defaulted
U05955,24,Bachelor's,Self-Employed,12725.0,2,A05955,52,rent,22,0.63,bachelor,1647.0,0.55,0.13,281,0.84,0.14,0.22,0,0,0,3,1,0.1034,0.1655,0,Successful Borrower
U05956,20,Bachelor's,Unemployed,2400.0,3,A05956,6,rent,12,0.5,bachelor,735.0,0.56,0.14,49,0.69,0.47,0.44,0,0,0,2,0,0.0,0.357,1,Defaulted
U05957,24,High School,Employed,8250.0,3,A05957,17,rent,15,0.65,highschool,2515.0,0.48,0.07,169,0.79,0.33,0.36,0,0,0,3,0,0.0966,0.2565,1,Defaulted
U05958,26,Bachelor's,Employed,9172.0,1,A05958,42,owner,0,0.83,bachelor,2228.0,0.52,0.05,213,0.94,0.26,0.05,0,0,0,3,1,0.0304,0.106,0,Successful Borrower
U05959,20,Master's,Student,2396.0,2,A05959,10,rent,9,0.32,master,1835.0,0.58,0.23,29,0.56,0.53,0.72,0,0,0,0,3,0.0322,0.501,1,Defaulted
U05960,21,Diploma,Student,3781.0,2,A05960,12,none,4,0.62,cert,2464.0,0.67,0.14,68,0.6,0.46,0.56,0,0,0,2,0,0.1657,0.416,1,Defaulted
U05961,23,Diploma,Employed,10658.0,2,A05961,21,rent,11,0.42,cert,6011.0,0.59,0.12,131,0.58,0.5,0.67,0,0,0,2,2,0.0592,0.4575,1,Defaulted
U05962,25,Bachelor's,Student,4485.0,3,A05962,3,rent,23,0.5,bachelor,1489.0,0.61,0.02,155,0.8,0.33,0.32,0,0,0,3,0,0.1859,0.2355,1,Defaulted
U05963,22,Diploma,Employed,8658.0,2,A05963,51,owner,2,0.3,cert,5293.0,0.65,0.21,96,0.65,0.45,0.58,0,0,0,3,2,0.1334,0.4115,1,Defaulted
U05964,26,High School,Self-Employed,10597.0,1,A05964,50,owner,2,0.61,highschool,2772.0,0.6,0.19,239,0.67,0.37,0.56,0,0,0,2,0,0.0465,0.3765,0,Successful Borrower
U05965,24,High School,Employed,8949.0,3,A05965,60,rent,17,0.36,highschool,4936.0,0.53,0.12,146,0.58,0.41,0.8,0,0,0,3,1,0.0,0.4675,1,Defaulted
U05966,24,Master's,Employed,8311.0,2,A05966,39,rent,13,0.56,master,1080.0,0.61,0.05,221,0.95,0.14,0.21,0,0,0,3,0,0.0705,0.1125,0,Successful Borrower
U05967,24,Bachelor's,Employed,6914.0,1,A05967,51,rent,9,0.72,bachelor,2083.0,0.57,0.06,186,0.92,0.19,0.2,0,0,0,3,0,0.1857,0.1345,0,Successful Borrower
U05968,26,Bachelor's,Student,4353.0,2,A05968,3,owner,0,0.42,bachelor,2001.0,0.66,0.12,91,0.81,0.39,0.39,0,0,0,1,0,0.0684,0.2795,1,Defaulted
U05969,25,Diploma,Self-Employed,8180.0,2,A05969,39,rent,22,0.89,cert,2568.0,0.53,0.14,179,0.86,0.27,0.36,0,0,0,3,0,0.149,0.2275,0,Successful Borrower
U05970,24,High School,Student,3604.0,2,A05970,5,rent,20,0.62,highschool,1913.0,0.76,0.09,91,0.78,0.31,0.37,0,0,0,3,0,0.0,0.2605,1,Defaulted
U05971,24,Bachelor's,Employed,6983.0,2,A05971,15,rent,4,0.52,bachelor,3612.0,0.59,0.04,107,0.95,0.06,0.12,0,0,0,3,1,0.0449,0.0685,0,Successful Borrower
U05972,24,Diploma,Unemployed,2988.0,2,A05972,3,rent,16,0.3,cert,2574.0,0.7,0.26,26,0.56,0.62,0.7,0,0,0,2,2,0.0,0.523,1,Defaulted
U05973,25,Bachelor's,Self-Employed,9000.0,2,A05973,17,none,3,0.44,bachelor,3455.0,0.51,0.13,216,0.85,0.22,0.21,0,0,0,2,0,0.1057,0.1795,0,Successful Borrower
U05974,21,High School,Employed,11294.0,2,A05974,60,rent,18,0.3,highschool,2032.0,0.68,0.06,294,1.0,0.07,0.13,0,0,0,2,0,0.153,0.059,0,Successful Borrower
U05975,23,Master's,Student,4594.0,3,A05975,4,owner,3,0.58,master,2802.0,0.62,0.12,103,0.71,0.31,0.38,0,0,0,3,0,0.1872,0.292,0,Successful Borrower
U05976,24,High School,Employed,8355.0,2,A05976,10,none,0,0.63,highschool,2260.0,0.6,0.03,201,0.91,0.19,0.22,0,0,0,3,0,0.0003,0.1385,0,Successful Borrower
U05977,21,Diploma,Employed,7492.0,2,A05977,12,rent,24,0.57,cert,4576.0,0.65,0.16,64,0.62,0.44,0.58,0,1,0,1,0,0.1056,0.412,1,Defaulted
U05978,23,Master's,Self-Employed,6278.0,3,A05978,38,owner,3,0.49,master,2389.0,0.68,0.17,180,0.82,0.24,0.25,0,0,0,3,0,0.1181,0.211,0,Successful Borrower
U05979,21,Bachelor's,Employed,6492.0,2,A05979,38,rent,8,0.44,bachelor,2705.0,0.5,0.07,198,0.77,0.31,0.48,0,0,0,3,1,0.0844,0.2885,0,Successful Borrower
U05980,20,Bachelor's,Employed,8838.0,2,A05980,52,owner,0,0.52,bachelor,3531.0,0.48,0.13,217,0.82,0.17,0.37,0,0,0,3,1,0.1575,0.2175,0,Successful Borrower
U05981,20,Bachelor's,Student,4291.0,2,A05981,2,none,0,0.72,bachelor,1496.0,0.72,0.09,53,0.73,0.27,0.42,0,0,0,2,2,0.0627,0.2805,1,Defaulted
U05982,24,Master's,Employed,8803.0,3,A05982,55,owner,1,0.57,master,3873.0,0.62,0.12,174,0.68,0.34,0.54,1,0,0,3,1,0.0578,0.35,1,Defaulted
U05983,21,Master's,Employed,8176.0,1,A05983,32,rent,16,0.65,master,2369.0,0.59,0.04,241,0.89,0.25,0.26,0,0,0,3,1,0.0263,0.172,0,Successful Borrower
U05984,25,Master's,Self-Employed,8233.0,2,A05984,35,owner,0,0.48,master,3851.0,0.53,0.11,160,0.92,0.09,0.32,0,0,0,3,1,0.0474,0.147,0,Successful Borrower
U05985,26,Bachelor's,Student,2804.0,2,A05985,6,owner,2,0.68,bachelor,2251.0,0.68,0.18,75,0.56,0.47,0.67,0,0,1,0,2,0.0818,0.466,1,Defaulted
U05986,21,Bachelor's,Self-Employed,9303.0,1,A05986,24,owner,4,0.41,bachelor,3751.0,0.57,0.16,206,0.88,0.29,0.26,0,0,0,2,0,0.0285,0.2035,0,Successful Borrower
U05987,20,Diploma,Employed,10376.0,3,A05987,24,owner,2,0.51,cert,3438.0,0.7,0.08,257,0.7,0.42,0.49,0,0,0,3,0,0.1302,0.3445,0,Successful Borrower
U05988,25,High School,Employed,7843.0,2,A05988,40,rent,4,0.3,highschool,2655.0,0.63,0.08,223,0.8,0.31,0.39,0,0,0,3,0,0.1201,0.257,1,Defaulted
U05989,24,Diploma,Self-Employed,9998.0,2,A05989,53,rent,14,0.41,cert,4780.0,0.57,0.2,154,0.74,0.24,0.29,0,0,0,3,2,0.0693,0.2535,0,Successful Borrower
U05990,20,Bachelor's,Student,3381.0,2,A05990,4,none,4,0.4,bachelor,1329.0,0.43,0.06,78,0.73,0.31,0.39,0,0,0,3,1,0.2418,0.2785,0,Successful Borrower
U05991,25,Bachelor's,Self-Employed,9075.0,3,A05991,52,owner,4,0.33,bachelor,3801.0,0.58,0.14,111,0.74,0.3,0.45,0,1,0,2,0,0.0251,0.2995,1,Defaulted
U05992,25,Master's,Employed,9470.0,2,A05992,26,rent,12,0.81,master,3121.0,0.65,0.07,222,0.77,0.32,0.37,0,0,0,2,0,0.1142,0.2635,0,Successful Borrower
U05993,21,High School,Employed,7770.0,1,A05993,26,owner,1,0.72,highschool,4070.0,0.71,0.13,177,0.77,0.28,0.38,0,0,0,2,0,0.0296,0.265,1,Defaulted
U05994,22,High School,Employed,7969.0,2,A05994,48,none,0,0.7,highschool,2750.0,0.6,0.02,210,0.83,0.25,0.24,0,0,0,3,0,0.1916,0.185,0,Successful Borrower
U05995,22,Master's,Employed,10147.0,3,A05995,18,owner,4,0.59,master,4563.0,0.45,0.11,186,0.61,0.52,0.42,0,0,0,1,2,0.0394,0.388,0,Successful Borrower
U05996,26,Master's,Employed,7766.0,2,A05996,51,rent,19,0.57,master,3547.0,0.63,0.1,93,0.62,0.42,0.74,0,0,0,2,1,0.0819,0.438,1,Defaulted
U05997,22,Master's,Student,3353.0,2,A05997,5,rent,15,0.43,master,1176.0,0.51,0.04,103,0.93,0.21,0.24,0,0,0,3,1,0.0676,0.143,0,Successful Borrower
U05998,26,Bachelor's,Self-Employed,8092.0,1,A05998,32,rent,18,0.66,bachelor,3743.0,0.48,0.22,95,0.67,0.33,0.63,0,1,0,2,2,0.0848,0.3885,1,Defaulted
U05999,24,Bachelor's,Employed,8575.0,2,A05999,43,rent,16,0.62,bachelor,3675.0,0.48,0.11,154,0.82,0.32,0.22,0,0,0,3,1,0.1704,0.2145,1,Defaulted
U06000,20,Bachelor's,Self-Employed,6321.0,1,A06000,13,rent,9,0.65,bachelor,4119.0,0.53,0.24,68,0.75,0.32,0.39,0,0,0,3,0,0.0693,0.301,1,Defaulted
